lagsnavn,orgnr,kommune,fylke,adresse,postnummer,poststed,nettstad,kjelde_type,kjelde_url,liste,henta_dato
LONGYEARBYEN SELVSTYRT UNGDOMSHUS,923881247,SVALBARD,,Vei 227 1,9170,LONGYEARBYEN,,brreg,https://data.brreg.no/enhetsregisteret/oppslag/enheter/923881247,ungdomslag,2026-04-28
MENTAL HELSE UNGDOM SVALBARD,935786231,SVALBARD,,Vei 238 42,9170,LONGYEARBYEN,,brreg,https://data.brreg.no/enhetsregisteret/oppslag/enheter/935786231,"ungdomslag,bygdelag",2026-04-28
ARENDAL BARNE- OG UNGDOMSTEATER,929383206,ARENDAL,Agder,Grasåsen 29,4846,ARENDAL,,brreg,https://data.brreg.no/enhetsregisteret/oppslag/enheter/929383206,ungdomslag,2026-04-28
AUST-AGDER UL,986136681,ARENDAL,Agder,"c/o Torgeir T. Fiane, Gamle Risevei 26",4821,RYKENE,https://www.facebook.com/austagderul/,brreg,https://data.brreg.no/enhetsregisteret/oppslag/enheter/986136681,ungdomslag,2026-04-28
AUSTRE MOLAND UNGDOMS OG IDRETTSLAG (A.M.U.I.L),977085691,ARENDAL,Agder,Haugenesveien 15,4849,ARENDAL,https://www.amil.no,brreg,https://data.brreg.no/enhetsregisteret/oppslag/enheter/977085691,"ungdomslag,bygdelag",2026-04-28
FOLKEVERKSTEDET - DET URBANE GRENDEHUS,928833720,ARENDAL,Agder,Munkegaten 4,4838,ARENDAL,https://FolkeverkstedArendal.no,brreg,https://data.brreg.no/enhetsregisteret/oppslag/enheter/928833720,grendelag,2026-04-28
GÅSÅSEN GRENDELAG,976537564,ARENDAL,Agder,Mågeveien 35,4847,ARENDAL,,brreg,https://data.brreg.no/enhetsregisteret/oppslag/enheter/976537564,grendelag,2026-04-28
KREATIV UNGDOM,914911141,ARENDAL,Agder,"c/o Joachim Øren, Joåsveien 31",4846,ARENDAL,,brreg,https://data.brreg.no/enhetsregisteret/oppslag/enheter/914911141,"ungdomslag,bygdelag",2026-04-28
MOLAND BYGDEKVINNELAG,875631632,ARENDAL,Agder,"c/o Hilda Skjulestad, Molandsveien 865",4849,ARENDAL,,brreg,https://data.brreg.no/enhetsregisteret/oppslag/enheter/875631632,bygdelag,2026-04-28
MYRA UNGDOMS OG IDRETTSLAG,975644979,ARENDAL,Agder,Eskestølveien 269,4848,ARENDAL,https://www.muil.no,brreg,https://data.brreg.no/enhetsregisteret/oppslag/enheter/975644979,"ungdomslag,bygdelag",2026-04-28
NIDELV UNGDOMSLAG,975632458,ARENDAL,Agder,"Nidelv Ungdomslag, co/Irene Hegge Guttormsen, Lunderød 10",4824,BJORBEKK,https://www.nidelvul.no,brreg,https://data.brreg.no/enhetsregisteret/oppslag/enheter/975632458,ungdomslag,2026-04-28
RISE OG LØDDESØL UL,875632442,ARENDAL,Agder,Gamle Risevei 106,4821,RYKENE,https://www.facebook.com/riseogloddesolul/,brreg,https://data.brreg.no/enhetsregisteret/oppslag/enheter/875632442,ungdomslag,2026-04-28
SOMALISK ORGANISASJON FOR BARN OG UNGDOMS RETTIGHETER,919324260,ARENDAL,Agder,"c/o Mahiye Abdinur Yusuf, Springklev 2",4838,ARENDAL,,brreg,https://data.brreg.no/enhetsregisteret/oppslag/enheter/919324260,"ungdomslag,bygdelag",2026-04-28
STUENES GARASJEN UNGDOMSKLUBB,813151952,ARENDAL,Agder,"c/o Jan Gunnar Halvorsen, Helleskogen 8",4810,EYDEHAVN,,brreg,https://data.brreg.no/enhetsregisteret/oppslag/enheter/813151952,ungdomslag,2026-04-28
TERNEHOLMEN GRENDELAG,995915324,ARENDAL,Agder,"C/O Lene Stensland, Terneholmen 29",4839,ARENDAL,https://Terneholmen.no,brreg,https://data.brreg.no/enhetsregisteret/oppslag/enheter/995915324,grendelag,2026-04-28
TREFOLDIGHET UNGDOMSKANTORI,926393715,ARENDAL,Agder,Friergangen 2,4836,ARENDAL,,brreg,https://data.brreg.no/enhetsregisteret/oppslag/enheter/926393715,ungdomslag,2026-04-28
VOLUM UNGDOM,934173155,ARENDAL,Agder,Vestre Bievei 2,4825,ARENDAL,,brreg,https://data.brreg.no/enhetsregisteret/oppslag/enheter/934173155,"ungdomslag,bygdelag",2026-04-28
ØYESTAD MEKKERI OG UNGDOMSKLUBB,919914793,ARENDAL,Agder,Munkestø 1,4823,NEDENES,,brreg,https://data.brreg.no/enhetsregisteret/oppslag/enheter/919914793,ungdomslag,2026-04-28
BIRKENES BYGDEKOR,976221826,BIRKENES,Agder,"c/o Solfrid Vestøl, Nordåsvegen 44",4760,BIRKELAND,,brreg,https://data.brreg.no/enhetsregisteret/oppslag/enheter/976221826,bygdelag,2026-04-28
BIRKENES UNGDOMSLAG,885780792,BIRKENES,Agder,"c/o Iren Herdis Sommerset, Mjølemonen 26",4658,TVEIT,,brreg,https://data.brreg.no/enhetsregisteret/oppslag/enheter/885780792,ungdomslag,2026-04-28
STIFTELSEN BIRKENES BYGDEMUSEUM STI,977112281,BIRKENES,Agder,Tveideveien 284D,4760,BIRKELAND,,brreg,https://data.brreg.no/enhetsregisteret/oppslag/enheter/977112281,bygdelag,2026-04-28
VEGUSDAL GRENDE OG BEDEHUS,920769101,BIRKENES,Agder,Evjeveien 2244,4735,EVJE,,brreg,https://data.brreg.no/enhetsregisteret/oppslag/enheter/920769101,grendelag,2026-04-28
ÅS GRENDELAG,924185856,BIRKENES,Agder,"v/ Margrete Svaland Grødum, Svalandsveien 131",4760,BIRKELAND,,brreg,https://data.brreg.no/enhetsregisteret/oppslag/enheter/924185856,grendelag,2026-04-28
BYGLAND GRENDELAG,927299887,BYGLAND,Agder,"c/o Leif Sigurd Helle, Prestlidi sør 6",4745,BYGLAND,,brreg,https://data.brreg.no/enhetsregisteret/oppslag/enheter/927299887,grendelag,2026-04-28
BYGLAND UNGDOMSLAG,995284669,BYGLAND,Agder,"c/o Jonathan Larsson Lea, Prestlidi sør 26",4745,BYGLAND,,brreg,https://data.brreg.no/enhetsregisteret/oppslag/enheter/995284669,ungdomslag,2026-04-28
BYGLANDSFJORD GRENDELAG,917873119,BYGLAND,Agder,"c/o Ånund Faremo, Hampetjønnvegen 22",4741,BYGLANDSFJORD,,brreg,https://data.brreg.no/enhetsregisteret/oppslag/enheter/917873119,grendelag,2026-04-28
FORENINGEN BYGLANDSFJORD BYGDEBOK,927027771,BYGLAND,Agder,"c/o Hallvard Lauvdal, Nutensgate 13",4741,BYGLANDSFJORD,,brreg,https://data.brreg.no/enhetsregisteret/oppslag/enheter/927027771,bygdelag,2026-04-28
GRENDI BYGDEUTVAL,922341664,BYGLAND,Agder,Hovstadvegen 28,4742,GRENDI,,brreg,https://data.brreg.no/enhetsregisteret/oppslag/enheter/922341664,grendelag,2026-04-28
NYSTØYL GREND 2-10 VELFORENING,931509004,BYKLE,Agder,Nystøyl Grend 6,4755,HOVDEN I SETESDAL,,brreg,https://data.brreg.no/enhetsregisteret/oppslag/enheter/931509004,grendelag,2026-04-28
TRYDAL GRENDELAG,918749810,BYKLE,Agder,Trydalsvegen 1,4754,BYKLE,,brreg,https://data.brreg.no/enhetsregisteret/oppslag/enheter/918749810,grendelag,2026-04-28
BYGLAND BYGDEKVINNELAG,994787764,EVJE OG HORNNES,Agder,Senumsvegen 1050,4741,BYGLANDSFJORD,,brreg,https://data.brreg.no/enhetsregisteret/oppslag/enheter/994787764,bygdelag,2026-04-28
LISTA BYGDEKVINNELAG,995446707,FARSUND,Agder,"v/ Astrid Reve, Kviljo",4550,FARSUND,,brreg,https://data.brreg.no/enhetsregisteret/oppslag/enheter/995446707,bygdelag,2026-04-28
LISTA UNGDOMSLAG,894271582,FARSUND,Agder,"Nortun, Nordbygdveien 183",4560,VANSE,https://www.listaungdomslag.no,brreg,https://data.brreg.no/enhetsregisteret/oppslag/enheter/894271582,ungdomslag,2026-04-28
LISTA UNGDOMSSKOLE - POLENTUR - 2010 KULL,932778998,FARSUND,Agder,Lindlandsveien 103,4550,FARSUND,,brreg,https://data.brreg.no/enhetsregisteret/oppslag/enheter/932778998,ungdomslag,2026-04-28
SPIND KRISTELIGE UNGDOMSFORENING,997997182,FARSUND,Agder,Rødland,4550,FARSUND,,brreg,https://data.brreg.no/enhetsregisteret/oppslag/enheter/997997182,ungdomslag,2026-04-28
VANSE UNGDOMSFORENING,971480378,FARSUND,Agder,VANSEHEIM,4560,VANSE,,brreg,https://data.brreg.no/enhetsregisteret/oppslag/enheter/971480378,ungdomslag,2026-04-28
ABELNES GRENDEHUS,917293872,FLEKKEFJORD,Agder,"c/o Merethe Hogstad, Snørebråtveien 5",4404,FLEKKEFJORD,,brreg,https://data.brreg.no/enhetsregisteret/oppslag/enheter/917293872,grendelag,2026-04-28
FJELLSÅ VELFORENING OG GRENDEHUS,915005454,FLEKKEFJORD,Agder,Gardsveien 30,4404,FLEKKEFJORD,,brreg,https://data.brreg.no/enhetsregisteret/oppslag/enheter/915005454,grendelag,2026-04-28
FLEKKEFJORD UNGDOMSLAG OG MÅLLAG,991598804,FLEKKEFJORD,Agder,Årenesplatået 1,4406,FLEKKEFJORD,,brreg,https://data.brreg.no/enhetsregisteret/oppslag/enheter/991598804,ungdomslag,2026-04-28
GYLAND BYGDEKVINNELAG,927179008,FLEKKEFJORD,Agder,Gylandsvegen 222,4436,GYLAND,,brreg,https://data.brreg.no/enhetsregisteret/oppslag/enheter/927179008,bygdelag,2026-04-28
KVINESDAL BYGDEKVINNELAG,916946740,FLEKKEFJORD,Agder,"c/o Åse Sigrid Eiesland, Fossheim, Tonstadvegen 127",4436,GYLAND,,brreg,https://data.brreg.no/enhetsregisteret/oppslag/enheter/916946740,bygdelag,2026-04-28
SIRA BYGDEKVINNELAG,919990473,FLEKKEFJORD,Agder,"c/o May-Britt Sirnes, Furuvegen 9",4438,SIRA,,brreg,https://data.brreg.no/enhetsregisteret/oppslag/enheter/919990473,bygdelag,2026-04-28
ARENDAL UNGDOMSMUSIKKORPS,883883942,FROLAND,Agder,"c/o Lars Marius Nilsen, Tiurvegen 7",4820,FROLAND,,brreg,https://data.brreg.no/enhetsregisteret/oppslag/enheter/883883942,ungdomslag,2026-04-28
DALEN GRENDELAG,997756029,FROLAND,Agder,,4828,MJÅVATN,,brreg,https://data.brreg.no/enhetsregisteret/oppslag/enheter/997756029,grendelag,2026-04-28
FROLAND UNGDOMSLAG,995446049,FROLAND,Agder,"c/o Jarle Boa Carlsson Dalene, Hislihaven 36",4827,FROLANDS VERK,https://www.facebook.com/Froland-Ungdomslag-152411958154271/,brreg,https://data.brreg.no/enhetsregisteret/oppslag/enheter/995446049,ungdomslag,2026-04-28
JOMÅS GRENDELAG,893746072,FROLAND,Agder,Jomåsveien 1146,4820,FROLAND,,brreg,https://data.brreg.no/enhetsregisteret/oppslag/enheter/893746072,grendelag,2026-04-28
LØVJOMÅS GRENDELAG,994374230,FROLAND,Agder,løvjomås,4820,FROLAND,,brreg,https://data.brreg.no/enhetsregisteret/oppslag/enheter/994374230,grendelag,2026-04-28
MJÅVATN GRENDELAG,894053852,FROLAND,Agder,Øynaheiveien 13,4828,MJÅVATN,,brreg,https://data.brreg.no/enhetsregisteret/oppslag/enheter/894053852,grendelag,2026-04-28
MYKLAND BYGDELAG,993971227,FROLAND,Agder,Evjeveien 830,4832,MYKLAND,https://www.mykland.org,brreg,https://data.brreg.no/enhetsregisteret/oppslag/enheter/993971227,bygdelag,2026-04-28
TRESNES GRENDELAG,915031129,FROLAND,Agder,"Tresnes Grendelag, Reiersølveien 286",4820,FROLAND,,brreg,https://data.brreg.no/enhetsregisteret/oppslag/enheter/915031129,grendelag,2026-04-28
FIANE UNGDOMSLAG,988567760,GJERSTAD,Agder,Eikelandsveien 27,4993,SUNDEBRU,,brreg,https://data.brreg.no/enhetsregisteret/oppslag/enheter/988567760,ungdomslag,2026-04-28
GRENDELAGET VESTØL VEL VESTØLMARKA TURLØYPER,988082333,GJERSTAD,Agder,,4980,GJERSTAD,,brreg,https://data.brreg.no/enhetsregisteret/oppslag/enheter/988082333,grendelag,2026-04-28
AGDER CHIN BARNE- OG UNGDOM,932235226,GRIMSTAD,Agder,Klingremoveien 11,4877,GRIMSTAD,,brreg,https://data.brreg.no/enhetsregisteret/oppslag/enheter/932235226,"ungdomslag,bygdelag",2026-04-28
FJÆRE GRENDEHUS,913477464,GRIMSTAD,Agder,Laugevoldveien 20,4878,GRIMSTAD,,brreg,https://data.brreg.no/enhetsregisteret/oppslag/enheter/913477464,grendelag,2026-04-28
GRIMSTAD BYGDEKVINNELAG,994622307,GRIMSTAD,Agder,"c/o Åse Nesbu, Knibeheia 5",4876,GRIMSTAD,grimstadbygdekvinnelag,brreg,https://data.brreg.no/enhetsregisteret/oppslag/enheter/994622307,bygdelag,2026-04-28
GRIMSTAD CHIN BARNE- OG UNGDOM FRIVILLIGE ORGANISASJON,932769271,GRIMSTAD,Agder,"c/o Simon Zathang Lian, Klingremoveien 11",4877,GRIMSTAD,,brreg,https://data.brreg.no/enhetsregisteret/oppslag/enheter/932769271,"ungdomslag,bygdelag",2026-04-28
GRØNN UNGDOM AGDER,916212046,GRIMSTAD,Agder,"c/o Jonas Andre Have, Laugevoldveien 32",4878,GRIMSTAD,https://www.facebook.com/GUAgder/?ref=br_rs,brreg,https://data.brreg.no/enhetsregisteret/oppslag/enheter/916212046,"ungdomslag,bygdelag",2026-04-28
INKLUSIV UNGDOM,932159406,GRIMSTAD,Agder,Drottningborg 20,4885,GRIMSTAD,,brreg,https://data.brreg.no/enhetsregisteret/oppslag/enheter/932159406,"ungdomslag,bygdelag",2026-04-28
REDDAL BYGDELAG,922552401,GRIMSTAD,Agder,"c/o Nils Heldal, Reddal 4",4886,GRIMSTAD,,brreg,https://data.brreg.no/enhetsregisteret/oppslag/enheter/922552401,bygdelag,2026-04-28
KOLLEMO GRENDEHUS,988846481,HÆGEBOSTAD,Agder,"c/o Jan Rune Urevatn, Helleveien 53",4595,TINGVATN,,brreg,https://data.brreg.no/enhetsregisteret/oppslag/enheter/988846481,grendelag,2026-04-28
FRIGSTAD OG LJOSLAND GRENDELAG,994943383,IVELAND,Agder,,4724,IVELAND,,brreg,https://data.brreg.no/enhetsregisteret/oppslag/enheter/994943383,grendelag,2026-04-28
IVELAND BYGDEKVINNELAG,923277056,IVELAND,Agder,"c/o Ragnhild Lilletveit, Ivelandsveien 301",4724,IVELAND,,brreg,https://data.brreg.no/enhetsregisteret/oppslag/enheter/923277056,bygdelag,2026-04-28
IVELAND UNGDOMSLAG,921090412,IVELAND,Agder,"c/o Anita Søttrup, Solbergveien 7",4724,IVELAND,,brreg,https://data.brreg.no/enhetsregisteret/oppslag/enheter/921090412,ungdomslag,2026-04-28
VATNESTRØM GRENDELAG,993881058,IVELAND,Agder,Stasjonsveien 7,4730,VATNESTRØM,,brreg,https://data.brreg.no/enhetsregisteret/oppslag/enheter/993881058,grendelag,2026-04-28
AFGHANSKE UNGDOMMERS ORGANISASJON KRISTIANSAND,930007994,KRISTIANSAND,Agder,"c/o Abdullah Nezami, Molybdenveien 19",4629,KRISTIANSAND S,,brreg,https://data.brreg.no/enhetsregisteret/oppslag/enheter/930007994,ungdomslag,2026-04-28
AGDER RØD UNGDOM,922748276,KRISTIANSAND,Agder,Tollbodgata 22,4611,KRISTIANSAND S,,brreg,https://data.brreg.no/enhetsregisteret/oppslag/enheter/922748276,"ungdomslag,bygdelag",2026-04-28
AGDER UNIKE MUSLIMSK BARN OG UNGDOM FORENING,925911046,KRISTIANSAND,Agder,"c/o Rabia Ikram Sheikh, Maristien 7E",4638,KRISTIANSAND S,,brreg,https://data.brreg.no/enhetsregisteret/oppslag/enheter/925911046,"ungdomslag,bygdelag",2026-04-28
BUDDHISTISK BARN OG UNGDOM I KRISTIANSAND,998170087,KRISTIANSAND,Agder,Bosmyrkollen 3,4620,KRISTIANSAND S,,brreg,https://data.brreg.no/enhetsregisteret/oppslag/enheter/998170087,"ungdomslag,bygdelag",2026-04-28
BUL KRISTIANSAND,981448596,KRISTIANSAND,Agder,Gyldenløves gate 11,4611,KRISTIANSAND S,https://bul-krs.com,brreg,https://data.brreg.no/enhetsregisteret/oppslag/enheter/981448596,ungdomslag,2026-04-28
ETIOPISK BARNE OG UNGDOM FORENING I AGDER(EBUFA),932542447,KRISTIANSAND,Agder,"c/o Temesgen Eshete Tedla, Sjekteveien 32A",4624,KRISTIANSAND S,,brreg,https://data.brreg.no/enhetsregisteret/oppslag/enheter/932542447,"ungdomslag,bygdelag",2026-04-28
FLEKKERØY KRISTELIGE UNGDOMSFORENING,994042009,KRISTIANSAND,Agder,"c/o Nils Guttormsen, Østerøya 124",4625,FLEKKERØY,,brreg,https://data.brreg.no/enhetsregisteret/oppslag/enheter/994042009,ungdomslag,2026-04-28
FLERKULTURELL UNGDOMS FORENING,920007171,KRISTIANSAND,Agder,"c/o Omar Sadiq, Sjølystveien 60",4610,KRISTIANSAND S,,brreg,https://data.brreg.no/enhetsregisteret/oppslag/enheter/920007171,"ungdomslag,bygdelag",2026-04-28
FORENINGEN LASTAD GRENDEHUS,937254202,KRISTIANSAND,Agder,Lastadveien 91,4641,SØGNE,,brreg,https://data.brreg.no/enhetsregisteret/oppslag/enheter/937254202,grendelag,2026-04-28
FORENINGEN RYEN GRENDEHUS,984297106,KRISTIANSAND,Agder,Topdalsveien 182,4658,TVEIT,,brreg,https://data.brreg.no/enhetsregisteret/oppslag/enheter/984297106,grendelag,2026-04-28
GREIPSTAD UNGDOMSLAG,916277490,KRISTIANSAND,Agder,Skinnarsmoen 2,4645,NODELAND,,brreg,https://data.brreg.no/enhetsregisteret/oppslag/enheter/916277490,ungdomslag,2026-04-28
KILEN GRENDEHUS,998176794,KRISTIANSAND,Agder,Songdalsvegen 811,4646,FINSLAND,,brreg,https://data.brreg.no/enhetsregisteret/oppslag/enheter/998176794,grendelag,2026-04-28
KIRKENS UNGDOMSPROSJEKT,971331402,KRISTIANSAND,Agder,Gyldenløves gate 7,4611,KRISTIANSAND S,https://www.kirkensungdomsprosjekt.no,brreg,https://data.brreg.no/enhetsregisteret/oppslag/enheter/971331402,ungdomslag,2026-04-28
KRISTIANSAND BARNE- OG UNGDOMSTEATER,971520876,KRISTIANSAND,Agder,Peder Claussøns gate 1A,4631,KRISTIANSAND S,https://www.kbut.no,brreg,https://data.brreg.no/enhetsregisteret/oppslag/enheter/971520876,ungdomslag,2026-04-28
LIBERALISTISK UNGDOM AGDER,924271469,KRISTIANSAND,Agder,"c/o Steinar Fredriksen, Grågåsveien 30A",4622,KRISTIANSAND S,https://Lib.no,brreg,https://data.brreg.no/enhetsregisteret/oppslag/enheter/924271469,"ungdomslag,bygdelag",2026-04-28
MED HJERTE FRA NORGE-UTEN GRENSER,932173557,KRISTIANSAND,Agder,"c/o Anne May Kvelland, Repstadveien 611",4642,SØGNE,,brreg,https://data.brreg.no/enhetsregisteret/oppslag/enheter/932173557,grendelag,2026-04-28
NORGES HANDIKAPFORBUNDS UNGDOM SØR,921580851,KRISTIANSAND,Agder,"c/o Norges Handikapforbund Agder, Tordenskjolds gate 65",4614,KRISTIANSAND S,,brreg,https://data.brreg.no/enhetsregisteret/oppslag/enheter/921580851,"ungdomslag,bygdelag",2026-04-28
SKEIV UNGDOM VEST-AGDER,915970869,KRISTIANSAND,Agder,Vesterveien 2,4613,KRISTIANSAND S,https://www.facebook.com/skeivungdomsor?fref=ts,brreg,https://data.brreg.no/enhetsregisteret/oppslag/enheter/915970869,"ungdomslag,bygdelag",2026-04-28
STIFTELSEN KIRKENS UNGDOMSPROSJEKT,936048749,KRISTIANSAND,Agder,"c/o Agder og Telemark Bispedømme, Gyldenløves gate 11",4611,KRISTIANSAND S,,brreg,https://data.brreg.no/enhetsregisteret/oppslag/enheter/936048749,ungdomslag,2026-04-28
SØGNE BYGDEKVINNELAG,997775155,KRISTIANSAND,Agder,"C/o Alice Ingebrethsen, Anderåsen 2B",4640,SØGNE,,brreg,https://data.brreg.no/enhetsregisteret/oppslag/enheter/997775155,bygdelag,2026-04-28
SØGNE UNGDOMSLAG,971335211,KRISTIANSAND,Agder,Lundeveien 80,4640,SØGNE,https://www.sogneungdomslag.no/,brreg,https://data.brreg.no/enhetsregisteret/oppslag/enheter/971335211,ungdomslag,2026-04-28
TURKOMITEEN FOR 2011 KULLET VED TORRIDAL UNGDOMSSKOLE,934556321,KRISTIANSAND,Agder,"c/o Lars Christian Tønnesen, Høietun 155",4619,MOSBY,,brreg,https://data.brreg.no/enhetsregisteret/oppslag/enheter/934556321,ungdomslag,2026-04-28
TVEIT BYGDEKVINNELAG,919494204,KRISTIANSAND,Agder,"c/o Aase Gudny Tollefsrud Tønnesen, Dønnestadveien 16",4658,TVEIT,,brreg,https://data.brreg.no/enhetsregisteret/oppslag/enheter/919494204,bygdelag,2026-04-28
TVEIT SJAKKLUBB UNGDOM,918501975,KRISTIANSAND,Agder,"C/O Hovet Regnskap AS, Buråsen 18A",4636,KRISTIANSAND S,,brreg,https://data.brreg.no/enhetsregisteret/oppslag/enheter/918501975,"ungdomslag,bygdelag",2026-04-28
TØMMERSTØ UNGDOMSKLUBB,930535613,KRISTIANSAND,Agder,"c/o Marte S. Tuseth, Fidjeåsen 169",4639,KRISTIANSAND S,,brreg,https://data.brreg.no/enhetsregisteret/oppslag/enheter/930535613,ungdomslag,2026-04-28
UL FRAM,814867862,KRISTIANSAND,Agder,Brandsvoll,4685,NODELAND,,brreg,https://data.brreg.no/enhetsregisteret/oppslag/enheter/814867862,ungdomslag,2026-04-28
VEST AGDER BYGDEKVINNELAG,992003057,KRISTIANSAND,Agder,"c/o Norges Bondelag Agderkontoret, Postboks 298",4663,KRISTIANSAND S,https://bygdekvinnelaget.no/,brreg,https://data.brreg.no/enhetsregisteret/oppslag/enheter/992003057,bygdelag,2026-04-28
AUSTERDALEN GRENDEUTVALG,920204074,KVINESDAL,Agder,"c/o Rita Kristin Orthe, Kalvstøl",4480,KVINESDAL,,brreg,https://data.brreg.no/enhetsregisteret/oppslag/enheter/920204074,grendelag,2026-04-28
FEDA GRENDEUTVALG,927561069,KVINESDAL,Agder,"c/o Svein Otto Mejlænder, Sandsåsen 12",4485,FEDA,,brreg,https://data.brreg.no/enhetsregisteret/oppslag/enheter/927561069,grendelag,2026-04-28
FJOTLAND BYGDEMUSEUM,890206522,KVINESDAL,Agder,Fjotland 121,4480,KVINESDAL,https://www.fjotlandbygdemuseum.no,brreg,https://data.brreg.no/enhetsregisteret/oppslag/enheter/890206522,bygdelag,2026-04-28
FJOTLAND UNGDOMSLAG,980065405,KVINESDAL,Agder,"c/o Judith Netlandsnes Haddeland, Austerdalsvegen 2165",4480,KVINESDAL,,brreg,https://data.brreg.no/enhetsregisteret/oppslag/enheter/980065405,ungdomslag,2026-04-28
HAMREBAKKENE GRENDEUTVALG,918512438,KVINESDAL,Agder,"c/o Tor Erik Pedersen, Vangen 31",4480,KVINESDAL,,brreg,https://data.brreg.no/enhetsregisteret/oppslag/enheter/918512438,grendelag,2026-04-28
KVINA UL,997078160,KVINESDAL,Agder,"c/o Arne Andreas Haugland, Vollevangen 2",4480,KVINESDAL,,brreg,https://data.brreg.no/enhetsregisteret/oppslag/enheter/997078160,ungdomslag,2026-04-28
POTETKJELLERENS VENNER. VENNEFORENING FOR POTETKJELLEREN BYGDEMUSEUM KNABEN,927565900,KVINESDAL,Agder,"c/o Knaben Utleie, Knabevegen 1188",4473,KVINLOG,,brreg,https://data.brreg.no/enhetsregisteret/oppslag/enheter/927565900,bygdelag,2026-04-28
TEMATUR 2011-KULLET VED KVINESDAL UNGDOMSSKOLE,934409949,KVINESDAL,Agder,Åsevegen 12,4480,KVINESDAL,,brreg,https://data.brreg.no/enhetsregisteret/oppslag/enheter/934409949,ungdomslag,2026-04-28
U L KVINDØLEN,983081231,KVINESDAL,Agder,,4480,KVINESDAL,,brreg,https://data.brreg.no/enhetsregisteret/oppslag/enheter/983081231,ungdomslag,2026-04-28
VESTERDALEN GRENDELAG,921052898,KVINESDAL,Agder,"c/o Benjamin Omland Andersen, Bjåstølveien 121",4480,KVINESDAL,,brreg,https://data.brreg.no/enhetsregisteret/oppslag/enheter/921052898,grendelag,2026-04-28
ØYE GRENDEUTVALG,917067783,KVINESDAL,Agder,Øye grendehus,4484,ØYESTRANDA,,brreg,https://data.brreg.no/enhetsregisteret/oppslag/enheter/917067783,grendelag,2026-04-28
BRUNSTAD UNGDOMSKLUBB SØRLANDET,922088284,LILLESAND,Agder,Østre Kaldvell 10,4790,LILLESAND,,brreg,https://data.brreg.no/enhetsregisteret/oppslag/enheter/922088284,ungdomslag,2026-04-28
HØVDINGEN I L,971491965,LILLESAND,Agder,Frillestadveien 7,4770,HØVÅG,https://Høvdingen.no,brreg,https://data.brreg.no/enhetsregisteret/oppslag/enheter/971491965,ungdomslag,2026-04-28
HØVÅG BYGDEKVINNELAG,913799844,LILLESAND,Agder,"c/o Christine Sandland, Holte 17",4770,HØVÅG,,brreg,https://data.brreg.no/enhetsregisteret/oppslag/enheter/913799844,bygdelag,2026-04-28
JUSTØY BYGDELAG,983624251,LILLESAND,Agder,"Justøy Grendehus, Justøyveien 540",4780,BREKKESTØ,https://www.jusoybygdelag.com,brreg,https://data.brreg.no/enhetsregisteret/oppslag/enheter/983624251,bygdelag,2026-04-28
PÅ TVERS HØVÅG BYGDEKOR,971330201,LILLESAND,Agder,"c/o Svein Helge Grødem, Hæstadveien 209",4770,HØVÅG,,brreg,https://data.brreg.no/enhetsregisteret/oppslag/enheter/971330201,bygdelag,2026-04-28
RADIO L LILLESAND NÆRRADIO AS,951769665,LILLESAND,Agder,Svåbekk 5E,4790,LILLESAND,https://radio-l.no,brreg,https://data.brreg.no/enhetsregisteret/oppslag/enheter/951769665,ungdomslag,2026-04-28
BARNE- OG UNGDOMSRÅDET I AGDER,971516747,LINDESNES,Agder,"c/o Borghild Løver, Haugdalsveien 14",4520,LINDESNES,https://www.buria.no,brreg,https://data.brreg.no/enhetsregisteret/oppslag/enheter/971516747,ungdomslag,2026-04-28
BJELLAND UNGDOMSLAG,921538383,LINDESNES,Agder,Skjeggestadlia 999,4536,BJELLAND,,brreg,https://data.brreg.no/enhetsregisteret/oppslag/enheter/921538383,ungdomslag,2026-04-28
BRUSKELANDSHEIA BYGDELAG,920281052,LINDESNES,Agder,"c/o Ragnar Granlund, Eldalsveien 340",4534,MARNARDAL,,brreg,https://data.brreg.no/enhetsregisteret/oppslag/enheter/920281052,bygdelag,2026-04-28
FRAMSTEG UNGDOMSLAG - HARKMARK NATURBARNEHAGE,971480343,LINDESNES,Agder,Tregdeveien 1280,4516,MANDAL,,brreg,https://data.brreg.no/enhetsregisteret/oppslag/enheter/971480343,ungdomslag,2026-04-28
HALSE UNGDOMSLAG,971333413,LINDESNES,Agder,"c/o May-Brit Borgi Olsen, Fasselandsveien 64",4520,LINDESNES,,brreg,https://data.brreg.no/enhetsregisteret/oppslag/enheter/971333413,ungdomslag,2026-04-28
HESLAND GRENDEUTVALG,922331987,LINDESNES,Agder,"c/o Espen Langfjord, Heslandsveien 83",4517,MANDAL,,brreg,https://data.brreg.no/enhetsregisteret/oppslag/enheter/922331987,grendelag,2026-04-28
HOLUM BYGDEKVINNELAG,916735375,LINDESNES,Agder,"c/o Aslaug Bårdsen, Daleveien 880",4519,HOLUM,,brreg,https://data.brreg.no/enhetsregisteret/oppslag/enheter/916735375,bygdelag,2026-04-28
HOLUM UNGDOMSLAG,916900600,LINDESNES,Agder,Daleveien 855,4519,HOLUM,,brreg,https://data.brreg.no/enhetsregisteret/oppslag/enheter/916900600,ungdomslag,2026-04-28
HØYE GRENDEHUS,994821423,LINDESNES,Agder,Høye,4534,MARNARDAL,,brreg,https://data.brreg.no/enhetsregisteret/oppslag/enheter/994821423,grendelag,2026-04-28
LINDESNES BYGDEKVINNELAG,929476360,LINDESNES,Agder,Lindlandsveien 23,4519,HOLUM,,brreg,https://data.brreg.no/enhetsregisteret/oppslag/enheter/929476360,bygdelag,2026-04-28
LINDESNES UNGDOMSLAG,969094576,LINDESNES,Agder,Peder Claussøns vei 3A,4520,LINDESNES,,brreg,https://data.brreg.no/enhetsregisteret/oppslag/enheter/969094576,ungdomslag,2026-04-28
LINDLAND GRENDEUTVALG,918686215,LINDESNES,Agder,Lindlandsveien 33,4519,HOLUM,,brreg,https://data.brreg.no/enhetsregisteret/oppslag/enheter/918686215,grendelag,2026-04-28
MARNARDAL BYGDEKVINNELAG,993349941,LINDESNES,Agder,"c/o Siss Ågedal, Bue, Marnarveien 2234",4534,MARNARDAL,https://bygdekvinnelaget.no,brreg,https://data.brreg.no/enhetsregisteret/oppslag/enheter/993349941,bygdelag,2026-04-28
MARNARDAL UNGDOMSLAG,996318621,LINDESNES,Agder,Konsmoheiveien 1099,4534,MARNARDAL,,brreg,https://data.brreg.no/enhetsregisteret/oppslag/enheter/996318621,ungdomslag,2026-04-28
OMLAND BYGDELAG,922617384,LINDESNES,Agder,"c/o Gitte Garvik, Omlandsneset 17A",4516,MANDAL,,brreg,https://data.brreg.no/enhetsregisteret/oppslag/enheter/922617384,bygdelag,2026-04-28
SKJERNØY KRISTELIGE UNGDOMSFORENING,892355592,LINDESNES,Agder,Dyrstadveien 4,4516,MANDAL,https://www.kapellet.no,brreg,https://data.brreg.no/enhetsregisteret/oppslag/enheter/892355592,ungdomslag,2026-04-28
VEST-AGDER UNGDOMSLAG,971119950,LINDESNES,Agder,"c/o Siss Ågedal, Bue, Marnarveien 2234",4534,MARNARDAL,,brreg,https://data.brreg.no/enhetsregisteret/oppslag/enheter/971119950,ungdomslag,2026-04-28
VIGMOSTAD KRISTELIGE UNGDOMSFORENING,994922483,LINDESNES,Agder,"co Anne Berit Vigmostad Gjedrem, Audnedalsveien 961",4520,LINDESNES,,brreg,https://data.brreg.no/enhetsregisteret/oppslag/enheter/994922483,ungdomslag,2026-04-28
ÅSERAL BYGDEKVINNELAG,994815911,LINDESNES,Agder,"v/Heidi T Abelseth, Jens Dedekams vei 9",4515,MANDAL,,brreg,https://data.brreg.no/enhetsregisteret/oppslag/enheter/994815911,bygdelag,2026-04-28
AUSTAD GRENDEUTVALG,895602302,LYNGDAL,Agder,Austad,4580,LYNGDAL,,brreg,https://data.brreg.no/enhetsregisteret/oppslag/enheter/895602302,grendelag,2026-04-28
BRUSELAND GRENDEHUS,994825100,LYNGDAL,Agder,Kvernhusveien 6,4580,LYNGDAL,,brreg,https://data.brreg.no/enhetsregisteret/oppslag/enheter/994825100,grendelag,2026-04-28
GRINDHEIM BYGDEKVINNELAG,911600242,LYNGDAL,Agder,Gaulevik 32,4529,BYREMO,,brreg,https://data.brreg.no/enhetsregisteret/oppslag/enheter/911600242,bygdelag,2026-04-28
GRINDHEIM UNGDOMSLAG,971335696,LYNGDAL,Agder,Gaulevik 20,4529,BYREMO,,brreg,https://data.brreg.no/enhetsregisteret/oppslag/enheter/971335696,ungdomslag,2026-04-28
KOLLEVOLL GRENDELAG,994896970,LYNGDAL,Agder,"c/o Kjell Egerhei, Djupviksveien 61",4580,LYNGDAL,,brreg,https://data.brreg.no/enhetsregisteret/oppslag/enheter/994896970,grendelag,2026-04-28
KONSMO UNGDOMSKOR,996180018,LYNGDAL,Agder,"C/O Torbjørn Andersen, Audnedalsveien 2996",4525,KONSMO,,brreg,https://data.brreg.no/enhetsregisteret/oppslag/enheter/996180018,ungdomslag,2026-04-28
KORSHAMN GRENDELAG,923053689,LYNGDAL,Agder,Bronemyra 21,4586,KORSHAMN,,brreg,https://data.brreg.no/enhetsregisteret/oppslag/enheter/923053689,grendelag,2026-04-28
KVÅS UNGDOMSLAG,994658255,LYNGDAL,Agder,"c/o Stine Løland, Moislia 18",4588,KVÅS,,brreg,https://data.brreg.no/enhetsregisteret/oppslag/enheter/994658255,ungdomslag,2026-04-28
UL LYNGDØLEN,982559383,LYNGDAL,Agder,Gamle Kirkevei 4,4580,LYNGDAL,,brreg,https://data.brreg.no/enhetsregisteret/oppslag/enheter/982559383,ungdomslag,2026-04-28
Å GRENDEUTVALG,934822560,LYNGDAL,Agder,"c/o Jarle Gjertsen, Steinbergveien 17",4580,LYNGDAL,,brreg,https://data.brreg.no/enhetsregisteret/oppslag/enheter/934822560,grendelag,2026-04-28
RISØR UNGDOMSTEATER,994489585,RISØR,Agder,"c/o Cecilie Windtwood, Oterlia 26",4956,RISØR,,brreg,https://data.brreg.no/enhetsregisteret/oppslag/enheter/994489585,ungdomslag,2026-04-28
SEVIK GRENDEHUS,994973703,RISØR,Agder,Sevik,4990,SØNDELED,,brreg,https://data.brreg.no/enhetsregisteret/oppslag/enheter/994973703,grendelag,2026-04-28
SKOLETUR 2026 RISØR UNGDOMSSKOLE,934659309,RISØR,Agder,Skauveien 21,4956,RISØR,,brreg,https://data.brreg.no/enhetsregisteret/oppslag/enheter/934659309,ungdomslag,2026-04-28
UNGDOMSLAGET IDUN,983446728,RISØR,Agder,Øren 31,4990,SØNDELED,https://www.ungdomslagetidun.no/,brreg,https://data.brreg.no/enhetsregisteret/oppslag/enheter/983446728,ungdomslag,2026-04-28
NYE SIRDAL UNGDOMSLAG,997552946,SIRDAL,Agder,Sinnes,4443,TJØRHOM,,brreg,https://data.brreg.no/enhetsregisteret/oppslag/enheter/997552946,ungdomslag,2026-04-28
SIRDAL BYGDEKVINNELAG,984228864,SIRDAL,Agder,Storebakkmyr 14,4440,TONSTAD,,brreg,https://data.brreg.no/enhetsregisteret/oppslag/enheter/984228864,bygdelag,2026-04-28
TONSTAD UNGDOMSKOR,917846154,SIRDAL,Agder,"c/o May Tone Josdal, Josdal",4440,TONSTAD,,brreg,https://data.brreg.no/enhetsregisteret/oppslag/enheter/917846154,ungdomslag,2026-04-28
DYPVÅG GRENDEHUS,894895012,TVEDESTRAND,Agder,Dypvåg,4900,TVEDESTRAND,,brreg,https://data.brreg.no/enhetsregisteret/oppslag/enheter/894895012,grendelag,2026-04-28
HOLT BYGDEKVINNELAG,993838780,TVEDESTRAND,Agder,"c/o Else Torunn Rosseland, Rosselandsveien 200",4934,NES VERK,https://bygdekvinnelaget.no/holt,brreg,https://data.brreg.no/enhetsregisteret/oppslag/enheter/993838780,bygdelag,2026-04-28
BYGDELISTA VALLE,930616885,VALLE,Agder,"c/o Georg Sørmo, Haugelandsvegen 25",4748,RYSSTAD,,brreg,https://data.brreg.no/enhetsregisteret/oppslag/enheter/930616885,bygdelag,2026-04-28
FJELLRO GRENDELAG/GRENDEHUS,883406222,VALLE,Agder,Hovet,4748,RYSSTAD,,brreg,https://data.brreg.no/enhetsregisteret/oppslag/enheter/883406222,grendelag,2026-04-28
GARANE GRENDELAG,981913981,VALLE,Agder,Brokke grendefelt 12,4748,RYSSTAD,,brreg,https://data.brreg.no/enhetsregisteret/oppslag/enheter/981913981,grendelag,2026-04-28
HOMME OG TVEITEBØ GRENDEHUS,981672216,VALLE,Agder,"c/o Torleiv Homme, Homme",4747,VALLE,,brreg,https://data.brreg.no/enhetsregisteret/oppslag/enheter/981672216,grendelag,2026-04-28
HYLESTAD BYGDEKVINNELAG,995420414,VALLE,Agder,"c/o Kirsten Bråten Berg, Nomelandsmone 11",4748,RYSSTAD,,brreg,https://data.brreg.no/enhetsregisteret/oppslag/enheter/995420414,bygdelag,2026-04-28
OVEINANG GRENDELAG,984488238,VALLE,Agder,"Oveinang Grendelag, c/o Åse Ingebjørg Flateland, Løylandsvegen 151",4747,VALLE,,brreg,https://data.brreg.no/enhetsregisteret/oppslag/enheter/984488238,grendelag,2026-04-28
TREUNGEN GRENDELAG,982801567,VALLE,Agder,,4748,RYSSTAD,,brreg,https://data.brreg.no/enhetsregisteret/oppslag/enheter/982801567,grendelag,2026-04-28
VALLE BYGDEKVINNELAG,981645561,VALLE,Agder,Harstadvegen 55,4747,VALLE,,brreg,https://data.brreg.no/enhetsregisteret/oppslag/enheter/981645561,bygdelag,2026-04-28
TANGEN GRENDELAG,994518356,VEGÅRSHEI,Agder,"c/o Lise Flater, Tangheia 6",4985,VEGÅRSHEI,,brreg,https://data.brreg.no/enhetsregisteret/oppslag/enheter/994518356,grendelag,2026-04-28
VEGÅRSHEI BYGDEKVINNELAG,932933845,VEGÅRSHEI,Agder,Aklandsveien 18,4985,VEGÅRSHEI,,brreg,https://data.brreg.no/enhetsregisteret/oppslag/enheter/932933845,bygdelag,2026-04-28
VILLHEIA UNGDOMSKLUBB,976964381,VEGÅRSHEI,Agder,Molandsveien 40,4985,VEGÅRSHEI,https://www.villheia.no,brreg,https://data.brreg.no/enhetsregisteret/oppslag/enheter/976964381,ungdomslag,2026-04-28
EIKELAND GRENDELAG,923812857,VENNESLA,Agder,"c/o Øyvind Rønning, Rønningsvegen 94",4707,VENNESLA,,brreg,https://data.brreg.no/enhetsregisteret/oppslag/enheter/923812857,grendelag,2026-04-28
HOMSTEAN GRENDEHUS,919828099,VENNESLA,Agder,Stallemovegen 4,4715,ØVREBØ,,brreg,https://data.brreg.no/enhetsregisteret/oppslag/enheter/919828099,grendelag,2026-04-28
HÆGELAND UNGDOMSLAG,930221732,VENNESLA,Agder,"c/o Tom Leroy Tjelland, Tveite 22",4720,HÆGELAND,,brreg,https://data.brreg.no/enhetsregisteret/oppslag/enheter/930221732,ungdomslag,2026-04-28
ØVREBØ UNGDOMSLAG,919291982,VENNESLA,Agder,Setesdalsvegen 801,4715,ØVREBØ,,brreg,https://data.brreg.no/enhetsregisteret/oppslag/enheter/919291982,ungdomslag,2026-04-28
DØLEMO GRENDELAG,978643914,ÅMLI,Agder,Dølemo 119,4869,DØLEMO,,brreg,https://data.brreg.no/enhetsregisteret/oppslag/enheter/978643914,grendelag,2026-04-28
GJØVDAL GRENDELAG,933451313,ÅMLI,Agder,Stallgata 8,4865,ÅMLI,,brreg,https://data.brreg.no/enhetsregisteret/oppslag/enheter/933451313,grendelag,2026-04-28
ÅMLI BYGDEKVINNELAG,995016060,ÅMLI,Agder,Katerås,4865,ÅMLI,,brreg,https://data.brreg.no/enhetsregisteret/oppslag/enheter/995016060,bygdelag,2026-04-28
ÅMLI UNGDOMSLAG,989033522,ÅMLI,Agder,,4865,ÅMLI,,brreg,https://data.brreg.no/enhetsregisteret/oppslag/enheter/989033522,ungdomslag,2026-04-28
10.KLASSETUR TORSTAD U-SKOLE,921603037,ASKER,Akershus,"c/o Steinar Låg, Bjørndalsveien 11A",1395,HVALSTAD,,brreg,https://data.brreg.no/enhetsregisteret/oppslag/enheter/921603037,ungdomslag,2026-04-28
ASKER BYGDEKVINNELAG,915899048,ASKER,Akershus,"Fredrikke Hegnar von Ubisch, c/o Asker Bygdekvinnelag, Færgestadveien 11",3475,SÆTRE,,brreg,https://data.brreg.no/enhetsregisteret/oppslag/enheter/915899048,bygdelag,2026-04-28
FORENINGEN FOR MUSKELSYKES UNGDOM,997109511,ASKER,Akershus,Fekjan 7F,1394,NESBRU,https://www.ffm.no/ffmu,brreg,https://data.brreg.no/enhetsregisteret/oppslag/enheter/997109511,"ungdomslag,bygdelag",2026-04-28
FRIFORENINGEN UNGDOMSKLUBB,999188664,ASKER,Akershus,Tømtebakken 23,1396,BILLINGSTAD,,brreg,https://data.brreg.no/enhetsregisteret/oppslag/enheter/999188664,ungdomslag,2026-04-28
"GREND 2, SYDSKOGEN VEL",922633967,ASKER,Akershus,"c/o Erik Alexander Geicke, Tors vei 76",3472,BØDALEN,,brreg,https://data.brreg.no/enhetsregisteret/oppslag/enheter/922633967,grendelag,2026-04-28
"GREND 5, SYDSKOGEN VEL",918920897,ASKER,Akershus,"c/o Torbjørn Halvorsen, Frøyas vei 39",3472,BØDALEN,,brreg,https://data.brreg.no/enhetsregisteret/oppslag/enheter/918920897,grendelag,2026-04-28
GRØNN GREND HURUM,914486629,ASKER,Akershus,"c/o Hege Westskog, Hovstubben 7",3490,KLOKKARSTUA,,brreg,https://data.brreg.no/enhetsregisteret/oppslag/enheter/914486629,grendelag,2026-04-28
GRØNN UNGDOM ASKER & BÆRUM,915987257,ASKER,Akershus,"c/o Håkon Egset Harnes, Torstadveien 19",1396,BILLINGSTAD,,brreg,https://data.brreg.no/enhetsregisteret/oppslag/enheter/915987257,"ungdomslag,bygdelag",2026-04-28
HURUM BYGDEKVINNELAG,918184244,ASKER,Akershus,"c/o Liv Kristin Halstensrud Furua, Killingstadveien 4",3490,KLOKKARSTUA,,brreg,https://data.brreg.no/enhetsregisteret/oppslag/enheter/918184244,bygdelag,2026-04-28
MUSICA SINFONIETTA - ASKER BARNE- OG UNGDOMSORKESTER,995683784,ASKER,Akershus,Slemmestadveien 73,1394,NESBRU,https://musicasinfonietta.no,brreg,https://data.brreg.no/enhetsregisteret/oppslag/enheter/995683784,ungdomslag,2026-04-28
NORSK GRAND DANOIS KLUBB,996942414,ASKER,Akershus,"c/o Hanne Bonna Bruun, Leanglia 62",1387,ASKER,https://ngdk.no,brreg,https://data.brreg.no/enhetsregisteret/oppslag/enheter/996942414,grendelag,2026-04-28
NORWAY BARAN UNGDOM,922117268,ASKER,Akershus,"c/o Murad Kurt, Torsrudveien 12C",3430,SPIKKESTAD,,brreg,https://data.brreg.no/enhetsregisteret/oppslag/enheter/922117268,"ungdomslag,bygdelag",2026-04-28
NYSTØYL GREND 1-9 VELFORENING,927321890,ASKER,Akershus,Eriks vei 4,1386,ASKER,,brreg,https://data.brreg.no/enhetsregisteret/oppslag/enheter/927321890,grendelag,2026-04-28
RØYKEN BARNE- OG UNGDOMSTEATER,988188441,ASKER,Akershus,"c/o Erik Lerseth, Transetkroken 7",3440,RØYKEN,https://www.rbuteater.no,brreg,https://data.brreg.no/enhetsregisteret/oppslag/enheter/988188441,ungdomslag,2026-04-28
RØYKEN BYGDEKVINNELAG,916675534,ASKER,Akershus,"c/o Mette Ølstad, Bøveien 44",1389,HEGGEDAL,,brreg,https://data.brreg.no/enhetsregisteret/oppslag/enheter/916675534,bygdelag,2026-04-28
SANDVIKA BARNE OG UNGDOMSTEATER,978695280,ASKER,Akershus,"c/o Anders Lagerqvist, Sundbakken 3",1394,NESBRU,https://www.sandvikabarneteater.no,brreg,https://data.brreg.no/enhetsregisteret/oppslag/enheter/978695280,ungdomslag,2026-04-28
SYDSKOGEN VEL GREND 6,917460477,ASKER,Akershus,,3472,BØDALEN,,brreg,https://data.brreg.no/enhetsregisteret/oppslag/enheter/917460477,grendelag,2026-04-28
SYDSKOGEN VELFORENING GRENDELAG 10,920717691,ASKER,Akershus,Tors vei 220,3472,BØDALEN,,brreg,https://data.brreg.no/enhetsregisteret/oppslag/enheter/920717691,grendelag,2026-04-28
ULLERN SPEIDERGRUPPE,918823832,ASKER,Akershus,"c/o André W. Asbjørnsen, Askåsen 26",1394,NESBRU,https://oslospeiderne.no/grupper/ullern-speidergruppe/,brreg,https://data.brreg.no/enhetsregisteret/oppslag/enheter/918823832,ungdomslag,2026-04-28
UNION FOR UKRAINE - SMEDER UTEN GRENSER,929503422,ASKER,Akershus,"c/o Liene Dinvalde, Østernveien 7",3490,KLOKKARSTUA,,brreg,https://data.brreg.no/enhetsregisteret/oppslag/enheter/929503422,grendelag,2026-04-28
VALHALL UNGDOMSKLUBB,931401203,ASKER,Akershus,"c/o Per Slettmoen, Tors vei 228",3472,BØDALEN,,brreg,https://data.brreg.no/enhetsregisteret/oppslag/enheter/931401203,ungdomslag,2026-04-28
ZCENESTREKK BARNE- OG UNGDOMSTEATER,924755571,ASKER,Akershus,"c/o Eva Alice Line, Kalkfjellet 57",1387,ASKER,,brreg,https://data.brreg.no/enhetsregisteret/oppslag/enheter/924755571,ungdomslag,2026-04-28
ZEKKEN BARNE- OG UNGDOMSTEATER,997505654,ASKER,Akershus,"c/o Røyken Kulturskole, Vaterlandsveien 5",3470,SLEMMESTAD,,brreg,https://data.brreg.no/enhetsregisteret/oppslag/enheter/997505654,ungdomslag,2026-04-28
AURSKOG-HØLAND BYGDEKVINNELAG,919589876,AURSKOG-HØLAND,Akershus,Hemnesveien 345,1970,HEMNES,,brreg,https://data.brreg.no/enhetsregisteret/oppslag/enheter/919589876,bygdelag,2026-04-28
DALSROEN OG OMEGN GRENDEHUSFORENING,923779345,AURSKOG-HØLAND,Akershus,"c/o Erik Hannestad, Øvre Dalsroen 149",1970,HEMNES,,brreg,https://data.brreg.no/enhetsregisteret/oppslag/enheter/923779345,grendelag,2026-04-28
DREAMS BARNE OG UNGDOMSBAND,911712555,AURSKOG-HØLAND,Akershus,"c/o Thirunavukarasu Ganeshu, Blåvingeveien 14",1930,AURSKOG,,brreg,https://data.brreg.no/enhetsregisteret/oppslag/enheter/911712555,ungdomslag,2026-04-28
FOSSER VEL OG GRENDEHUS,922636109,AURSKOG-HØLAND,Akershus,"c/o Eva Marie Gran, Norrønaveien 5",1963,FOSSER,,brreg,https://data.brreg.no/enhetsregisteret/oppslag/enheter/922636109,grendelag,2026-04-28
HØLAND IDRETTS- OG UNGDOMSLAG,974470748,AURSKOG-HØLAND,Akershus,Høland Stadion,1960,LØKEN,,brreg,https://data.brreg.no/enhetsregisteret/oppslag/enheter/974470748,ungdomslag,2026-04-28
HØLAND UNGDOMSLAG,985708681,AURSKOG-HØLAND,Akershus,Haldenveien 1191,1960,LØKEN,,brreg,https://data.brreg.no/enhetsregisteret/oppslag/enheter/985708681,ungdomslag,2026-04-28
MOMOEN IDRETTS OG UNGDOMSLAG,884649552,AURSKOG-HØLAND,Akershus,Moe,1960,LØKEN,,brreg,https://data.brreg.no/enhetsregisteret/oppslag/enheter/884649552,ungdomslag,2026-04-28
S. HØLAND IDRETTS- OG UNGDOMSLAG (SHIUL),983958397,AURSKOG-HØLAND,Akershus,Bråtevangveien 7,1970,HEMNES,https://www.shiul.no,brreg,https://data.brreg.no/enhetsregisteret/oppslag/enheter/983958397,ungdomslag,2026-04-28
ASKER OG BÆRUM UNGDOMSKORPS,993753440,BÆRUM,Akershus,"c/o Sandvika vgs, Elias Smiths vei 15",1337,SANDVIKA,https://abuk.no,brreg,https://data.brreg.no/enhetsregisteret/oppslag/enheter/993753440,ungdomslag,2026-04-28
BÆRUM BARN OG UNGDOM FRITIDSKLUBB,934416023,BÆRUM,Akershus,Anthon Walles vei 36,1337,SANDVIKA,,brreg,https://data.brreg.no/enhetsregisteret/oppslag/enheter/934416023,"ungdomslag,bygdelag",2026-04-28
BÆRUM BYGDEKVINNELAG,916227477,BÆRUM,Akershus,"c/o Unni Wolden Staver, Vestmarkveien 27",1341,SLEPENDEN,https://www.bygdekvinnelaget.no/akershus/baerum,brreg,https://data.brreg.no/enhetsregisteret/oppslag/enheter/916227477,bygdelag,2026-04-28
BÆRUM SCHAKSELSKAPS UNGDOM,914399998,BÆRUM,Akershus,"Bærum Idrettspark, Hauger skolevei 36",1351,RUD,https://bærumsjakk.no,brreg,https://data.brreg.no/enhetsregisteret/oppslag/enheter/914399998,"ungdomslag,bygdelag",2026-04-28
BØGASET GRENDELAG,912477177,BÆRUM,Akershus,"c/o Eirik Larsson, Evjehøgda 6",1346,GJETTUM,,brreg,https://data.brreg.no/enhetsregisteret/oppslag/enheter/912477177,grendelag,2026-04-28
DEN ERITREISK FORENET UNGDOMSBEVEGELSE FOR RETTFERDIGHET OSLO-OG OMEGN,913701216,BÆRUM,Akershus,"c/o Kidane Teklehaimanot, Ghebrelibanos, Gullhaugveien 167",1354,BÆRUMS VERK,,brreg,https://data.brreg.no/enhetsregisteret/oppslag/enheter/913701216,ungdomslag,2026-04-28
DRAGULF AKERSHUS UNGDOMSSJAKKLUBB,999555209,BÆRUM,Akershus,"v/ NTG Sjakk, Hans Burums vei 30",1357,BEKKESTUA,https://www.dragulf.no,brreg,https://data.brreg.no/enhetsregisteret/oppslag/enheter/999555209,ungdomslag,2026-04-28
"FLERKULTURELL AKTIVITETSFORENING FOR VOKSNE, UNGDOM OG BARN",934053818,BÆRUM,Akershus,Paal Bergs vei 60,1348,RYKKINN,,brreg,https://data.brreg.no/enhetsregisteret/oppslag/enheter/934053818,"ungdomslag,bygdelag",2026-04-28
GRAND CRU VINKLUBB,896981242,BÆRUM,Akershus,"c/o Geir Haug, Kinoveien 14",1338,SANDVIKA,,brreg,https://data.brreg.no/enhetsregisteret/oppslag/enheter/896981242,grendelag,2026-04-28
KUNST OG SAMSPILL FOR BARN OG UNGDOM,913176421,BÆRUM,Akershus,Jongsåsveien 54,1338,SANDVIKA,https://www.niruthya.com,brreg,https://data.brreg.no/enhetsregisteret/oppslag/enheter/913176421,"ungdomslag,bygdelag",2026-04-28
MENTAL HELSE UNGDOM BÆRUM,935701929,BÆRUM,Akershus,Malmskriverveien 16,1337,SANDVIKA,,brreg,https://data.brreg.no/enhetsregisteret/oppslag/enheter/935701929,"ungdomslag,bygdelag",2026-04-28
TANNHELSE UTEN GRENSER,916875932,BÆRUM,Akershus,Niels Leuchs vei 99,1359,EIKSMARKA,https://www.tannhelseutengrenser.no,brreg,https://data.brreg.no/enhetsregisteret/oppslag/enheter/916875932,grendelag,2026-04-28
TRULSRUDMARKA FELT A4 GRENDELAG,995945355,BÆRUM,Akershus,Elen Weeas vei 76E,1350,LOMMEDALEN,,brreg,https://data.brreg.no/enhetsregisteret/oppslag/enheter/995945355,grendelag,2026-04-28
UIGURISK UNGDOMS UNION,921310552,BÆRUM,Akershus,Gruvemyra 66,1354,BÆRUMS VERK,,brreg,https://data.brreg.no/enhetsregisteret/oppslag/enheter/921310552,"ungdomslag,bygdelag",2026-04-28
ULLERN HELSELAG,912549631,BÆRUM,Akershus,"c/o Rita Hartford, Prost Christies vei 5B",1362,HOSLE,,brreg,https://data.brreg.no/enhetsregisteret/oppslag/enheter/912549631,ungdomslag,2026-04-28
UTDANNING UTEN GRENSER,912648850,BÆRUM,Akershus,Fossumhavene 40,1359,EIKSMARKA,,brreg,https://data.brreg.no/enhetsregisteret/oppslag/enheter/912648850,grendelag,2026-04-28
BYGDEGRU,932134969,EIDSVOLL,Akershus,"c/o Aud Lene Berg-Hansen, Granhauglia 20",2070,RÅHOLT,https://www.bygdegru.no,brreg,https://data.brreg.no/enhetsregisteret/oppslag/enheter/932134969,bygdelag,2026-04-28
EIDSVOLL BYGDEKVINNELAG,875500252,EIDSVOLL,Akershus,"c/o Unni Tømte, Åsleia 547",2080,EIDSVOLL,,brreg,https://data.brreg.no/enhetsregisteret/oppslag/enheter/875500252,bygdelag,2026-04-28
FEIRING UNGDOMSLAG,918669264,EIDSVOLL,Akershus,"Lisa Brodshaug, Bamrudvegen 29",2093,FEIRING,,brreg,https://data.brreg.no/enhetsregisteret/oppslag/enheter/918669264,ungdomslag,2026-04-28
ROMERIKE UNGDOMSKOR,927175339,EIDSVOLL,Akershus,"c/o Hilde Mehlum, Nyvegen 93",2073,BØN,,brreg,https://data.brreg.no/enhetsregisteret/oppslag/enheter/927175339,ungdomslag,2026-04-28
STJERNESKUDD 1814. BARNE- OG UNGDOMS MUSIKALGRUPPE,931194461,EIDSVOLL,Akershus,"c/o Lillian Bratli Hagen, Sandbakkgutua 3",2070,RÅHOLT,,brreg,https://data.brreg.no/enhetsregisteret/oppslag/enheter/931194461,"ungdomslag,bygdelag",2026-04-28
EMAUS BARN OG UNGDOM,983479189,ENEBAKK,Akershus,Loterudveien 9,1912,ENEBAKK,,brreg,https://data.brreg.no/enhetsregisteret/oppslag/enheter/983479189,"ungdomslag,bygdelag",2026-04-28
ENEBAKK BYGDEKVINNELAG,916098618,ENEBAKK,Akershus,Klokkerudåsen 6,1912,ENEBAKK,,brreg,https://data.brreg.no/enhetsregisteret/oppslag/enheter/916098618,bygdelag,2026-04-28
FLATEBY BARNE- OG UNGDOMSKOR,993757659,ENEBAKK,Akershus,"c/o Mona Tveraaen, Konvallveien 22",1911,FLATEBY,https://www.fbuk.no,brreg,https://data.brreg.no/enhetsregisteret/oppslag/enheter/993757659,ungdomslag,2026-04-28
DIGERUD GRENDESTUE,912093484,FROGN,Akershus,Fagerstrandveien 222,1455,NORDRE FROGN,https://www.digerudutleielokale.com,brreg,https://data.brreg.no/enhetsregisteret/oppslag/enheter/912093484,grendelag,2026-04-28
FROGN BYGDEKVINNELAG,999229999,FROGN,Akershus,"c/o Frogn BKL, Jorunn Henriksen, Hauerveien 30",1448,DRØBAK,,brreg,https://data.brreg.no/enhetsregisteret/oppslag/enheter/999229999,bygdelag,2026-04-28
TORKILDSBYEN OG ULLERUD VEL,998522838,FROGN,Akershus,"c/o Christine Wiig, Ellefaret 34",1444,DRØBAK,https://sites.google.com/site/,brreg,https://data.brreg.no/enhetsregisteret/oppslag/enheter/998522838,ungdomslag,2026-04-28
GJERDRUM BYGDEKOR,971268662,GJERDRUM,Akershus,"c/o Liv Huser, Askheim 1",2022,GJERDRUM,,brreg,https://data.brreg.no/enhetsregisteret/oppslag/enheter/971268662,bygdelag,2026-04-28
GJERDRUM BYGDEKVINNELAG,916284217,GJERDRUM,Akershus,"c/o Tone Haukås Gauterud, Gauterud 9",2022,GJERDRUM,https://www.bygdekvinnelaget.no,brreg,https://data.brreg.no/enhetsregisteret/oppslag/enheter/916284217,bygdelag,2026-04-28
NORD-ØSTBYGDA GRENDELAG,971268700,GJERDRUM,Akershus,"Jan Erik Sand, Nittebergvegen 19",2022,GJERDRUM,,brreg,https://data.brreg.no/enhetsregisteret/oppslag/enheter/971268700,grendelag,2026-04-28
HURDAL GRENDESKOLEPROSJEKT,918166491,HURDAL,Akershus,"c/o Patrik Swanstrøm, Alvestigen 34",2090,HURDAL,,brreg,https://data.brreg.no/enhetsregisteret/oppslag/enheter/918166491,grendelag,2026-04-28
JEVNAKER BARNE OG UNGDOMSSJAKKLUBB,921984367,JEVNAKER,Akershus,"c/o Daniel Fjørtoft Hågensen, Nerengveien 21",3520,JEVNAKER,,brreg,https://data.brreg.no/enhetsregisteret/oppslag/enheter/921984367,ungdomslag,2026-04-28
JEVNAKER BYGDEKVINNELAG,993144177,JEVNAKER,Akershus,"c/o Ingeborg Hensrud, Greftegreffveien 15",3520,JEVNAKER,https://www.bygdekvinnelaget.no,brreg,https://data.brreg.no/enhetsregisteret/oppslag/enheter/993144177,bygdelag,2026-04-28
JEVNAKER UNGDOMSKORPS,985677042,JEVNAKER,Akershus,,3520,JEVNAKER,,brreg,https://data.brreg.no/enhetsregisteret/oppslag/enheter/985677042,ungdomslag,2026-04-28
ROSEVEIEN GRENDELAG,993507083,JEVNAKER,Akershus,"c/o Wenche Elisabeth Meidell, Roseveien 4",3520,JEVNAKER,,brreg,https://data.brreg.no/enhetsregisteret/oppslag/enheter/993507083,grendelag,2026-04-28
VELFERD - JEVNAKER UNGDOMSSKOLE,921786336,JEVNAKER,Akershus,Skolevegen 20,3520,JEVNAKER,,brreg,https://data.brreg.no/enhetsregisteret/oppslag/enheter/921786336,ungdomslag,2026-04-28
BLAKER BYGDEKVINNELAG,997633938,LILLESTRØM,Akershus,Hogsethveien 90,1925,BLAKER,,brreg,https://data.brreg.no/enhetsregisteret/oppslag/enheter/997633938,bygdelag,2026-04-28
BLAKER UNGDOMSLAG,994030124,LILLESTRØM,Akershus,,1921,SØRUMSAND,https://www.blakerteater.com,brreg,https://data.brreg.no/enhetsregisteret/oppslag/enheter/994030124,ungdomslag,2026-04-28
DALEN UNGDOMSLAGS TEATERGRUPPE,985030278,LILLESTRØM,Akershus,Dalheimveien 35,1903,GAN,,brreg,https://data.brreg.no/enhetsregisteret/oppslag/enheter/985030278,ungdomslag,2026-04-28
EAC UNGDOM,922280762,LILLESTRØM,Akershus,Asakveien 11,1923,SØRUM,,brreg,https://data.brreg.no/enhetsregisteret/oppslag/enheter/922280762,"ungdomslag,bygdelag",2026-04-28
ENEBAKK BARNE OG UNGDOMSTEATER,989865382,LILLESTRØM,Akershus,"c/o Ken Dahle, Stalsbergenga 27D",1466,STRØMMEN,,brreg,https://data.brreg.no/enhetsregisteret/oppslag/enheter/989865382,ungdomslag,2026-04-28
ENEBAKKNESET UNGDOMS OG IDRETTSLAG,985876738,LILLESTRØM,Akershus,"C/o Guro Lintho Ruud, Fetveien 2221",1910,ENEBAKKNESET,,brreg,https://data.brreg.no/enhetsregisteret/oppslag/enheter/985876738,"ungdomslag,bygdelag",2026-04-28
FETSUND BARNE- OG UNGDOMSKOR,993594431,LILLESTRØM,Akershus,"c/o Hilde Bratteng, Rognebærlia 18",1900,FETSUND,,brreg,https://data.brreg.no/enhetsregisteret/oppslag/enheter/993594431,ungdomslag,2026-04-28
GANSDALEN BYGDEKVINNELAG,915230997,LILLESTRØM,Akershus,"c/o Irene Skovli, Hunesveien 170",1910,ENEBAKKNESET,,brreg,https://data.brreg.no/enhetsregisteret/oppslag/enheter/915230997,bygdelag,2026-04-28
GRANHAUGÅSEN GRENDELAG,993132829,LILLESTRØM,Akershus,"c/o BORI BBL, Tærudgata 16",2004,LILLESTRØM,,brreg,https://data.brreg.no/enhetsregisteret/oppslag/enheter/993132829,grendelag,2026-04-28
GRENDE HUSFLIDSLAG,975493571,LILLESTRØM,Akershus,Sørumsandveien,1920,SØRUMSAND,,brreg,https://data.brreg.no/enhetsregisteret/oppslag/enheter/975493571,grendelag,2026-04-28
LEIRSUND BARNE- OG UNGDOMSARBEID,929054083,LILLESTRØM,Akershus,"c/o Kristin Andreassen, Floraveien 20B",2007,KJELLER,,brreg,https://data.brreg.no/enhetsregisteret/oppslag/enheter/929054083,ungdomslag,2026-04-28
MURASAM BARN OG UNGDOMS KULTUR SENTER (MBUKS),928705072,LILLESTRØM,Akershus,Farexveien 3,2016,FROGNER,,brreg,https://data.brreg.no/enhetsregisteret/oppslag/enheter/928705072,"ungdomslag,bygdelag",2026-04-28
PESHAWA BARN OG UNGDOM FORENING,922396310,LILLESTRØM,Akershus,Voldgata 51,2000,LILLESTRØM,,brreg,https://data.brreg.no/enhetsregisteret/oppslag/enheter/922396310,"ungdomslag,bygdelag",2026-04-28
RABALDER BARNE - OG UNGDOMSTEATER,994947281,LILLESTRØM,Akershus,Lerkeveien 2,2016,FROGNER,,brreg,https://data.brreg.no/enhetsregisteret/oppslag/enheter/994947281,ungdomslag,2026-04-28
SENTER FOR FLERKULTURELL UNGDOM I SKEDSMO,996591883,LILLESTRØM,Akershus,Skogveien 21,1467,STRØMMEN,,brreg,https://data.brreg.no/enhetsregisteret/oppslag/enheter/996591883,"ungdomslag,bygdelag",2026-04-28
SKEDSMO BYGDEKVINNELAG,994154745,LILLESTRØM,Akershus,"c/o Aud Siri Hønsen Huseby, Florstuveien 50",1480,SLATTUM,https://www.bygdekvinnelaget.no/ah-skedsmo,brreg,https://data.brreg.no/enhetsregisteret/oppslag/enheter/994154745,bygdelag,2026-04-28
SØRUM BYGDEKVINNELAG,915837751,LILLESTRØM,Akershus,Såkrokveien 95,1923,SØRUM,https://bygdekvinnelaget.no/lag/akershus/sorum,brreg,https://data.brreg.no/enhetsregisteret/oppslag/enheter/915837751,bygdelag,2026-04-28
SØRUM KRISTELIGE UNGDOMSFORENING,921722303,LILLESTRØM,Akershus,"c/o Frogner misjonssenter, Frogneralleen 3",2016,FROGNER,,brreg,https://data.brreg.no/enhetsregisteret/oppslag/enheter/921722303,ungdomslag,2026-04-28
SØRUM SJAKKLUBBS UNGDOM,993802816,LILLESTRØM,Akershus,"c/o Rune Amundsen, Blåkollstubben 9",1920,SØRUMSAND,https://www.sorumsjakk.org,brreg,https://data.brreg.no/enhetsregisteret/oppslag/enheter/993802816,"ungdomslag,bygdelag",2026-04-28
TUT & KJØR BARNE- OG UNGDOMSTEATER,875891332,LILLESTRØM,Akershus,"c/o Elin Vikane, Jegerveien 6",1925,BLAKER,https://www.tutogkjoer.no/,brreg,https://data.brreg.no/enhetsregisteret/oppslag/enheter/875891332,ungdomslag,2026-04-28
U-LANDSHJELP FRA FOLK TIL FOLK I NORGE,981054776,LILLESTRØM,Akershus,Lindebergvegen 3 C,2016,FROGNER,https://www.uffnorge.org,brreg,https://data.brreg.no/enhetsregisteret/oppslag/enheter/981054776,ungdomslag,2026-04-28
UNGDOM A-Å,934240308,LILLESTRØM,Akershus,Voldgata 27,2000,LILLESTRØM,,brreg,https://data.brreg.no/enhetsregisteret/oppslag/enheter/934240308,"ungdomslag,bygdelag",2026-04-28
GRUA UNGDOMS OG IDRETTSLAG,991819118,LUNNER,Akershus,Granlybanen,2742,GRUA,https://www.gruauil.no,brreg,https://data.brreg.no/enhetsregisteret/oppslag/enheter/991819118,"ungdomslag,bygdelag",2026-04-28
GRUAKOLLEN GRENDELAG,993237442,LUNNER,Akershus,,2717,GRUA,https://www.gruakollen.com,brreg,https://data.brreg.no/enhetsregisteret/oppslag/enheter/993237442,grendelag,2026-04-28
HARESTUA BARNE-OG UNGDOMSTEATER,923613846,LUNNER,Akershus,"c/o Mari Lehne Lier, Regnbuevegen 11",2743,HARESTUA,,brreg,https://data.brreg.no/enhetsregisteret/oppslag/enheter/923613846,ungdomslag,2026-04-28
GRORUD UNGDOMSKORPS,977182387,LØRENSKOG,Akershus,"c/o Nina Slettebakk, Søster Mathildes gate 32",1461,LØRENSKOG,https://www.groruduk.no/,brreg,https://data.brreg.no/enhetsregisteret/oppslag/enheter/977182387,ungdomslag,2026-04-28
LØRENSKOG BYGDEKVINNELAG,919138955,LØRENSKOG,Akershus,"c/o Karin Nygård Åstveit, Haugerveien 30",1475,FINSTADJORDET,,brreg,https://data.brreg.no/enhetsregisteret/oppslag/enheter/919138955,bygdelag,2026-04-28
MENTAL HELSE UNGDOM ROMERIKE,917864276,LØRENSKOG,Akershus,Løkenåsveien 27,1473,LØRENSKOG,,brreg,https://data.brreg.no/enhetsregisteret/oppslag/enheter/917864276,"ungdomslag,bygdelag",2026-04-28
MINHAJ UL QURAN LØRENSKOG,936687547,LØRENSKOG,Akershus,Harry Olsens vei 10,1461,LØRENSKOG,,brreg,https://data.brreg.no/enhetsregisteret/oppslag/enheter/936687547,ungdomslag,2026-04-28
V CARE 4 U,996892700,LØRENSKOG,Akershus,"c/o Akash Singhal, Søster Mathildes gate 10A",1461,LØRENSKOG,,brreg,https://data.brreg.no/enhetsregisteret/oppslag/enheter/996892700,ungdomslag,2026-04-28
MOREPPEN VEL OG GRENDELAG,981630157,NANNESTAD,Akershus,Gardermovegen 123,2030,NANNESTAD,,brreg,https://data.brreg.no/enhetsregisteret/oppslag/enheter/981630157,grendelag,2026-04-28
NANNESTAD BYGDELISTE,917371741,NANNESTAD,Akershus,"C/O Morten Marthinsen, Vargvegen 37",2030,NANNESTAD,https://www.nannestadbygdeliste.no,brreg,https://data.brreg.no/enhetsregisteret/oppslag/enheter/917371741,bygdelag,2026-04-28
STEINSGÅRD GRENDELAG,934279581,NANNESTAD,Akershus,Stensgårdvegen 158A,2032,MAURA,,brreg,https://data.brreg.no/enhetsregisteret/oppslag/enheter/934279581,grendelag,2026-04-28
GRENI SANITETSFORENING,917096740,NES,Akershus,"c/o Ingrid Strøm, Glomma terrasse 7A",2150,ÅRNES,,brreg,https://data.brreg.no/enhetsregisteret/oppslag/enheter/917096740,grendelag,2026-04-28
NES BYGDEKOR,977317312,NES,Akershus,"c/o Jeanette Gebecke, Polarisvegen 54A",2165,HVAM,,brreg,https://data.brreg.no/enhetsregisteret/oppslag/enheter/977317312,bygdelag,2026-04-28
NES BYGDEKVINNELAG,918615962,NES,Akershus,"c/o Aurora Østeng Aarhus, Slettumvegen 22",2170,FENSTAD,,brreg,https://data.brreg.no/enhetsregisteret/oppslag/enheter/918615962,bygdelag,2026-04-28
NORGES HANDIKAPFORBUND NES OG ULLENSAKER,992645334,NES,Akershus,"c/o Kristen Salberg, Høielia 6",2150,ÅRNES,,brreg,https://data.brreg.no/enhetsregisteret/oppslag/enheter/992645334,ungdomslag,2026-04-28
SKOGBYGDA UNGDOMSLAG FAGERHEIM,929082915,NES,Akershus,Togstadvegen 798,2164,SKOGBYGDA,,brreg,https://data.brreg.no/enhetsregisteret/oppslag/enheter/929082915,ungdomslag,2026-04-28
VORMSUND UNGDOMSSKOLES VELFERDSFORENING,930912751,NES,Akershus,Doktorbakken 6,2160,VORMSUND,,brreg,https://data.brreg.no/enhetsregisteret/oppslag/enheter/930912751,ungdomslag,2026-04-28
ØSTRE UDNES BYGDEKVINNELAG,915901476,NES,Akershus,Flakstadalléen 25,1929,AULI,,brreg,https://data.brreg.no/enhetsregisteret/oppslag/enheter/915901476,bygdelag,2026-04-28
AGNORSTUBBEN GRENDELAG,899063252,NESODDEN,Akershus,"c/o Kasserer Trude Wangsvig, Agnorstubben 23",1454,FAGERSTRAND,,brreg,https://data.brreg.no/enhetsregisteret/oppslag/enheter/899063252,grendelag,2026-04-28
BREIDABLIKK GRENDELAG,928487458,NESODDEN,Akershus,Damengveien 6,1454,FAGERSTRAND,https://www.breidablikk-fagerstrand.com,brreg,https://data.brreg.no/enhetsregisteret/oppslag/enheter/928487458,grendelag,2026-04-28
JAER UNGDOMSFORENING,991554556,NESODDEN,Akershus,Hasleveien 77,1459,NESODDEN,,brreg,https://data.brreg.no/enhetsregisteret/oppslag/enheter/991554556,ungdomslag,2026-04-28
TJERNSKOGEN GRENDELAG,899116232,NESODDEN,Akershus,"c/o Eirik Bjørnset, Skoklefald terrasse 33",1452,NESODDTANGEN,,brreg,https://data.brreg.no/enhetsregisteret/oppslag/enheter/899116232,grendelag,2026-04-28
HOLUM SKOG GRENDEHUS,913330617,NITTEDAL,Akershus,"c/o Solstua Barnehage, Morteveien 30",1481,HAGAN,,brreg,https://data.brreg.no/enhetsregisteret/oppslag/enheter/913330617,grendelag,2026-04-28
NITTEDAL BARNE- OG UNGDOMSKOR,994308653,NITTEDAL,Akershus,"c/o Åse Frank, Ulvefaret 102",1488,HAKADAL,https://www.nittedalbarnekor.no,brreg,https://data.brreg.no/enhetsregisteret/oppslag/enheter/994308653,ungdomslag,2026-04-28
NITTEDAL BYGDEKOR,984178379,NITTEDAL,Akershus,"c/o Inge Hallgeir Solli, Heggeveien 5B",1481,HAGAN,https://www.bygdekoret.no,brreg,https://data.brreg.no/enhetsregisteret/oppslag/enheter/984178379,bygdelag,2026-04-28
NITTEDAL OG HAKADAL BYGDEKVINNELAG,991906835,NITTEDAL,Akershus,"C/O Wenche Abrahamsrud, Liljeveien 17D",1487,HAKADAL,,brreg,https://data.brreg.no/enhetsregisteret/oppslag/enheter/991906835,bygdelag,2026-04-28
NITTEDAL SJAKKLUBBS UNGDOM,911592460,NITTEDAL,Akershus,"c/o Magnus Waldemar Digernes, Echostubben 11",1482,NITTEDAL,https://www.nittedalsjakk.priv.no,brreg,https://data.brreg.no/enhetsregisteret/oppslag/enheter/911592460,"ungdomslag,bygdelag",2026-04-28
PLUSS UNGDOMSMILJØ,898614972,NITTEDAL,Akershus,"Rådstua, 3. etg., Rådhusveien 3",1482,NITTEDAL,,brreg,https://data.brreg.no/enhetsregisteret/oppslag/enheter/898614972,ungdomslag,2026-04-28
SMEDSTUFELTET GRENDELAG,991408460,NITTEDAL,Akershus,"c/o Trond Smedstad, Smedstustubben 4",1480,SLATTUM,,brreg,https://data.brreg.no/enhetsregisteret/oppslag/enheter/991408460,grendelag,2026-04-28
STUA FOR UNGDOM,922830967,NITTEDAL,Akershus,"c/o Mariann Savic, Steinerudbakken 1A",1480,SLATTUM,,brreg,https://data.brreg.no/enhetsregisteret/oppslag/enheter/922830967,"ungdomslag,bygdelag",2026-04-28
ULLEVÅL SYKKELKLUBB,993545619,NITTEDAL,Akershus,"c/o Morten Simonsen, Haugeråsen 18D",1480,SLATTUM,,brreg,https://data.brreg.no/enhetsregisteret/oppslag/enheter/993545619,ungdomslag,2026-04-28
VIETNAMESISK UNGDOMSKLUBB,913053486,NITTEDAL,Akershus,"c/o Chin Van Nguyen, Kringsjåveien 7",1484,HAKADAL,,brreg,https://data.brreg.no/enhetsregisteret/oppslag/enheter/913053486,ungdomslag,2026-04-28
BØLERKOLLEN GRENDELAG,990977585,NORDRE FOLLO,Akershus,Briskeveien 1,1405,LANGHUS,https://www.bolerkollen.no,brreg,https://data.brreg.no/enhetsregisteret/oppslag/enheter/990977585,grendelag,2026-04-28
FOLLO BARNE- OG UNGDOMSSKOLES VENNER,927540479,NORDRE FOLLO,Akershus,"c/o Tonje Nicolaisen, Sagstuveien 20C",1405,LANGHUS,,brreg,https://data.brreg.no/enhetsregisteret/oppslag/enheter/927540479,ungdomslag,2026-04-28
FORENINGEN GRENDEHUSET SOLHEIM,912774716,NORDRE FOLLO,Akershus,Bekkenstenveien 13,1420,SVARTSKOG,,brreg,https://data.brreg.no/enhetsregisteret/oppslag/enheter/912774716,grendelag,2026-04-28
GRENDELAGET NORDRE FINSTAD 2,996921727,NORDRE FOLLO,Akershus,"c/o Vilhjalmur Ragnar Vilhjalmsson, Finstadsvingen 43",1406,SKI,,brreg,https://data.brreg.no/enhetsregisteret/oppslag/enheter/996921727,grendelag,2026-04-28
KRÅKSTAD BARNE- OG UNGDOMSMUSIKK,971255188,NORDRE FOLLO,Akershus,Kråkstadveien 130,1408,KRÅKSTAD,https://www.facebook.com/Kråkstad-Jazz-1473117233018220/,brreg,https://data.brreg.no/enhetsregisteret/oppslag/enheter/971255188,ungdomslag,2026-04-28
KRÅKSTAD BYGDEKVINNELAG,911997509,NORDRE FOLLO,Akershus,"c/o Bodil Berg, Bjerkeveien 12",1408,KRÅKSTAD,https://www.bygdekvinnelaget.no,brreg,https://data.brreg.no/enhetsregisteret/oppslag/enheter/911997509,bygdelag,2026-04-28
PLATESLEKTENS GRENER I / FRA SOLØR,920011683,NORDRE FOLLO,Akershus,Sandboveien 24,1423,SKI,,brreg,https://data.brreg.no/enhetsregisteret/oppslag/enheter/920011683,grendelag,2026-04-28
SKI BYGDEKVINNELAG,997997999,NORDRE FOLLO,Akershus,"c/o Torhild Solem, Oppsandveien 14",1425,SKI,,brreg,https://data.brreg.no/enhetsregisteret/oppslag/enheter/997997999,bygdelag,2026-04-28
SNUBBA GRENDELAG,971396202,NORDRE FOLLO,Akershus,"c/o Rita Heimly Amundsen, Trelastveien 14",1415,OPPEGÅRD,,brreg,https://data.brreg.no/enhetsregisteret/oppslag/enheter/971396202,grendelag,2026-04-28
STENFELTBAKKEN GRENDELAG,996292290,NORDRE FOLLO,Akershus,Stenfeltbakken 73,1405,LANGHUS,https://www.stenfelt.no,brreg,https://data.brreg.no/enhetsregisteret/oppslag/enheter/996292290,grendelag,2026-04-28
TROLLÅSEN GRENDELAG,971477792,NORDRE FOLLO,Akershus,Flisveien 14,1414,TROLLÅSEN,https://www.trollasengrendelag.info,brreg,https://data.brreg.no/enhetsregisteret/oppslag/enheter/971477792,grendelag,2026-04-28
ØSTENGA GRENDELAG,913739191,NORDRE FOLLO,Akershus,"c/o Rune Amundsen, Elveveien 35",1408,KRÅKSTAD,,brreg,https://data.brreg.no/enhetsregisteret/oppslag/enheter/913739191,grendelag,2026-04-28
FAU MARIKOLLEN UNGDOMSSKOLE,919531401,RÆLINGEN,Akershus,"c/o Siri Aas Rustad, Veslejordet 13",2008,FJERDINGBY,,brreg,https://data.brreg.no/enhetsregisteret/oppslag/enheter/919531401,ungdomslag,2026-04-28
ROMERIKE UNGDOMSLAG,817401252,RÆLINGEN,Akershus,"c/o Shaheer Nabi, Nedre Rælingsveg 315",2008,FJERDINGBY,https://facebook.com/romerikeungdomslag,brreg,https://data.brreg.no/enhetsregisteret/oppslag/enheter/817401252,ungdomslag,2026-04-28
RÆLINGEN BYGDEKVINNELAG,999238262,RÆLINGEN,Akershus,"c/o Else Nora Skjerping, Prost Refsums veg 8B",2005,RÆLINGEN,,brreg,https://data.brreg.no/enhetsregisteret/oppslag/enheter/999238262,bygdelag,2026-04-28
YTRE RÆLINGEN UNGDOM OG IDRETTSLAG,984065469,RÆLINGEN,Akershus,"c/o Sten Arnesen, Teglvegen 9",2009,NORDBY,https://www.yruil.no,brreg,https://data.brreg.no/enhetsregisteret/oppslag/enheter/984065469,"ungdomslag,bygdelag",2026-04-28
ADVENTURE LEAGUE ULLENSAKER,925561967,ULLENSAKER,Akershus,"c/o Vebjørn Lillegård, Sandbakken 23B",2053,JESSHEIM,,brreg,https://data.brreg.no/enhetsregisteret/oppslag/enheter/925561967,ungdomslag,2026-04-28
AL HUDDA ISLAMSK SENTER ULLENSAKER,934553187,ULLENSAKER,Akershus,Ursins veg 2B,2066,JESSHEIM,,brreg,https://data.brreg.no/enhetsregisteret/oppslag/enheter/934553187,ungdomslag,2026-04-28
ALGARHEIM/FLADBYSETER GRENDEUTVALG,916944799,ULLENSAKER,Akershus,"c/o Per Kristian Knutsen, Fjellstien 11",2056,ALGARHEIM,,brreg,https://data.brreg.no/enhetsregisteret/oppslag/enheter/916944799,grendelag,2026-04-28
ALLSANG I ULLENSAKER,927911345,ULLENSAKER,Akershus,"c/o Per Trygve Gjertsen, Manesjen 6B",2050,JESSHEIM,allsangiullensaker,brreg,https://data.brreg.no/enhetsregisteret/oppslag/enheter/927911345,ungdomslag,2026-04-28
BORGEN I L,938732272,ULLENSAKER,Akershus,Borgen Klubbhus,2040,KLØFTA,https://www.borgenil.no,brreg,https://data.brreg.no/enhetsregisteret/oppslag/enheter/938732272,ungdomslag,2026-04-28
BRETTSPILL ULLENSAKER,995299704,ULLENSAKER,Akershus,Nordbyvegen 22,2069,JESSHEIM,https://www.ssku.plakaten.no,brreg,https://data.brreg.no/enhetsregisteret/oppslag/enheter/995299704,ungdomslag,2026-04-28
CIVITAN CLUB ULLENSAKER SIV,984002076,ULLENSAKER,Akershus,"c/o kasserer Grethe Fjelly, Ringvegen 19D",2066,JESSHEIM,,brreg,https://data.brreg.no/enhetsregisteret/oppslag/enheter/984002076,ungdomslag,2026-04-28
CIVITAN ULLENSAKER,928593959,ULLENSAKER,Akershus,"c/o Grethe Fjelly, Ringvegen 19D",2066,JESSHEIM,,brreg,https://data.brreg.no/enhetsregisteret/oppslag/enheter/928593959,ungdomslag,2026-04-28
DE NORSKE LENKER ULLENSAKER,883860462,ULLENSAKER,Akershus,"Frivilligsentralen, Høvleriet kafe, Sveavegen 36",2053,JESSHEIM,,brreg,https://data.brreg.no/enhetsregisteret/oppslag/enheter/883860462,ungdomslag,2026-04-28
DEN ERITREISKE FORENING I ULLENSAKER,934571428,ULLENSAKER,Akershus,"c/o Nega Kflay Weldemichael, Hilton 102",2040,KLØFTA,,brreg,https://data.brreg.no/enhetsregisteret/oppslag/enheter/934571428,ungdomslag,2026-04-28
DEN EVANGELISK LUTHERSKE FRIKIRKE ULLENSAKER MENIGHET,975525260,ULLENSAKER,Akershus,Kisavegen 53,2055,NORDKISA,https://frikirken.nordkisa.no,brreg,https://data.brreg.no/enhetsregisteret/oppslag/enheter/975525260,ungdomslag,2026-04-28
DEN FRIE ERITREISKE KULTUR - OG SAMFUNNSFORENINGEN I ULLENSAKER,933984958,ULLENSAKER,Akershus,Nordbystien 23,2066,JESSHEIM,,brreg,https://data.brreg.no/enhetsregisteret/oppslag/enheter/933984958,ungdomslag,2026-04-28
DET LILLE EKSTRA ULLENSAKER,916524609,ULLENSAKER,Akershus,Sveavegen 36,2053,JESSHEIM,,brreg,https://data.brreg.no/enhetsregisteret/oppslag/enheter/916524609,ungdomslag,2026-04-28
FONTENEHUSET ULLENSAKER STI,924969652,ULLENSAKER,Akershus,Trondheimsvegen - Jessheim 77,2050,JESSHEIM,,brreg,https://data.brreg.no/enhetsregisteret/oppslag/enheter/924969652,ungdomslag,2026-04-28
FORELDREGRUPPE FOR MUSIKALEN I ULLENSAKER KULTURSKOLE,934920678,ULLENSAKER,Akershus,Furusethgata 12,2050,JESSHEIM,,brreg,https://data.brreg.no/enhetsregisteret/oppslag/enheter/934920678,ungdomslag,2026-04-28
FORENINGEN UNGDOM TIL VOKSEN,814018652,ULLENSAKER,Akershus,Trondheimsvegen - Kløfta 84,2040,KLØFTA,,brreg,https://data.brreg.no/enhetsregisteret/oppslag/enheter/814018652,"ungdomslag,bygdelag",2026-04-28
FURUHEIM GRENDELAG I,997543319,ULLENSAKER,Akershus,Husmannsvegen 15,2040,KLØFTA,,brreg,https://data.brreg.no/enhetsregisteret/oppslag/enheter/997543319,grendelag,2026-04-28
GLOBAL GATHERING ULLENSAKER,930543705,ULLENSAKER,Akershus,"c/o Hege Lepsøe, Sveavegen 7",2053,JESSHEIM,,brreg,https://data.brreg.no/enhetsregisteret/oppslag/enheter/930543705,ungdomslag,2026-04-28
GYSTADMARKA UNGDOMSSKOLE FAU,914392667,ULLENSAKER,Akershus,Aktivitetsvegen 25,2069,JESSHEIM,,brreg,https://data.brreg.no/enhetsregisteret/oppslag/enheter/914392667,ungdomslag,2026-04-28
HOVIN GRENDELAG,933856275,ULLENSAKER,Akershus,"c/o Martin Panes Furuseth, Krokfossvegen 76B",2067,JESSHEIM,,brreg,https://data.brreg.no/enhetsregisteret/oppslag/enheter/933856275,grendelag,2026-04-28
HUMAN-ETISK FORBUND ULLENSAKER OG NANNESTAD LOKALLAG,987262982,ULLENSAKER,Akershus,"c/o Randi Hermanrud, Flatavegen 6",2050,JESSHEIM,,brreg,https://data.brreg.no/enhetsregisteret/oppslag/enheter/987262982,ungdomslag,2026-04-28
JESSHEIM GRENDEUTVALG SØR,995732971,ULLENSAKER,Akershus,"c/o Håkon Stenbakken, Gamle Trondheimsveg 23B",2053,JESSHEIM,,brreg,https://data.brreg.no/enhetsregisteret/oppslag/enheter/995732971,grendelag,2026-04-28
JESSHEIM SJAKKLUBB - BARN OG UNGDOM,920627560,ULLENSAKER,Akershus,"c/o Bjørn Wiggo R. Hoel, Øvre Lerkeveg 10A",2067,JESSHEIM,,brreg,https://data.brreg.no/enhetsregisteret/oppslag/enheter/920627560,"ungdomslag,bygdelag",2026-04-28
KISA KRISTELIGE UNGDOMSFORENING,918270655,ULLENSAKER,Akershus,"c/o Tore Furuseth, Kisavegen 29",2056,ALGARHEIM,,brreg,https://data.brreg.no/enhetsregisteret/oppslag/enheter/918270655,ungdomslag,2026-04-28
L-BIRDS OF NORWAY,922549826,ULLENSAKER,Akershus,"c/o Per Anders Johnsen, Maiblomvegen 19",2052,JESSHEIM,,brreg,https://data.brreg.no/enhetsregisteret/oppslag/enheter/922549826,ungdomslag,2026-04-28
LHL ULLENSAKER,983893902,ULLENSAKER,Akershus,"c/o Eva Fjell, Konvallvegen 1",2052,JESSHEIM,,brreg,https://data.brreg.no/enhetsregisteret/oppslag/enheter/983893902,ungdomslag,2026-04-28
LIBERALISTENE ULLENSAKER,922425469,ULLENSAKER,Akershus,"c/o Natalya Engelsrud Fritzen, Brinken 95",2050,JESSHEIM,,brreg,https://data.brreg.no/enhetsregisteret/oppslag/enheter/922425469,ungdomslag,2026-04-28
LIE GRENDELAG,922911649,ULLENSAKER,Akershus,"c/o Preben Steffenrud, Vilbergvegen 165",2067,JESSHEIM,,brreg,https://data.brreg.no/enhetsregisteret/oppslag/enheter/922911649,grendelag,2026-04-28
LIONS CLUB ULLENSAKER,987209046,ULLENSAKER,Akershus,"c/o Jan Olav Hagen, Grevlingvegen 6",2069,JESSHEIM,,brreg,https://data.brreg.no/enhetsregisteret/oppslag/enheter/987209046,ungdomslag,2026-04-28
LIONS CLUB ULLENSAKER KLØFTA,984024193,ULLENSAKER,Akershus,"c/o Kjell Ragnar Bjerke, Hilton 21",2040,KLØFTA,,brreg,https://data.brreg.no/enhetsregisteret/oppslag/enheter/984024193,ungdomslag,2026-04-28
LUND GRENDEHUS,971269278,ULLENSAKER,Akershus,Gamle Kongsvingerveg 237,2040,KLØFTA,https://lundgrendehus.no,brreg,https://data.brreg.no/enhetsregisteret/oppslag/enheter/971269278,grendelag,2026-04-28
MENTAL HELSE ULLENSAKER,994525603,ULLENSAKER,Akershus,Myrsletta 185,2052,JESSHEIM,https://mentalhelse.no,brreg,https://data.brreg.no/enhetsregisteret/oppslag/enheter/994525603,ungdomslag,2026-04-28
MENTAL HELSE UNGDOM ULLENSAKER,922589127,ULLENSAKER,Akershus,Sveavegen 36,2053,JESSHEIM,,brreg,https://data.brreg.no/enhetsregisteret/oppslag/enheter/922589127,"ungdomslag,bygdelag",2026-04-28
MIKLAGARD GOLFKLUBB ULLENSAKER,933442411,ULLENSAKER,Akershus,Væringvegen 24,2040,KLØFTA,https://www.miklagardgolf.no,brreg,https://data.brreg.no/enhetsregisteret/oppslag/enheter/933442411,ungdomslag,2026-04-28
MIR ULLENSAKER,929987551,ULLENSAKER,Akershus,"c/o Sabreen Muhsin, Sjøbergvegen 4A",2066,JESSHEIM,https://www.mirnett.org/wp/lokallagene/ovre-romerike,brreg,https://data.brreg.no/enhetsregisteret/oppslag/enheter/929987551,ungdomslag,2026-04-28
MOGREINA GRENDEUTVALG,820272242,ULLENSAKER,Akershus,"c/o Tom Rosenvinge, Trollringen 12",2054,MOGREINA,,brreg,https://data.brreg.no/enhetsregisteret/oppslag/enheter/820272242,grendelag,2026-04-28
NASJONALFORENINGEN FOR FOLKEHELSEN ULLENSAKER DEMENSFORENING,925122378,ULLENSAKER,Akershus,"c/o Pårørørendes hus, Veiberggata 7",2050,JESSHEIM,,brreg,https://data.brreg.no/enhetsregisteret/oppslag/enheter/925122378,ungdomslag,2026-04-28
NFU ULLENSAKER LOKALLAG,918842691,ULLENSAKER,Akershus,"c/o Karina Jørgensen, Dørresvingen 21",2040,KLØFTA,,brreg,https://data.brreg.no/enhetsregisteret/oppslag/enheter/918842691,ungdomslag,2026-04-28
SENIORNETT ULLENSAKER,923307303,ULLENSAKER,Akershus,"c/o Mette Boquist, Fiolvegen 27",2052,JESSHEIM,,brreg,https://data.brreg.no/enhetsregisteret/oppslag/enheter/923307303,ungdomslag,2026-04-28
ULLENSAKER BUESKYTTERKLUBB,894941162,ULLENSAKER,Akershus,"c/o Pål Vik-Strandli, Skoleringen 8",2054,MOGREINA,,brreg,https://data.brreg.no/enhetsregisteret/oppslag/enheter/894941162,ungdomslag,2026-04-28
ULLENSAKER BYGDEKVINNELAG,996815560,ULLENSAKER,Akershus,"c/o Anne-Mette Nordby Thorvaldsen, Nordbysagvegen 49",2055,NORDKISA,,brreg,https://data.brreg.no/enhetsregisteret/oppslag/enheter/996815560,"ungdomslag,bygdelag",2026-04-28
ULLENSAKER CYKLEKLUB,990755280,ULLENSAKER,Akershus,"c/o Heidi Bakken, Skomakervegen 1",2040,KLØFTA,https://uck.no,brreg,https://data.brreg.no/enhetsregisteret/oppslag/enheter/990755280,ungdomslag,2026-04-28
ULLENSAKER FLERKULTURELL SAMFUNN,928021513,ULLENSAKER,Akershus,Karibakken 6A,2053,JESSHEIM,,brreg,https://data.brreg.no/enhetsregisteret/oppslag/enheter/928021513,ungdomslag,2026-04-28
ULLENSAKER FRIVILLIGSENTRAL STI,981500598,ULLENSAKER,Akershus,Sveavegen 36,2053,JESSHEIM,,brreg,https://data.brreg.no/enhetsregisteret/oppslag/enheter/981500598,ungdomslag,2026-04-28
ULLENSAKER GOLFKLUBB,988132918,ULLENSAKER,Akershus,Søkjosvegen 32,2067,JESSHEIM,,brreg,https://data.brreg.no/enhetsregisteret/oppslag/enheter/988132918,ungdomslag,2026-04-28
ULLENSAKER GYM OG TURN,976515846,ULLENSAKER,Akershus,"Aktivitetsvegen 25, Gystadmarka Skole",2069,JESSHEIM,https://www.ugt.no,brreg,https://data.brreg.no/enhetsregisteret/oppslag/enheter/976515846,ungdomslag,2026-04-28
ULLENSAKER HAGELAG,818875002,ULLENSAKER,Akershus,"c/o Liv Lerdahl, Postboks 223",2051,JESSHEIM,,brreg,https://data.brreg.no/enhetsregisteret/oppslag/enheter/818875002,ungdomslag,2026-04-28
ULLENSAKER HISTORIELAG,993149896,ULLENSAKER,Akershus,Oscar Christensens veg 14,2056,ALGARHEIM,,brreg,https://data.brreg.no/enhetsregisteret/oppslag/enheter/993149896,ungdomslag,2026-04-28
ULLENSAKER HUSFLIDSLAG,975497933,ULLENSAKER,Akershus,Oscar Christensens veg 14,2056,ALGARHEIM,,brreg,https://data.brreg.no/enhetsregisteret/oppslag/enheter/975497933,ungdomslag,2026-04-28
ULLENSAKER IDRETTSRÅD,989278495,ULLENSAKER,Akershus,Kanalvegen 102,2069,JESSHEIM,,brreg,https://data.brreg.no/enhetsregisteret/oppslag/enheter/989278495,ungdomslag,2026-04-28
ULLENSAKER ISSPORTKLUBB,989313339,ULLENSAKER,Akershus,Markavegen,2050,JESSHEIM,https://www.ullis.no,brreg,https://data.brreg.no/enhetsregisteret/oppslag/enheter/989313339,ungdomslag,2026-04-28
ULLENSAKER JANITSJAR,978623050,ULLENSAKER,Akershus,"Kløfta Menighetssenter, Børserudvegen 2",2040,KLØFTA,,brreg,https://data.brreg.no/enhetsregisteret/oppslag/enheter/978623050,ungdomslag,2026-04-28
ULLENSAKER JEGER OG FISKERFORENING,993740268,ULLENSAKER,Akershus,"c/o Kjell Disenbroen, Bekkevegen 3",2040,KLØFTA,,brreg,https://data.brreg.no/enhetsregisteret/oppslag/enheter/993740268,ungdomslag,2026-04-28
ULLENSAKER KRISTELIGE FOLKEPARTI,919887516,ULLENSAKER,Akershus,"c/o Dagny RiseLaache, Kjosvegen 118",2067,JESSHEIM,,brreg,https://data.brreg.no/enhetsregisteret/oppslag/enheter/919887516,ungdomslag,2026-04-28
ULLENSAKER KULTURRÅD,915464297,ULLENSAKER,Akershus,"c/o Trine Bjerkeli Hansen, Romsaas Allé 18",2063,JESSHEIM,https://Ullensakerkultur.no,brreg,https://data.brreg.no/enhetsregisteret/oppslag/enheter/915464297,ungdomslag,2026-04-28
ULLENSAKER KUNSTFORENING,998257387,ULLENSAKER,Akershus,Storgata 6,2050,JESSHEIM,,brreg,https://data.brreg.no/enhetsregisteret/oppslag/enheter/998257387,ungdomslag,2026-04-28
ULLENSAKER MUSLIMSKE SENTER,819645922,ULLENSAKER,Akershus,Gotaasalleen 39,2050,JESSHEIM,https://www.umsenter.no,brreg,https://data.brreg.no/enhetsregisteret/oppslag/enheter/819645922,ungdomslag,2026-04-28
ULLENSAKER ORIENTERINGSLAG,993213640,ULLENSAKER,Akershus,"v/Tommy Skårbø, Åsmoen vestre 59",2052,JESSHEIM,https://www.ullensakerorientering.no/,brreg,https://data.brreg.no/enhetsregisteret/oppslag/enheter/993213640,ungdomslag,2026-04-28
ULLENSAKER PETANQUEKLUBB,928681661,ULLENSAKER,Akershus,"c/o Ole Hågensen, Åsmoen vestre 5",2052,JESSHEIM,,brreg,https://data.brreg.no/enhetsregisteret/oppslag/enheter/928681661,ungdomslag,2026-04-28
ULLENSAKER PISTOLKLUBB,920041736,ULLENSAKER,Akershus,"c/o Carl Axel Søndenaa, Huldrevegen 6",2068,JESSHEIM,https://idrett.speaker.no/IL/UllensakerPistolklubb,brreg,https://data.brreg.no/enhetsregisteret/oppslag/enheter/920041736,ungdomslag,2026-04-28
ULLENSAKER REVMATIKERFORENING,983887279,ULLENSAKER,Akershus,,2051,JESSHEIM,,brreg,https://data.brreg.no/enhetsregisteret/oppslag/enheter/983887279,ungdomslag,2026-04-28
ULLENSAKER RIDEKLUBB,992059230,ULLENSAKER,Akershus,"c/o Anne-Cathrine Sellæg, Ullersmovegen 76",2040,KLØFTA,https://www.ullensakerrideklubb.com,brreg,https://data.brreg.no/enhetsregisteret/oppslag/enheter/992059230,ungdomslag,2026-04-28
ULLENSAKER RØDE KORS,976533860,ULLENSAKER,Akershus,Gislevollvegen 19,2067,JESSHEIM,https://www.rodekors.no/ullensaker,brreg,https://data.brreg.no/enhetsregisteret/oppslag/enheter/976533860,ungdomslag,2026-04-28
ULLENSAKER SANITETSFORENING,971436549,ULLENSAKER,Akershus,Leirvegen 6,2066,JESSHEIM,,brreg,https://data.brreg.no/enhetsregisteret/oppslag/enheter/971436549,ungdomslag,2026-04-28
ULLENSAKER SKATEBOARDKLUBB,811825042,ULLENSAKER,Akershus,"c/o Fredrik Stroda Heier, Nordbyvegen 14A",2069,JESSHEIM,https://www.ullrull.no,brreg,https://data.brreg.no/enhetsregisteret/oppslag/enheter/811825042,ungdomslag,2026-04-28
ULLENSAKER SKIKLUBB,992824174,ULLENSAKER,Akershus,"Jahn Bjørnar Haugen, Postboks 226",2051,JESSHEIM,https://www.ullensakerskiklubb.no,brreg,https://data.brreg.no/enhetsregisteret/oppslag/enheter/992824174,ungdomslag,2026-04-28
ULLENSAKER SKOLEKORPS,975695913,ULLENSAKER,Akershus,Postboks 171,2051,JESSHEIM,,brreg,https://data.brreg.no/enhetsregisteret/oppslag/enheter/975695913,ungdomslag,2026-04-28
ULLENSAKER SKYTTERLAG,984320949,ULLENSAKER,Akershus,Prosjektilvegen 10,2055,NORDKISA,https://ullensaker.skytterlag.no,brreg,https://data.brreg.no/enhetsregisteret/oppslag/enheter/984320949,ungdomslag,2026-04-28
ULLENSAKER SPELEMANNSLAG,912091155,ULLENSAKER,Akershus,Dampsaga allé 70,2053,JESSHEIM,,brreg,https://data.brreg.no/enhetsregisteret/oppslag/enheter/912091155,ungdomslag,2026-04-28
ULLENSAKER TAMILSKE IDRETT OG KULTUR FORENING,932951347,ULLENSAKER,Akershus,Kongsvingervegen 7B,2040,KLØFTA,,brreg,https://data.brreg.no/enhetsregisteret/oppslag/enheter/932951347,ungdomslag,2026-04-28
ULLENSAKER TEATER,995358476,ULLENSAKER,Akershus,Postboks 60,2051,JESSHEIM,https://ullensakerteater.com,brreg,https://data.brreg.no/enhetsregisteret/oppslag/enheter/995358476,ungdomslag,2026-04-28
ULLENSAKER VANNSKIKLUBB,987390654,ULLENSAKER,Akershus,Granvegen 17,2068,JESSHEIM,https://www.ullensaker-vsk.org,brreg,https://data.brreg.no/enhetsregisteret/oppslag/enheter/987390654,ungdomslag,2026-04-28
ULLENSAKER VENSTRE,920847439,ULLENSAKER,Akershus,"Gamle Algarheimsveg 125, Gamle Algarheimsveg 125, Gamle Algarheimsveg 125",2052,JESSHEIM,,brreg,https://data.brreg.no/enhetsregisteret/oppslag/enheter/920847439,ungdomslag,2026-04-28
ULLENSAKER VETERANKORPS,919535911,ULLENSAKER,Akershus,"c/o Mona Irene Johansen, Gjestadtoppen 10",2050,JESSHEIM,,brreg,https://data.brreg.no/enhetsregisteret/oppslag/enheter/919535911,ungdomslag,2026-04-28
ULLENSAKER VOLLEYBALL KLUBB,984183038,ULLENSAKER,Akershus,"c/o Kjersti Grønsten, Skinnerudvegen 13",2040,KLØFTA,,brreg,https://data.brreg.no/enhetsregisteret/oppslag/enheter/984183038,ungdomslag,2026-04-28
ULLENSAKER/KISA IL,969954753,ULLENSAKER,Akershus,Postboks 166,2051,JESSHEIM,https://www.ullkisa.no,brreg,https://data.brreg.no/enhetsregisteret/oppslag/enheter/969954753,ungdomslag,2026-04-28
ULLENSAKER/KISA IL FOTBALL,985027749,ULLENSAKER,Akershus,Aktivitetsvegen 7,2069,JESSHEIM,https://www.ullkisafotball.no,brreg,https://data.brreg.no/enhetsregisteret/oppslag/enheter/985027749,ungdomslag,2026-04-28
ULLENSAKER/KISA IL FRIIDRETT,997321006,ULLENSAKER,Akershus,Kanalvegen 108,2069,JESSHEIM,https://www.ukifriidrett.no,brreg,https://data.brreg.no/enhetsregisteret/oppslag/enheter/997321006,ungdomslag,2026-04-28
ULLENSAKER/KISA IL HÅNDBALL,969962691,ULLENSAKER,Akershus,"2 etasje Jessheim Stadion, Aktivitetsvegen 7",2069,JESSHEIM,https://www.ullkisahandball.no/,brreg,https://data.brreg.no/enhetsregisteret/oppslag/enheter/969962691,ungdomslag,2026-04-28
FELT U GARASJELAG,922831416,VESTBY,Akershus,"c/o Øyvind Rødahl, Ugleveien 17",1554,SON,,brreg,https://data.brreg.no/enhetsregisteret/oppslag/enheter/922831416,ungdomslag,2026-04-28
MENTAL HELSE UNGDOM VESTBY,915242839,VESTBY,Akershus,"c/o Lillan Eide, Randemsletta 29",1543,VESTBY,https://www.mentalhelseungdom.no/vestby,brreg,https://data.brreg.no/enhetsregisteret/oppslag/enheter/915242839,"ungdomslag,bygdelag",2026-04-28
STIFTELSEN GARDER GRENDESENTER,986104623,VESTBY,Akershus,Garderveien 649,1544,VESTBY,https://www.gardarheim.no,brreg,https://data.brreg.no/enhetsregisteret/oppslag/enheter/986104623,grendelag,2026-04-28
VESTBY BARNE- OG UNGDOMSKOR,926367056,VESTBY,Akershus,"Vestby Menighetshus, Hvitstenveien 320",1542,VESTBY,,brreg,https://data.brreg.no/enhetsregisteret/oppslag/enheter/926367056,ungdomslag,2026-04-28
VESTBY BYGDEKVINNELAG,996415686,VESTBY,Akershus,Speiderveien 18,1543,VESTBY,https://bygdekvinnelaget.no/lokallag/vestby-bygdekvinnelag,brreg,https://data.brreg.no/enhetsregisteret/oppslag/enheter/996415686,bygdelag,2026-04-28
BRØNNERUD GRENDEHUS,999018947,ÅS,Akershus,"c/o Hanne K. Støkken, Gamle Mossevei 140",1433,ÅS,,brreg,https://data.brreg.no/enhetsregisteret/oppslag/enheter/999018947,grendelag,2026-04-28
DEN ERITREISKE UNGDOMSFORENING I NORGE (ERINOR),932968959,ÅS,Akershus,Brekkeveien 23,1430,ÅS,,brreg,https://data.brreg.no/enhetsregisteret/oppslag/enheter/932968959,ungdomslag,2026-04-28
HOLSTAD GRENDELAG,913558685,ÅS,Akershus,Haugerudveien 23,1434,ÅS,,brreg,https://data.brreg.no/enhetsregisteret/oppslag/enheter/913558685,grendelag,2026-04-28
MENTAL HELSE UNGDOM ÅS,916587074,ÅS,Akershus,Postboks 1264 NMBU,1432,ÅS,https://www.mentalhelseungdom.no/aas,brreg,https://data.brreg.no/enhetsregisteret/oppslag/enheter/916587074,"ungdomslag,bygdelag",2026-04-28
REIRET UNGDOMSKLUBB,926159054,ÅS,Akershus,"c/o Tom Paulsen, Postboks 30",1429,VINTERBRO,,brreg,https://data.brreg.no/enhetsregisteret/oppslag/enheter/926159054,ungdomslag,2026-04-28
UMID UIGUR BARNE- OG UNGDOMSFORENING,923824065,ÅS,Akershus,Solfallsveien 53,1435,ÅS,,brreg,https://data.brreg.no/enhetsregisteret/oppslag/enheter/923824065,ungdomslag,2026-04-28
ÅS BARNE- OG UNGDOMSKANTORI,998554209,ÅS,Akershus,Sagaveien 3,1430,ÅS,,brreg,https://data.brreg.no/enhetsregisteret/oppslag/enheter/998554209,ungdomslag,2026-04-28
ÅS BYGDEKVINNELAG,917065098,ÅS,Akershus,"c/o Bjørg R.H. Sæther, Kjærnesveien 89",1407,VINTERBRO,,brreg,https://data.brreg.no/enhetsregisteret/oppslag/enheter/917065098,bygdelag,2026-04-28
ASSELAM BARNA OG UNGDOM FORENING,932206358,DRAMMEN,Buskerud,Rundtom 2,3055,KROKSTADELVA,,brreg,https://data.brreg.no/enhetsregisteret/oppslag/enheter/932206358,"ungdomslag,bygdelag",2026-04-28
BRAGERNES KIRKES JENTE OG UNGDOMSKOR,895067962,DRAMMEN,Buskerud,Kirkegata 7,3016,DRAMMEN,https://www.drammen.kirken.no,brreg,https://data.brreg.no/enhetsregisteret/oppslag/enheter/895067962,ungdomslag,2026-04-28
BUSKERUD SOSIALISTISK UNGDOM,971308230,DRAMMEN,Buskerud,Fayegata 23,3011,DRAMMEN,,brreg,https://data.brreg.no/enhetsregisteret/oppslag/enheter/971308230,"ungdomslag,bygdelag",2026-04-28
BUSKERUD UNGDOMSFORENING,989716107,DRAMMEN,Buskerud,Postboks 37,3051,MJØNDALEN,,brreg,https://data.brreg.no/enhetsregisteret/oppslag/enheter/989716107,ungdomslag,2026-04-28
FORENINGEN DRAMMEN BARNE- OG UNGDOMSTEATER,919934727,DRAMMEN,Buskerud,"c/o Anette Flittig, Onshuusveien 7",3045,DRAMMEN,https://www.dbuteater.no,brreg,https://data.brreg.no/enhetsregisteret/oppslag/enheter/919934727,ungdomslag,2026-04-28
FREMTIDENS UNGDOM,987825944,DRAMMEN,Buskerud,Christian Bloms gate 10,3041,DRAMMEN,,brreg,https://data.brreg.no/enhetsregisteret/oppslag/enheter/987825944,"ungdomslag,bygdelag",2026-04-28
GLADE UNGDOMS LIVS LAIVERE,936086594,DRAMMEN,Buskerud,Rebbansbakken 6,3018,DRAMMEN,,brreg,https://data.brreg.no/enhetsregisteret/oppslag/enheter/936086594,"ungdomslag,bygdelag",2026-04-28
KONNERUD BARNE- OG UNGDOMSTEATER,914526353,DRAMMEN,Buskerud,"c/o Anne Merete Andreassen, Minkstien 34",3033,DRAMMEN,,brreg,https://data.brreg.no/enhetsregisteret/oppslag/enheter/914526353,ungdomslag,2026-04-28
LASSEBAKKEN GRENDEHUS,920615791,DRAMMEN,Buskerud,Lassebakken 2,3046,DRAMMEN,,brreg,https://data.brreg.no/enhetsregisteret/oppslag/enheter/920615791,grendelag,2026-04-28
LEIKARRINGEN NOREG BUL DRAMMEN,895242802,DRAMMEN,Buskerud,"c/o Per Røgeberg, Enga 5",3055,KROKSTADELVA,,brreg,https://data.brreg.no/enhetsregisteret/oppslag/enheter/895242802,ungdomslag,2026-04-28
LIKEVERD OG INKLUDERING FOR BARN OG UNGDOM,930556882,DRAMMEN,Buskerud,"c/o Shazieh Karimi, Gamle Riksvei 181",3058,SOLBERGMOEN,,brreg,https://data.brreg.no/enhetsregisteret/oppslag/enheter/930556882,"ungdomslag,bygdelag",2026-04-28
MARIENLYST UNGDOM,932175401,DRAMMEN,Buskerud,"C/O Bekir Cagdas Cenger, Trollstien 44",3034,DRAMMEN,,brreg,https://data.brreg.no/enhetsregisteret/oppslag/enheter/932175401,"ungdomslag,bygdelag",2026-04-28
"MENTAL HELSE UNGDOM DRAMMEN, LIER, RØYKEN, HURUM OG SVELVIK",988460494,DRAMMEN,Buskerud,Telthusgata 8,3044,DRAMMEN,https://www.facebook.no/MentalHelseUngdomDrammen,brreg,https://data.brreg.no/enhetsregisteret/oppslag/enheter/988460494,"ungdomslag,bygdelag",2026-04-28
MINHAJ UNGDOM BUSKERUD,920817270,DRAMMEN,Buskerud,Postboks 9626 Fjellhagen,3065,DRAMMEN,,brreg,https://data.brreg.no/enhetsregisteret/oppslag/enheter/920817270,"ungdomslag,bygdelag",2026-04-28
MUSLIMSK FORENT UNGDOM,822796192,DRAMMEN,Buskerud,Gamlebakken 18,3046,DRAMMEN,,brreg,https://data.brreg.no/enhetsregisteret/oppslag/enheter/822796192,"ungdomslag,bygdelag",2026-04-28
NEDRE EIKER BARNE- OG UNGDOMSTEATER,916909888,DRAMMEN,Buskerud,"c/o Ole Markussen, Marsfeltet 29",3055,KROKSTADELVA,https://www.nebut.no,brreg,https://data.brreg.no/enhetsregisteret/oppslag/enheter/916909888,ungdomslag,2026-04-28
NEDRE EIKER BYGDEKVINNELAG,998877695,DRAMMEN,Buskerud,"c\o Synøve Vinsvold, Snippøra 12",3050,MJØNDALEN,,brreg,https://data.brreg.no/enhetsregisteret/oppslag/enheter/998877695,bygdelag,2026-04-28
NESBYGDA UNGDOMSLAG,920889409,DRAMMEN,Buskerud,Nesvangveien 3,3060,SVELVIK,,brreg,https://data.brreg.no/enhetsregisteret/oppslag/enheter/920889409,ungdomslag,2026-04-28
NORSK KENNEL KLUB UNGDOM,929661761,DRAMMEN,Buskerud,"c/o Astrid Bjørnarå, Edvard Stangs gate 25",3014,DRAMMEN,https://www.nkkungdom.com,brreg,https://data.brreg.no/enhetsregisteret/oppslag/enheter/929661761,"ungdomslag,bygdelag",2026-04-28
NORWAY KANIRES UNGDOM,919425830,DRAMMEN,Buskerud,"c/o Mehmet Polat, Åslyveien 25",3023,DRAMMEN,,brreg,https://data.brreg.no/enhetsregisteret/oppslag/enheter/919425830,"ungdomslag,bygdelag",2026-04-28
PENSJONISTPARTIETS UNGDOMSLAG.,934193393,DRAMMEN,Buskerud,Skogliveien 61B,3047,DRAMMEN,,brreg,https://data.brreg.no/enhetsregisteret/oppslag/enheter/934193393,ungdomslag,2026-04-28
SANDE OG SVELVIK FREMSKRITTSPARTIETS UNGDOM,996958078,DRAMMEN,Buskerud,"C/O Silje Helen Sørhaug Johansen, Furusvingen 15",3060,SVELVIK,https://www.vestfold.fpu.no/sande-og-svelvik-fpu/,brreg,https://data.brreg.no/enhetsregisteret/oppslag/enheter/996958078,"ungdomslag,bygdelag",2026-04-28
SVELVIK UNGDOMSLAG,997439619,DRAMMEN,Buskerud,"c/o Helene Fjellberg, Kirkeveien 3",3075,BERGER,,brreg,https://data.brreg.no/enhetsregisteret/oppslag/enheter/997439619,ungdomslag,2026-04-28
TYRKISK SAMLAR BARN-OG UNGDOMSKLUBB,995118254,DRAMMEN,Buskerud,Rådhusgata 18,3015,DRAMMEN,https://www.samlardrammen.com,brreg,https://data.brreg.no/enhetsregisteret/oppslag/enheter/995118254,ungdomslag,2026-04-28
U.S. CAR CLUB BUSKERUD,988946516,DRAMMEN,Buskerud,Evjegata 11B,3050,MJØNDALEN,https://www.usccb.no,brreg,https://data.brreg.no/enhetsregisteret/oppslag/enheter/988946516,ungdomslag,2026-04-28
VIKEN UNGDOM,931971506,DRAMMEN,Buskerud,"c/o Aram Mirkani, Sagaveien 12",3050,MJØNDALEN,,brreg,https://data.brreg.no/enhetsregisteret/oppslag/enheter/931971506,"ungdomslag,bygdelag",2026-04-28
ÅSSIDEN UNGDOMSKLUBB,930136433,DRAMMEN,Buskerud,Buskerudveien 142,3027,DRAMMEN,https://www.assiden.no/,brreg,https://data.brreg.no/enhetsregisteret/oppslag/enheter/930136433,ungdomslag,2026-04-28
FLESBERG BYGDEKVINNELAG,994552724,FLESBERG,Buskerud,"c/o Marit Stevning, Numedalsvegen 2178",3623,LAMPELAND,,brreg,https://data.brreg.no/enhetsregisteret/oppslag/enheter/994552724,bygdelag,2026-04-28
FLESBERG BYGDELAG,919140623,FLESBERG,Buskerud,"c/o Bjørnar Ruud Mojaren, Flesbergvegen 14",3620,FLESBERG,,brreg,https://data.brreg.no/enhetsregisteret/oppslag/enheter/919140623,bygdelag,2026-04-28
LYNGDAL BYGDELAG,813426552,FLESBERG,Buskerud,"c/o Harald Teksle, Bakliroa 47",3624,LYNGDAL I NUMEDAL,,brreg,https://data.brreg.no/enhetsregisteret/oppslag/enheter/813426552,bygdelag,2026-04-28
SVENE BYGDEKVINNELAG,918993509,FLESBERG,Buskerud,"c/oKristin Baalerud, Bjønnåsvegen 1",3623,LAMPELAND,,brreg,https://data.brreg.no/enhetsregisteret/oppslag/enheter/918993509,bygdelag,2026-04-28
STAVN UNGDOMSLAG,912370216,FLÅ,Buskerud,Stavn,3539,FLÅ,,brreg,https://data.brreg.no/enhetsregisteret/oppslag/enheter/912370216,ungdomslag,2026-04-28
GOL BARNE- OG UNGDOMSKORPS,995480093,GOL,Buskerud,,3550,GOL,,brreg,https://data.brreg.no/enhetsregisteret/oppslag/enheter/995480093,ungdomslag,2026-04-28
GOL UNGDOMSLAG,992293527,GOL,Buskerud,"Vonheim, Hemsedalsvegen 21",3550,GOL,,brreg,https://data.brreg.no/enhetsregisteret/oppslag/enheter/992293527,ungdomslag,2026-04-28
HEMSEDAL SJAKKLUBBS UNGDOM,922572968,HEMSEDAL,Buskerud,"c/o Tor Albrigtsen, Seljevegen 22",3560,HEMSEDAL,,brreg,https://data.brreg.no/enhetsregisteret/oppslag/enheter/922572968,"ungdomslag,bygdelag",2026-04-28
DAGALI BYGDEKVINNELAG,816787122,HOL,Buskerud,"c/o Lise Håvardsrud, Bygdevegen 101",3588,DAGALI,,brreg,https://data.brreg.no/enhetsregisteret/oppslag/enheter/816787122,bygdelag,2026-04-28
DAGALI GRENDELAG,993839868,HOL,Buskerud,Bygdevegen 36,3588,DAGALI,,brreg,https://data.brreg.no/enhetsregisteret/oppslag/enheter/993839868,grendelag,2026-04-28
DAGALI UNGDOMSLAG,912593231,HOL,Buskerud,Bygdevegen,3588,DAGALI,,brreg,https://data.brreg.no/enhetsregisteret/oppslag/enheter/912593231,ungdomslag,2026-04-28
HAUGASTØL OG USTAOSET GRENDELAG,937222726,HOL,Buskerud,"c/o Gro Vindegg, Ustevegen 14",3593,USTAOSET,,brreg,https://data.brreg.no/enhetsregisteret/oppslag/enheter/937222726,grendelag,2026-04-28
HOL BYGDEKVINNELAG,993840211,HOL,Buskerud,Holsfjordvegen 39,3576,HOL,,brreg,https://data.brreg.no/enhetsregisteret/oppslag/enheter/993840211,bygdelag,2026-04-28
HOLET OG MOEN GRENDELAG,919909250,HOL,Buskerud,"c/o Knut Medhus, Øvre Holsvegen 105",3576,HOL,,brreg,https://data.brreg.no/enhetsregisteret/oppslag/enheter/919909250,grendelag,2026-04-28
HOVET BYGDEKVINNELAG,920053270,HOL,Buskerud,"c/o Liv Jorunn Øvrejorde, Mogrendvegen 150",3576,HOL,,brreg,https://data.brreg.no/enhetsregisteret/oppslag/enheter/920053270,bygdelag,2026-04-28
KVISLATUN GRENDEHUS,923853006,HOL,Buskerud,Kvisla 96,3580,GEILO,,brreg,https://data.brreg.no/enhetsregisteret/oppslag/enheter/923853006,grendelag,2026-04-28
MOEN GRENDEHUS,823539002,HOL,Buskerud,"c/o Liv Jorunn  Øvrejorde, Mogrendvegen 150",3576,HOL,,brreg,https://data.brreg.no/enhetsregisteret/oppslag/enheter/823539002,grendelag,2026-04-28
SKURDALEN GRENDELAG,821410282,HOL,Buskerud,Fjelljom 21,3580,GEILO,,brreg,https://data.brreg.no/enhetsregisteret/oppslag/enheter/821410282,grendelag,2026-04-28
HOLE UNGDOMSFORENING,986723927,HOLE,Buskerud,Postboks 58,3529,RØYSE,,brreg,https://data.brreg.no/enhetsregisteret/oppslag/enheter/986723927,ungdomslag,2026-04-28
SKIKLUBBEN GRENADEREN,917351635,HOLE,Buskerud,"C/O Trond Risåsen, Mosengbakken 16",3530,RØYSE,https://www.grenaderen.com,brreg,https://data.brreg.no/enhetsregisteret/oppslag/enheter/917351635,grendelag,2026-04-28
SYVENDEDAGS ADVENTISTKIRKENS BARNE- OG UNGDOMSFORENING,993076147,HOLE,Buskerud,Vik Senter,3530,RØYSE,,brreg,https://data.brreg.no/enhetsregisteret/oppslag/enheter/993076147,ungdomslag,2026-04-28
EFTELØT BYGDELAG,911625229,KONGSBERG,Buskerud,Efteløtveien 439,3647,HVITTINGFOSS,https://www.eftelotbygdelag.no,brreg,https://data.brreg.no/enhetsregisteret/oppslag/enheter/911625229,bygdelag,2026-04-28
HVITTINGFOSS BARNE- OG UNGDOMSTEATE,812096532,KONGSBERG,Buskerud,"c/o Una Friberg Kalleberg, Beverstubben 4",3647,HVITTINGFOSS,,brreg,https://data.brreg.no/enhetsregisteret/oppslag/enheter/812096532,ungdomslag,2026-04-28
I L BERGKAMERATENE,971309245,KONGSBERG,Buskerud,Reinsgaten 20,3611,KONGSBERG,https://www.kongsberg.net/bk,brreg,https://data.brreg.no/enhetsregisteret/oppslag/enheter/971309245,ungdomslag,2026-04-28
KOMNES GRENDELAG,997504879,KONGSBERG,Buskerud,"c/o Frank-Robert Torkildsen, Vestsideveien 690",3648,PASSEBEKK,,brreg,https://data.brreg.no/enhetsregisteret/oppslag/enheter/997504879,grendelag,2026-04-28
"KONGSBERG BARNE- OG UNGDOMSKOR,ETABLERT SOM KONGSBERG PIKEKOR 1949",980292959,KONGSBERG,Buskerud,"c/o Kjersti Dølplass, Olavas vei 33",3613,KONGSBERG,,brreg,https://data.brreg.no/enhetsregisteret/oppslag/enheter/980292959,ungdomslag,2026-04-28
KONGSGÅRDMOEN BARNE- & UNGDOMSTEATER,911592304,KONGSBERG,Buskerud,"Kongsgårdmoen Skole, Fleischers vei 4",3615,KONGSBERG,,brreg,https://data.brreg.no/enhetsregisteret/oppslag/enheter/911592304,ungdomslag,2026-04-28
LEIKARRINGEN I BUL KONGSBERG,997021622,KONGSBERG,Buskerud,Postboks 80,3602,KONGSBERG,,brreg,https://data.brreg.no/enhetsregisteret/oppslag/enheter/997021622,ungdomslag,2026-04-28
LJØTERUD GRENDEHUS/KRETSFORENING,920464629,KONGSBERG,Buskerud,Ljøterudveien 371,3618,SKOLLENBORG,,brreg,https://data.brreg.no/enhetsregisteret/oppslag/enheter/920464629,grendelag,2026-04-28
MENTAL HELSE UNGDOM KONGSBERG,923049835,KONGSBERG,Buskerud,Stiksrudgata 1,3611,KONGSBERG,,brreg,https://data.brreg.no/enhetsregisteret/oppslag/enheter/923049835,"ungdomslag,bygdelag",2026-04-28
MENTAL HELSE UNGDOM ØVRE EIKER,929507045,KONGSBERG,Buskerud,"c/o Annbjørg Laugerud Skaug, Valmueveien 2",3612,KONGSBERG,https://mentalhelseungdom.no/moteplasser/mhu-ovre-eiker/,brreg,https://data.brreg.no/enhetsregisteret/oppslag/enheter/929507045,"ungdomslag,bygdelag",2026-04-28
SANDSVÆR BYGDEKVINNELAG,913035038,KONGSBERG,Buskerud,"c/o Ellisiv Vinæs Kleven, Gunnesveien 11",3618,SKOLLENBORG,,brreg,https://data.brreg.no/enhetsregisteret/oppslag/enheter/913035038,bygdelag,2026-04-28
BUSO - BUSKERUD UNGDOMS STRYKEORKESTER,976217020,LIER,Buskerud,"c/o Dag Øystein Feness Berger, Ovenstadlia 10",3420,LIERSKOGEN,https://www.buso.unofbuskerud.no,brreg,https://data.brreg.no/enhetsregisteret/oppslag/enheter/976217020,"ungdomslag,bygdelag",2026-04-28
GROFLATA GRENDELAG,892193002,LIER,Buskerud,Groflata,3420,LIERSKOGEN,,brreg,https://data.brreg.no/enhetsregisteret/oppslag/enheter/892193002,grendelag,2026-04-28
HØVIK BARNE OG UNGDOMSTEATER,988349380,LIER,Buskerud,"c/o Margrethe Skaug Andreassen, Østenga 30",3404,LIER,https://www.hbut.no,brreg,https://data.brreg.no/enhetsregisteret/oppslag/enheter/988349380,ungdomslag,2026-04-28
LIER BYGDEKVINNELAG,998729300,LIER,Buskerud,Kovestadveien 19,3427,GULLAUG,,brreg,https://data.brreg.no/enhetsregisteret/oppslag/enheter/998729300,bygdelag,2026-04-28
LIER OG DRAMMEN UNGDOMSKORPS,930947067,LIER,Buskerud,"c/o Karine Sandsbråten, Kvernbakken 28",3427,GULLAUG,,brreg,https://data.brreg.no/enhetsregisteret/oppslag/enheter/930947067,ungdomslag,2026-04-28
BRUNES GRENDELAG,912773671,MODUM,Buskerud,Brunes,3370,VIKERSUND,,brreg,https://data.brreg.no/enhetsregisteret/oppslag/enheter/912773671,grendelag,2026-04-28
BYGDEMUSIKKENS VENNER I KRØDSHERRAD OG OMEGN,994413937,MODUM,Buskerud,"v/Lise Merethe Jokerud, Austadveien 2",3370,VIKERSUND,https://www.bygdemusikkens-venner.no,brreg,https://data.brreg.no/enhetsregisteret/oppslag/enheter/994413937,bygdelag,2026-04-28
GIMLE GRENDEHUS,996331237,MODUM,Buskerud,"c/o Audun Eriksen, Formoveien 156",3340,ÅMOT,,brreg,https://data.brreg.no/enhetsregisteret/oppslag/enheter/996331237,grendelag,2026-04-28
I L MOINGEN,985720983,MODUM,Buskerud,"Kaggefossveien 64, Holemoen",3370,VIKERSUND,https://www.moingen.no,brreg,https://data.brreg.no/enhetsregisteret/oppslag/enheter/985720983,ungdomslag,2026-04-28
MODUM BARNE OG UNGDOMSTEATER,899162242,MODUM,Buskerud,Skrettebergveien 95,3370,VIKERSUND,,brreg,https://data.brreg.no/enhetsregisteret/oppslag/enheter/899162242,ungdomslag,2026-04-28
MODUM SJAKKLUBBS UNGDOM,996286959,MODUM,Buskerud,,3340,ÅMOT,https://www.modumsjakken.net,brreg,https://data.brreg.no/enhetsregisteret/oppslag/enheter/996286959,"ungdomslag,bygdelag",2026-04-28
NORDRE MODUM BYGDEKVINNELAG,991557873,MODUM,Buskerud,"c/o Torill Brit Korsvik, Vikersundgata 4B",3370,VIKERSUND,,brreg,https://data.brreg.no/enhetsregisteret/oppslag/enheter/991557873,bygdelag,2026-04-28
SNARUM BYGDEKVINNELAG,921623682,MODUM,Buskerud,"c/o Vera Stake Hilsen, Hilsenveien 44",3370,VIKERSUND,,brreg,https://data.brreg.no/enhetsregisteret/oppslag/enheter/921623682,bygdelag,2026-04-28
SNARUM GRENDELAG,988043508,MODUM,Buskerud,Nyhusveien,3370,VIKERSUND,,brreg,https://data.brreg.no/enhetsregisteret/oppslag/enheter/988043508,grendelag,2026-04-28
SØNDRE MODUM BYGDEKVINNELAG,820160452,MODUM,Buskerud,Kollerudveien 45,3340,ÅMOT,,brreg,https://data.brreg.no/enhetsregisteret/oppslag/enheter/820160452,bygdelag,2026-04-28
ULL&OMTANKE MODUM,916305664,MODUM,Buskerud,"c/o Tonje Madeleine Andersen, Eikveien 12",3360,GEITHUS,,brreg,https://data.brreg.no/enhetsregisteret/oppslag/enheter/916305664,ungdomslag,2026-04-28
ØSTMODUM GRENDELAG,999135005,MODUM,Buskerud,Øst-Modumveien 846,3370,VIKERSUND,,brreg,https://data.brreg.no/enhetsregisteret/oppslag/enheter/999135005,grendelag,2026-04-28
BOTOLFSHUS AKTIVITETSSENTER FOR UNGDOM I HALLINGDAL,925710687,NESBYEN,Buskerud,"c/o Kent Aslam, Bassengvegen 21",3540,NESBYEN,,brreg,https://data.brreg.no/enhetsregisteret/oppslag/enheter/925710687,"ungdomslag,bygdelag",2026-04-28
LIE GRENDEFORENING,814201872,NESBYEN,Buskerud,"c/o Åshild Woxen Thoen, Liagardan 48",3540,NESBYEN,,brreg,https://data.brreg.no/enhetsregisteret/oppslag/enheter/814201872,grendelag,2026-04-28
NES BYGDEKVINNELAG,922421390,NESBYEN,Buskerud,"c/o Torunn Bekkeseth, Hallingdalsvegen 5093",3540,NESBYEN,,brreg,https://data.brreg.no/enhetsregisteret/oppslag/enheter/922421390,bygdelag,2026-04-28
NES UNGDOMSLAG,971310537,NESBYEN,Buskerud,"Alfarvegen, Sollys",3540,NESBYEN,,brreg,https://data.brreg.no/enhetsregisteret/oppslag/enheter/971310537,ungdomslag,2026-04-28
SYVERSRUD GRENDEHUS,923805362,NESBYEN,Buskerud,Rukkedalsvegen 1126,3540,NESBYEN,,brreg,https://data.brreg.no/enhetsregisteret/oppslag/enheter/923805362,grendelag,2026-04-28
BUSKERUD BYGDEKVINNELAG,976487109,NORE OG UVDAL,Buskerud,"v/Britt Guton Halland, Kirkebygda 419",3632,UVDAL,,brreg,https://data.brreg.no/enhetsregisteret/oppslag/enheter/976487109,bygdelag,2026-04-28
BYGDEBILEN I NORE OG UVDAL,920622143,NORE OG UVDAL,Buskerud,"c/o Stein Erik Røbech, Hvålsvegen 59",3629,NORE,,brreg,https://data.brreg.no/enhetsregisteret/oppslag/enheter/920622143,bygdelag,2026-04-28
BYGDEDØGØN,929056663,NORE OG UVDAL,Buskerud,"c/o Siri Therese Snarheim Bergan, Øvre Bakkehaugan 41",3632,UVDAL,,brreg,https://data.brreg.no/enhetsregisteret/oppslag/enheter/929056663,bygdelag,2026-04-28
NORDSTJERNA UNGDOMSLAG,912584607,NORE OG UVDAL,Buskerud,Uvdalsvegen 2154,3632,UVDAL,https://noreoguvdal.friskus.no,brreg,https://data.brreg.no/enhetsregisteret/oppslag/enheter/912584607,ungdomslag,2026-04-28
NORE BYGDEKVINNELAG,814184862,NORE OG UVDAL,Buskerud,Hvålsvegen 74,3629,NORE,,brreg,https://data.brreg.no/enhetsregisteret/oppslag/enheter/814184862,bygdelag,2026-04-28
UNGDOMSLAGET FJELLBLOM,912591832,NORE OG UVDAL,Buskerud,"c/o Janne Nina Lislelid, Øygardsgrend",3630,RØDBERG,,brreg,https://data.brreg.no/enhetsregisteret/oppslag/enheter/912591832,ungdomslag,2026-04-28
UVDAL BYGDEKVINNELAG,997868390,NORE OG UVDAL,Buskerud,"c/o Gunhild Vikan, Kirkebygda 208",3632,UVDAL,,brreg,https://data.brreg.no/enhetsregisteret/oppslag/enheter/997868390,bygdelag,2026-04-28
BRUNSTAD UNGDOMSKLUBB HØNEFOSS,922152292,RINGERIKE,Buskerud,"c/o Irene Larsen, Parkgata 13E",3513,HØNEFOSS,,brreg,https://data.brreg.no/enhetsregisteret/oppslag/enheter/922152292,ungdomslag,2026-04-28
HAGA TERRASSE GRENDELAG,917340021,RINGERIKE,Buskerud,"c/o Jan Olav Knutsen, Haga terrasse 9",3514,HØNEFOSS,,brreg,https://data.brreg.no/enhetsregisteret/oppslag/enheter/917340021,grendelag,2026-04-28
HAUG BYGDELAG,893219382,RINGERIKE,Buskerud,Fløytingen 104,3514,HØNEFOSS,https://www.haugbygdelag.no,brreg,https://data.brreg.no/enhetsregisteret/oppslag/enheter/893219382,bygdelag,2026-04-28
HEN GRENDEHUS,916666942,RINGERIKE,Buskerud,Storetjernveien 2,3516,HØNEFOSS,,brreg,https://data.brreg.no/enhetsregisteret/oppslag/enheter/916666942,grendelag,2026-04-28
HØNEFOSS UNGDOMSKORPS,975385507,RINGERIKE,Buskerud,"c/o Tor Eid, Borgergata 1",3514,HØNEFOSS,,brreg,https://data.brreg.no/enhetsregisteret/oppslag/enheter/975385507,ungdomslag,2026-04-28
NAKKERUD UNGDOMSLAG,993807370,RINGERIKE,Buskerud,"c/o Lise Torunn Søderholm, Stasjonsveien 44",3533,TYRISTRAND,,brreg,https://data.brreg.no/enhetsregisteret/oppslag/enheter/993807370,ungdomslag,2026-04-28
NORDERHOV BYGDEKVINNELAG,994836846,RINGERIKE,Buskerud,"c/o Else Hval, Åsaveien 800",3512,HØNEFOSS,,brreg,https://data.brreg.no/enhetsregisteret/oppslag/enheter/994836846,bygdelag,2026-04-28
NORDERHOV UNGDOMS OG IDRETTSLAG,991275940,RINGERIKE,Buskerud,Konglefaret 7,3511,HØNEFOSS,https://www.nuil.no,brreg,https://data.brreg.no/enhetsregisteret/oppslag/enheter/991275940,"ungdomslag,bygdelag",2026-04-28
OPPENÅSEN GRENDELAG,923094679,RINGERIKE,Buskerud,"c/o Helene Halvorsen, Oppenåsen 129",3518,HØNEFOSS,,brreg,https://data.brreg.no/enhetsregisteret/oppslag/enheter/923094679,grendelag,2026-04-28
RALLERUD UNGDOMSFORENING,994142364,RINGERIKE,Buskerud,"c/o Hanne Nyhus Lerfaldet, Soknedalsveien 230",3534,SOKNA,,brreg,https://data.brreg.no/enhetsregisteret/oppslag/enheter/994142364,ungdomslag,2026-04-28
RAMSRUD GRENDELAG,924332646,RINGERIKE,Buskerud,"c/o Harald Berger, Ramsrudveien 7",3518,HØNEFOSS,,brreg,https://data.brreg.no/enhetsregisteret/oppslag/enheter/924332646,grendelag,2026-04-28
RINGERIKE BARNE- OG UNGDOMSKOR,984082576,RINGERIKE,Buskerud,"c/o Marita Hvalsbråten, Ringkollveien 84B",3514,HØNEFOSS,,brreg,https://data.brreg.no/enhetsregisteret/oppslag/enheter/984082576,ungdomslag,2026-04-28
SOGNEDALEN BYGDEKVINNELAG,993896993,RINGERIKE,Buskerud,Gullovveien 12,3534,SOKNA,,brreg,https://data.brreg.no/enhetsregisteret/oppslag/enheter/993896993,bygdelag,2026-04-28
SOKNA SKOLE OG UNGDOMSKORPS,979520115,RINGERIKE,Buskerud,,3534,SOKNA,,brreg,https://data.brreg.no/enhetsregisteret/oppslag/enheter/979520115,ungdomslag,2026-04-28
STOLT UNGDOM,931915800,RINGERIKE,Buskerud,"c/o Terje Håkenstad, Heradsbygdveien 27",3518,HØNEFOSS,,brreg,https://data.brreg.no/enhetsregisteret/oppslag/enheter/931915800,"ungdomslag,bygdelag",2026-04-28
STRØMSODDBYGDA UNGDOMSLAG,912371514,RINGERIKE,Buskerud,Strømsoddveien 275,3534,SOKNA,,brreg,https://data.brreg.no/enhetsregisteret/oppslag/enheter/912371514,ungdomslag,2026-04-28
TSJETSJENSK UNGDOMSFORENING (TUF),911561166,RINGERIKE,Buskerud,Stabells gate 12A,3510,HØNEFOSS,,brreg,https://data.brreg.no/enhetsregisteret/oppslag/enheter/911561166,ungdomslag,2026-04-28
TYRISTRAND BYGDEKVINNELAG,918453385,RINGERIKE,Buskerud,"c/o Kristi Berggaard, Kindsåsveien 16",3533,TYRISTRAND,,brreg,https://data.brreg.no/enhetsregisteret/oppslag/enheter/918453385,bygdelag,2026-04-28
TYRISTRAND UNGDOMSKLUBB,989780344,RINGERIKE,Buskerud,"IF Tyristubbens klubbhus, Steinsrøysveien",3533,TYRISTRAND,,brreg,https://data.brreg.no/enhetsregisteret/oppslag/enheter/989780344,ungdomslag,2026-04-28
UNGDOMSLAGET HAAB,994861891,RINGERIKE,Buskerud,Tjyruhjellveien 21,3512,HØNEFOSS,,brreg,https://data.brreg.no/enhetsregisteret/oppslag/enheter/994861891,ungdomslag,2026-04-28
ÅSKAMERATENE UNGDOMS & IDRETTSLAG,992639679,RINGERIKE,Buskerud,Hadelandsveien 814,3520,JEVNAKER,https://www.aaskam.no,brreg,https://data.brreg.no/enhetsregisteret/oppslag/enheter/992639679,"ungdomslag,bygdelag",2026-04-28
BYGDEBILEN,912156737,ROLLAG,Buskerud,"c/o Sonja Moustgaard Hansen, Krosshaugvegen 127",3628,VEGGLI,,brreg,https://data.brreg.no/enhetsregisteret/oppslag/enheter/912156737,bygdelag,2026-04-28
ROLLAG BYGDEKVINNELAG,918837337,ROLLAG,Buskerud,,3626,ROLLAG,,brreg,https://data.brreg.no/enhetsregisteret/oppslag/enheter/918837337,bygdelag,2026-04-28
EGGEDAL SKOLE OG UNGDOMSKORPS,999056172,SIGDAL,Buskerud,"c/o Lillian Holm, Vestbygda 15",3359,EGGEDAL,,brreg,https://data.brreg.no/enhetsregisteret/oppslag/enheter/999056172,ungdomslag,2026-04-28
GRENDEHUSET FRYDHEIM,911791277,SIGDAL,Buskerud,Svingomveien 20,3350,PRESTFOSS,,brreg,https://data.brreg.no/enhetsregisteret/oppslag/enheter/911791277,grendelag,2026-04-28
SIGDAL BYGDEKVINNELAG,917139458,SIGDAL,Buskerud,"c/o Lise Bakke, Rabbenveien 471",3350,PRESTFOSS,,brreg,https://data.brreg.no/enhetsregisteret/oppslag/enheter/917139458,bygdelag,2026-04-28
SIGDAL SKOLE OG UNGDOMSKORPS,871312052,SIGDAL,Buskerud,"c/o Ingrid Bakke, Rabbenveien 473",3350,PRESTFOSS,,brreg,https://data.brreg.no/enhetsregisteret/oppslag/enheter/871312052,ungdomslag,2026-04-28
HUGNAD UNGDOMSLAG,992126515,ÅL,Buskerud,Torpovegen 482,3579,TORPO,,brreg,https://data.brreg.no/enhetsregisteret/oppslag/enheter/992126515,ungdomslag,2026-04-28
LEVELD BYGDEKVINNELAG,913169204,ÅL,Buskerud,"c/o Sigrun Torsteinsrud, Leveldvegen 66",3570,ÅL,,brreg,https://data.brreg.no/enhetsregisteret/oppslag/enheter/913169204,bygdelag,2026-04-28
OPHEIM GRENDEHUS OG SKOLEHUS FOREINING,998036747,ÅL,Buskerud,Oppheimsvegen,3579,TORPO,,brreg,https://data.brreg.no/enhetsregisteret/oppslag/enheter/998036747,grendelag,2026-04-28
TORPO BYGDEKVINNELAG,923842152,ÅL,Buskerud,"c/o Gerd Ljønes Brunsvold, Sirevegen 335",3579,TORPO,,brreg,https://data.brreg.no/enhetsregisteret/oppslag/enheter/923842152,bygdelag,2026-04-28
VATS GRENDELAG,932118890,ÅL,Buskerud,"c/o Anne Lise Sorteberglien, Nordbygdvegen 2026",3570,ÅL,,brreg,https://data.brreg.no/enhetsregisteret/oppslag/enheter/932118890,grendelag,2026-04-28
VOTNDALEN BYGDEKVINNELAG,996291545,ÅL,Buskerud,"c/o Ågot Perstølen, Votndalen bygdekvinnelag, Votndalsvegen 186",3570,ÅL,https://www.bygdekvinnelaget.no,brreg,https://data.brreg.no/enhetsregisteret/oppslag/enheter/996291545,bygdelag,2026-04-28
BAKKE BYGDEKVINNELAG,995414147,ØVRE EIKER,Buskerud,,3330,SKOTSELV,,brreg,https://data.brreg.no/enhetsregisteret/oppslag/enheter/995414147,bygdelag,2026-04-28
BINGEN BYGDEKVINNELAG,931414720,ØVRE EIKER,Buskerud,Vestbyveien 191,3330,SKOTSELV,,brreg,https://data.brreg.no/enhetsregisteret/oppslag/enheter/931414720,bygdelag,2026-04-28
BRUNSTAD UNGDOMSKLUBB EIKER,922106649,ØVRE EIKER,Buskerud,Fredfossgata 39,3320,VESTFOSSEN,,brreg,https://data.brreg.no/enhetsregisteret/oppslag/enheter/922106649,ungdomslag,2026-04-28
BUSKERUD SJAKKRETS UNGDOM,816530652,ØVRE EIKER,Buskerud,"c/o Erik Olaf Johannessen, Smellhauggata 21",3320,VESTFOSSEN,,brreg,https://data.brreg.no/enhetsregisteret/oppslag/enheter/816530652,"ungdomslag,bygdelag",2026-04-28
FISKUM BARNE- OG UNGDOMSTEATER,983939325,ØVRE EIKER,Buskerud,Haugsundgata 59C,3303,HOKKSUND,https://www.fiskum-teater.net,brreg,https://data.brreg.no/enhetsregisteret/oppslag/enheter/983939325,ungdomslag,2026-04-28
FISKUM GRENDEUTVALG,989805347,ØVRE EIKER,Buskerud,Abborveien 9,3322,FISKUM,https://grendeutvalget.no,brreg,https://data.brreg.no/enhetsregisteret/oppslag/enheter/989805347,grendelag,2026-04-28
FISKUM SKOLE OG UNGDOMSKORPS,877267792,ØVRE EIKER,Buskerud,,3322,FISKUM,,brreg,https://data.brreg.no/enhetsregisteret/oppslag/enheter/877267792,ungdomslag,2026-04-28
GRAND KASAI MUNENE,933922987,ØVRE EIKER,Buskerud,Spikerveien 4,3300,HOKKSUND,,brreg,https://data.brreg.no/enhetsregisteret/oppslag/enheter/933922987,grendelag,2026-04-28
GRENDEUTVALGET I VESTFOSSEN,920836224,ØVRE EIKER,Buskerud,"c/o Dag Risdal Stavenes, Røkebergveien 17",3320,VESTFOSSEN,,brreg,https://data.brreg.no/enhetsregisteret/oppslag/enheter/920836224,grendelag,2026-04-28
"GRØNN UNGDOM, BUSKERUD FYLKESLAG",914970229,ØVRE EIKER,Buskerud,"C/o Helena Calvert Haaland, Åssideveien 575",3322,FISKUM,,brreg,https://data.brreg.no/enhetsregisteret/oppslag/enheter/914970229,"ungdomslag,bygdelag",2026-04-28
HAUG BYGDEKVINNELAG,919364416,ØVRE EIKER,Buskerud,"c/o Wenche Sæthra, Sementveien 14",3300,HOKKSUND,,brreg,https://data.brreg.no/enhetsregisteret/oppslag/enheter/919364416,bygdelag,2026-04-28
ORMÅSEN GRENDEUTVALG,992452854,ØVRE EIKER,Buskerud,"c/o Rakel Lindgren Callanta, Haresvingen 14",3320,VESTFOSSEN,https://www.ormasen.no,brreg,https://data.brreg.no/enhetsregisteret/oppslag/enheter/992452854,grendelag,2026-04-28
RØREN BARNE- OG UNGDOMSTEATER,992826983,ØVRE EIKER,Buskerud,Postboks330,3301,HOKKSUND,https://www.rorenteater.org,brreg,https://data.brreg.no/enhetsregisteret/oppslag/enheter/992826983,ungdomslag,2026-04-28
RØREN GRENDEUTVALG,921411677,ØVRE EIKER,Buskerud,"c/o Lars Røken, Dueveien 14",3302,HOKKSUND,,brreg,https://data.brreg.no/enhetsregisteret/oppslag/enheter/921411677,grendelag,2026-04-28
SKOTSELV GRENDEUTVALG,980726630,ØVRE EIKER,Buskerud,Skotselv Kulturhus,3330,SKOTSELV,https://www.skotselvgrendeutvalg.no,brreg,https://data.brreg.no/enhetsregisteret/oppslag/enheter/980726630,grendelag,2026-04-28
VESTFOSSEN BYGDEKVINNELAG,921785399,ØVRE EIKER,Buskerud,"c/o Kari Skjelbred Sand, Grindaveien 229",3320,VESTFOSSEN,,brreg,https://data.brreg.no/enhetsregisteret/oppslag/enheter/921785399,bygdelag,2026-04-28
ALTA SJAKKLUBB UNGDOM,913466462,ALTA,Finnmark - Finnmárku - Finmarkku,"c/o Malthe D Poulsen, Øvre Tollevikveien 32",9511,ALTA,https://www.altasjakklubb.no,brreg,https://data.brreg.no/enhetsregisteret/oppslag/enheter/913466462,"ungdomslag,bygdelag",2026-04-28
AMTMANNSNES BYGDELAG,982764718,ALTA,Finnmark - Finnmárku - Finmarkku,Ankerveien 12,9515,ALTA,https://www.facebook.com/groups/228946715298,brreg,https://data.brreg.no/enhetsregisteret/oppslag/enheter/982764718,bygdelag,2026-04-28
ARONNES GRENDELAG,820765362,ALTA,Finnmark - Finnmárku - Finmarkku,"c/o Wanja Berglund, Blåbærveien 28",9514,ALTA,,brreg,https://data.brreg.no/enhetsregisteret/oppslag/enheter/820765362,grendelag,2026-04-28
BARNE- OG UNGDOMSREVMATIKERGRUPPE FINNMARK,999144853,ALTA,Finnmark - Finnmárku - Finmarkku,Løkkeveien 19,9510,ALTA,https://www.burg.no/fylkesgrupper/finnmark,brreg,https://data.brreg.no/enhetsregisteret/oppslag/enheter/999144853,ungdomslag,2026-04-28
BOSSEKOP UNGDOMSLAG,936326048,ALTA,Finnmark - Finnmárku - Finmarkku,Thomasbakkveien 22,9513,ALTA,https://www.bul-alta.no,brreg,https://data.brreg.no/enhetsregisteret/oppslag/enheter/936326048,ungdomslag,2026-04-28
EIBY BYGDELAG,971494069,ALTA,Finnmark - Finnmárku - Finmarkku,Eibyveien 64,9518,ALTA,https://eibybygdelag.com,brreg,https://data.brreg.no/enhetsregisteret/oppslag/enheter/971494069,bygdelag,2026-04-28
ELVEBAKKEN BYGDELAG,916928181,ALTA,Finnmark - Finnmárku - Finmarkku,"v/Ronald Mjøen, Ringveien 22",9515,ALTA,,brreg,https://data.brreg.no/enhetsregisteret/oppslag/enheter/916928181,bygdelag,2026-04-28
GARGIAVEIEN BYGDELAG,923827927,ALTA,Finnmark - Finnmárku - Finmarkku,,9518,ALTA,,brreg,https://data.brreg.no/enhetsregisteret/oppslag/enheter/923827927,bygdelag,2026-04-28
HAKKSTABBEN OG ALTNESET BYGDELAG,919692553,ALTA,Finnmark - Finnmárku - Finmarkku,"c/o Tommy Karlsen, Zirkonveien 75",9532,HAKKSTABBEN,,brreg,https://data.brreg.no/enhetsregisteret/oppslag/enheter/919692553,bygdelag,2026-04-28
KVALFJORD-POLLEN BYGDELAG,915082823,ALTA,Finnmark - Finnmárku - Finmarkku,Kvalfjord,9531,KVALFJORD,,brreg,https://data.brreg.no/enhetsregisteret/oppslag/enheter/915082823,bygdelag,2026-04-28
KVENVIK BYGDELAG,993848069,ALTA,Finnmark - Finnmárku - Finmarkku,Kvenvikveien 12,9541,ALTA,,brreg,https://data.brreg.no/enhetsregisteret/oppslag/enheter/993848069,bygdelag,2026-04-28
KVIBY OG LERIBOTN BYGDELAG,913498496,ALTA,Finnmark - Finnmárku - Finmarkku,"c/o Stig Gøran Hagen, Djupvikveien 114",9519,KVIBY,,brreg,https://data.brreg.no/enhetsregisteret/oppslag/enheter/913498496,bygdelag,2026-04-28
KÅFJORD BYGDELAG,993835188,ALTA,Finnmark - Finnmárku - Finmarkku,Crowes vei 9,9541,ALTA,,brreg,https://data.brreg.no/enhetsregisteret/oppslag/enheter/993835188,bygdelag,2026-04-28
LANGFJORD BYGDELAG,914297567,ALTA,Finnmark - Finnmárku - Finmarkku,Tappeluftveien 67,9545,LANGFJORDBOTN,https://langfjord-alta.no,brreg,https://data.brreg.no/enhetsregisteret/oppslag/enheter/914297567,bygdelag,2026-04-28
LANGFJORDNES BYGDELAG,897104482,ALTA,Finnmark - Finnmárku - Finmarkku,Linehøyden 7,9515,ALTA,https://langfjorden.com,brreg,https://data.brreg.no/enhetsregisteret/oppslag/enheter/897104482,bygdelag,2026-04-28
LIBERALISTISK UNGDOM TROMS OG FINNMARK,918378030,ALTA,Finnmark - Finnmárku - Finmarkku,"c/o Daniel Ålien, Gaupeveien 6",9512,ALTA,https://libung.no,brreg,https://data.brreg.no/enhetsregisteret/oppslag/enheter/918378030,"ungdomslag,bygdelag",2026-04-28
LILLE LERRESFJORD GRENDELAG,916711417,ALTA,Finnmark - Finnmárku - Finmarkku,Bregneveien 22A,9516,ALTA,,brreg,https://data.brreg.no/enhetsregisteret/oppslag/enheter/916711417,grendelag,2026-04-28
MIDTBAKKEN GRENDELAG,998402107,ALTA,Finnmark - Finnmárku - Finmarkku,,9511,ALTA,,brreg,https://data.brreg.no/enhetsregisteret/oppslag/enheter/998402107,grendelag,2026-04-28
NYVOLL BYGDELAG OG GRENDEHUS,991108467,ALTA,Finnmark - Finnmárku - Finmarkku,Roneggiveien 7,9519,KVIBY,https://nyvollbygdelagogcaravan.no,brreg,https://data.brreg.no/enhetsregisteret/oppslag/enheter/991108467,"grendelag,bygdelag",2026-04-28
RAFSBOTN BYGDELAG,919549947,ALTA,Finnmark - Finnmárku - Finmarkku,"c/o Nils Jakob Mella, Rafsbotnveien 45",9538,ALTA,,brreg,https://data.brreg.no/enhetsregisteret/oppslag/enheter/919549947,bygdelag,2026-04-28
RUSSELUFT GRENDELAG,983585809,ALTA,Finnmark - Finnmárku - Finmarkku,"c/o Roar Knutsen, Russeluftveien 170",9538,ALTA,,brreg,https://data.brreg.no/enhetsregisteret/oppslag/enheter/983585809,grendelag,2026-04-28
SAGA GRENDELAG,994227106,ALTA,Finnmark - Finnmárku - Finmarkku,,9507,ALTA,,brreg,https://data.brreg.no/enhetsregisteret/oppslag/enheter/994227106,grendelag,2026-04-28
STOREKORSNES BYGDELAG,934080106,ALTA,Finnmark - Finnmárku - Finmarkku,"c/o Mona Ingebrigtsen, Møllebakken 2",9516,ALTA,,brreg,https://data.brreg.no/enhetsregisteret/oppslag/enheter/934080106,bygdelag,2026-04-28
TALVIK BYGDELAG,988121118,ALTA,Finnmark - Finnmárku - Finmarkku,,9540,TALVIK,,brreg,https://data.brreg.no/enhetsregisteret/oppslag/enheter/988121118,bygdelag,2026-04-28
THOMASBAKKEN GRENDELAG,919917555,ALTA,Finnmark - Finnmárku - Finmarkku,Reistadskogen 15,9513,ALTA,,brreg,https://data.brreg.no/enhetsregisteret/oppslag/enheter/919917555,grendelag,2026-04-28
TVERRELVDALEN SKOLE OG UNGDOMSKORPS,975766438,ALTA,Finnmark - Finnmárku - Finmarkku,Tverrelvdalsveien 92,9537,TVERRELVDALEN,,brreg,https://data.brreg.no/enhetsregisteret/oppslag/enheter/975766438,ungdomslag,2026-04-28
ÅRØY BYGDELAG,993311154,ALTA,Finnmark - Finnmárku - Finmarkku,Årøyveien,9533,KONGSHUS,,brreg,https://data.brreg.no/enhetsregisteret/oppslag/enheter/993311154,bygdelag,2026-04-28
KONGSFJORD BYGDELAG,999191363,BERLEVÅG,Finnmark - Finnmárku - Finmarkku,"c/o Pentti Olavi Pelkonen, Kongsveien 12",9982,KONGSFJORD,,brreg,https://data.brreg.no/enhetsregisteret/oppslag/enheter/999191363,bygdelag,2026-04-28
BYGDELAGET STRØMMEN,983140173,BÅTSFJORD,Finnmark - Finnmárku - Finmarkku,Spirasvingen 3,9990,BÅTSFJORD,,brreg,https://data.brreg.no/enhetsregisteret/oppslag/enheter/983140173,bygdelag,2026-04-28
NERVEI BYGDELAG,922112312,GAMVIK,Finnmark - Finnmárku - Finmarkku,c/o Eivind Pettersen,9773,NERVEI,,brreg,https://data.brreg.no/enhetsregisteret/oppslag/enheter/922112312,bygdelag,2026-04-28
NORDRE LANGFJORDNES BYGDEFORENING,920403980,GAMVIK,Finnmark - Finnmárku - Finmarkku,"c/o Gunbjørg Pettersen, Torsbakken",9772,LANGFJORDNES,,brreg,https://data.brreg.no/enhetsregisteret/oppslag/enheter/920403980,bygdelag,2026-04-28
AKKARFJORD BYGDEKVINNELAG,928119505,HAMMERFEST,Finnmark - Finnmárku - Finmarkku,"c/o Silje Dagslott, Gamvikveien 70",9650,AKKARFJORD,,brreg,https://data.brreg.no/enhetsregisteret/oppslag/enheter/928119505,bygdelag,2026-04-28
AKKARFJORD BYGDELAG,990738130,HAMMERFEST,Finnmark - Finnmárku - Finmarkku,,9650,AKKARFJORD,,brreg,https://data.brreg.no/enhetsregisteret/oppslag/enheter/990738130,bygdelag,2026-04-28
FORSØL BYGDELAG,896978942,HAMMERFEST,Finnmark - Finnmárku - Finmarkku,"c/o Even Enochsen, Laddonesveien 3",9612,FORSØL,,brreg,https://data.brreg.no/enhetsregisteret/oppslag/enheter/896978942,bygdelag,2026-04-28
HAMMERFEST SJAKKLUBB UNGDOM,913291247,HAMMERFEST,Finnmark - Finnmárku - Finmarkku,Kirkegata 27,9600,HAMMERFEST,,brreg,https://data.brreg.no/enhetsregisteret/oppslag/enheter/913291247,"ungdomslag,bygdelag",2026-04-28
HAMMERFEST SKOLE- OG UNGDOMSKORPS,978666574,HAMMERFEST,Finnmark - Finnmárku - Finmarkku,"c/o Helen Pedersen, Nils Fredrik Rønbecks vei 4",9602,HAMMERFEST,,brreg,https://data.brreg.no/enhetsregisteret/oppslag/enheter/978666574,ungdomslag,2026-04-28
HELLEFJORD BYGDELAG,998137810,HAMMERFEST,Finnmark - Finnmárku - Finmarkku,"Bolignummer H0402, Batteriet 2",9600,HAMMERFEST,,brreg,https://data.brreg.no/enhetsregisteret/oppslag/enheter/998137810,bygdelag,2026-04-28
KLUBBUKT OG OMEGN BYGDELAG,998908183,HAMMERFEST,Finnmark - Finnmárku - Finmarkku,"c/o Tor Inge Mathisen, Orions vei 34",9602,HAMMERFEST,,brreg,https://data.brreg.no/enhetsregisteret/oppslag/enheter/998908183,bygdelag,2026-04-28
KOKELV BYGDE- OG UNGDOMSLAG JAHKOVUOTNA GILI JA NUORAIDSEARVI,977281423,HAMMERFEST,Finnmark - Finnmárku - Finmarkku,Kokelvveien 41,9715,KOKELV,,brreg,https://data.brreg.no/enhetsregisteret/oppslag/enheter/977281423,"ungdomslag,bygdelag",2026-04-28
KVALSUND BYGDELAG,929634195,HAMMERFEST,Finnmark - Finnmárku - Finmarkku,Postboks 69,9620,KVALSUND,,brreg,https://data.brreg.no/enhetsregisteret/oppslag/enheter/929634195,bygdelag,2026-04-28
KÅRHAMN BYGDELAG,997264649,HAMMERFEST,Finnmark - Finnmárku - Finmarkku,"c/o Bjørnhild Mikalsen, Orions vei 8",9602,HAMMERFEST,,brreg,https://data.brreg.no/enhetsregisteret/oppslag/enheter/997264649,bygdelag,2026-04-28
LANGSTRAND BYGDELAG,895147702,HAMMERFEST,Finnmark - Finnmárku - Finmarkku,"c/o Hilde Birgitte Olsen, Mylingen 2E",9601,HAMMERFEST,,brreg,https://data.brreg.no/enhetsregisteret/oppslag/enheter/895147702,bygdelag,2026-04-28
MENTAL HELSE UNGDOM HAMMERFEST,829655772,HAMMERFEST,Finnmark - Finnmárku - Finmarkku,"c/o Eline Sandvik, Veita 11",9610,RYPEFJORD,,brreg,https://data.brreg.no/enhetsregisteret/oppslag/enheter/829655772,"ungdomslag,bygdelag",2026-04-28
NORDRE SEILAND BYGDELAG,984701713,HAMMERFEST,Finnmark - Finnmárku - Finmarkku,Eidvågeid,9609,NORDRE SEILAND,,brreg,https://data.brreg.no/enhetsregisteret/oppslag/enheter/984701713,bygdelag,2026-04-28
REVSNES BYGDELAG,913155084,HAMMERFEST,Finnmark - Finnmárku - Finmarkku,,9620,KVALSUND,,brreg,https://data.brreg.no/enhetsregisteret/oppslag/enheter/913155084,bygdelag,2026-04-28
SANDØYBOTN BYGDELAG,983369588,HAMMERFEST,Finnmark - Finnmárku - Finmarkku,Sandøybotnveien 56,9664,SANDØYBOTN,,brreg,https://data.brreg.no/enhetsregisteret/oppslag/enheter/983369588,bygdelag,2026-04-28
SKAIDI OG OMEGN BYGDELAG,914082315,HAMMERFEST,Finnmark - Finnmárku - Finmarkku,"c/o Janne Gudveig Mariann Knutsen, Skaiditunveien 12",9620,KVALSUND,,brreg,https://data.brreg.no/enhetsregisteret/oppslag/enheter/914082315,bygdelag,2026-04-28
SKARVFJORDHAMN OG HØNSEBYVIK BYGDELAG,915598307,HAMMERFEST,Finnmark - Finnmárku - Finmarkku,Storvannsveien 40,9603,HAMMERFEST,,brreg,https://data.brreg.no/enhetsregisteret/oppslag/enheter/915598307,bygdelag,2026-04-28
SLETTNES BYGDELAG,917961026,HAMMERFEST,Finnmark - Finnmárku - Finmarkku,"c/o Asbjørn Nilsen, Mellomveien 29",9610,RYPEFJORD,,brreg,https://data.brreg.no/enhetsregisteret/oppslag/enheter/917961026,bygdelag,2026-04-28
STALLOGARGO BYGDELAG,913756444,HAMMERFEST,Finnmark - Finnmárku - Finmarkku,"c/o Erna Jørstad, Stallogargoveien 117",9620,KVALSUND,,brreg,https://data.brreg.no/enhetsregisteret/oppslag/enheter/913756444,bygdelag,2026-04-28
BREIVIKBOTN GRENDE- OG IDRETTSLAG,993349909,HASVIK,Finnmark - Finnmárku - Finmarkku,Strandgata 26,9593,BREIVIKBOTN,,brreg,https://data.brreg.no/enhetsregisteret/oppslag/enheter/993349909,grendelag,2026-04-28
SØRVÆR GRENDELAG,992760621,HASVIK,Finnmark - Finnmárku - Finmarkku,,9595,SØRVÆR,,brreg,https://data.brreg.no/enhetsregisteret/oppslag/enheter/992760621,grendelag,2026-04-28
BESKENJÁRGILISEARVI/BESKENJÁRGA GRENDELAG,913367235,KARASJOK,Finnmark - Finnmárku - Finmarkku,Niittošjohka 8,9731,KARASJOK,,brreg,https://data.brreg.no/enhetsregisteret/oppslag/enheter/913367235,grendelag,2026-04-28
AKTIV UNGDOM I KAUTOKEINO,930207985,KAUTOKEINO,Finnmark - Finnmárku - Finmarkku,"c/o Ann-Kristine Sara Bongo, Cohkadievvá 3",9523,KAUTOKEINO,,brreg,https://data.brreg.no/enhetsregisteret/oppslag/enheter/930207985,"ungdomslag,bygdelag",2026-04-28
AVZZI GILISEARVI/AVZZI BYGDELAG,994917986,KAUTOKEINO,Finnmark - Finnmárku - Finmarkku,Avzi,9529,KAUTOKEINO,,brreg,https://data.brreg.no/enhetsregisteret/oppslag/enheter/994917986,bygdelag,2026-04-28
LÁHPOLUOPPAL BYGDELAG,992478276,KAUTOKEINO,Finnmark - Finnmárku - Finmarkku,"c/o Kirsten S Mikkelsdatter Logje, Láhpoluoppal",9520,KAUTOKEINO,,brreg,https://data.brreg.no/enhetsregisteret/oppslag/enheter/992478276,bygdelag,2026-04-28
KUNES BYGDELAG,981540239,LEBESBY,Finnmark - Finnmárku - Finmarkku,,9742,KUNES,,brreg,https://data.brreg.no/enhetsregisteret/oppslag/enheter/981540239,bygdelag,2026-04-28
LEBESBY BYGDELAG,899177312,LEBESBY,Finnmark - Finnmárku - Finmarkku,,9740,LEBESBY,,brreg,https://data.brreg.no/enhetsregisteret/oppslag/enheter/899177312,bygdelag,2026-04-28
LEBESBY UNGDOMSGRUPPE,919826657,LEBESBY,Finnmark - Finnmárku - Finmarkku,c/o Nils Borge Teigen,9740,LEBESBY,,brreg,https://data.brreg.no/enhetsregisteret/oppslag/enheter/919826657,ungdomslag,2026-04-28
VEIDNES BYGDELAG,875372432,LEBESBY,Finnmark - Finnmárku - Finmarkku,c/o Torild Klemetsen,9717,VEIDNES,,brreg,https://data.brreg.no/enhetsregisteret/oppslag/enheter/875372432,bygdelag,2026-04-28
BERGSFJORD UNGDOMS- OG IDRETTSLAG,993606049,LOPPA,Finnmark - Finnmárku - Finmarkku,Bergsfjordveien 127,9580,BERGSFJORD,https://idrett.speaker.no/organisation.asp?id=28501,brreg,https://data.brreg.no/enhetsregisteret/oppslag/enheter/993606049,"ungdomslag,bygdelag",2026-04-28
LANGFJORDHAMN BYGDELAG,913819659,LOPPA,Finnmark - Finnmárku - Finmarkku,"c/o Ingvi Luthersson, Havneveien 57",9583,LANGFJORDHAMN,,brreg,https://data.brreg.no/enhetsregisteret/oppslag/enheter/913819659,bygdelag,2026-04-28
LOPPA ØY BYGDELAG,914310814,LOPPA,Finnmark - Finnmárku - Finmarkku,"c/o Bård Jahr, Holmveien 18",9550,ØKSFJORD,,brreg,https://data.brreg.no/enhetsregisteret/oppslag/enheter/914310814,bygdelag,2026-04-28
NUVSVÅG UNGDOMS- & IDRETTSLAG,971493046,LOPPA,Finnmark - Finnmárku - Finmarkku,Nuvsvågveien 1608,9582,NUVSVÅG,,brreg,https://data.brreg.no/enhetsregisteret/oppslag/enheter/971493046,"ungdomslag,bygdelag",2026-04-28
SANDLAND BYGDELAG,994787659,LOPPA,Finnmark - Finnmárku - Finmarkku,Sandland,9585,SANDLAND,,brreg,https://data.brreg.no/enhetsregisteret/oppslag/enheter/994787659,bygdelag,2026-04-28
SØR-TVERRFJORD BYGDELAG,990863342,LOPPA,Finnmark - Finnmárku - Finmarkku,Sør-Tverrfjordveien 42,9584,SØR-TVERRFJORD,,brreg,https://data.brreg.no/enhetsregisteret/oppslag/enheter/990863342,bygdelag,2026-04-28
INGØY GRENDELAG,994883224,MÅSØY,Finnmark - Finnmárku - Finmarkku,Postboks 66,9672,INGØY,https://www.ingoygrendelag.com,brreg,https://data.brreg.no/enhetsregisteret/oppslag/enheter/994883224,grendelag,2026-04-28
LILLEFJORD GRENDELAG OG HYTTEFORENING,997092554,MÅSØY,Finnmark - Finnmárku - Finmarkku,Litlefjord,9714,SNEFJORD,,brreg,https://data.brreg.no/enhetsregisteret/oppslag/enheter/997092554,grendelag,2026-04-28
MÅSØY BYGDELAG.,996105407,MÅSØY,Finnmark - Finnmárku - Finmarkku,Måsøy,9692,MÅSØY,,brreg,https://data.brreg.no/enhetsregisteret/oppslag/enheter/996105407,bygdelag,2026-04-28
ROLVSØY BYGDELAG,988724580,MÅSØY,Finnmark - Finnmárku - Finmarkku,Rolvsøy,9670,TUFJORD,,brreg,https://data.brreg.no/enhetsregisteret/oppslag/enheter/988724580,bygdelag,2026-04-28
BUNES OG OMEGN BYGDEFORENING,918895205,NESSEBY,Finnmark - Finnmárku - Finmarkku,"v/Anne-Lise Pedersen, Bunes",9840,VARANGERBOTN,,brreg,https://data.brreg.no/enhetsregisteret/oppslag/enheter/918895205,bygdelag,2026-04-28
KARLEBOTN BYGDELAG,995551373,NESSEBY,Finnmark - Finnmárku - Finmarkku,"c/o Simen Ellingsen Marjavara, Karlebotn",9840,VARANGERBOTN,,brreg,https://data.brreg.no/enhetsregisteret/oppslag/enheter/995551373,bygdelag,2026-04-28
NESSEBY BYGDELAG/ UNJARGA GILISEARVI,994776002,NESSEBY,Finnmark - Finnmárku - Finmarkku,Nesseby,9840,VARANGERBOTN,,brreg,https://data.brreg.no/enhetsregisteret/oppslag/enheter/994776002,bygdelag,2026-04-28
SØRSIDEN BYGDELAG,993802638,NESSEBY,Finnmark - Finnmárku - Finmarkku,Rávttebelgeainu 2081,9840,VARANGERBOTN,,brreg,https://data.brreg.no/enhetsregisteret/oppslag/enheter/993802638,bygdelag,2026-04-28
GJESVÆR BYGDE- OG IDRETTSLAG,983344569,NORDKAPP,Finnmark - Finnmárku - Finmarkku,"Tore Hundsveg, 2, Gjesvær, Tore Hundsveg 2",9765,GJESVÆR,,brreg,https://data.brreg.no/enhetsregisteret/oppslag/enheter/983344569,bygdelag,2026-04-28
KAMØYVÆR BYGDELAG,982725305,NORDKAPP,Finnmark - Finnmárku - Finmarkku,Duksfjordveien 2,9762,KAMØYVÆR,,brreg,https://data.brreg.no/enhetsregisteret/oppslag/enheter/982725305,bygdelag,2026-04-28
KÅFJORD GRENDELAG NORDKAPP,998936306,NORDKAPP,Finnmark - Finnmárku - Finmarkku,Kåfjord 18,9768,REPVÅG,,brreg,https://data.brreg.no/enhetsregisteret/oppslag/enheter/998936306,grendelag,2026-04-28
NORDKAPP BARNE- OG UNGDOMSTEATER,924646101,NORDKAPP,Finnmark - Finnmárku - Finmarkku,"c/o Kristin Olsen, Øvergata 3",9750,HONNINGSVÅG,,brreg,https://data.brreg.no/enhetsregisteret/oppslag/enheter/924646101,ungdomslag,2026-04-28
NORDKAPP SJAKKLUBB UNGDOM,918804161,NORDKAPP,Finnmark - Finnmárku - Finmarkku,"c/o Simon P. Jessen, Elvedalen 27",9750,HONNINGSVÅG,,brreg,https://data.brreg.no/enhetsregisteret/oppslag/enheter/918804161,"ungdomslag,bygdelag",2026-04-28
SKARSVÅG BYGDELAG,913812964,NORDKAPP,Finnmark - Finnmárku - Finmarkku,Børnesveien 15,9763,SKARSVÅG,,brreg,https://data.brreg.no/enhetsregisteret/oppslag/enheter/913812964,bygdelag,2026-04-28
U & IL KLIPPEN,988462195,NORDKAPP,Finnmark - Finnmárku - Finmarkku,Skytterveien 16,9750,HONNINGSVÅG,,brreg,https://data.brreg.no/enhetsregisteret/oppslag/enheter/988462195,ungdomslag,2026-04-28
UNGDOMSLAGET POLARFRONT,915977693,NORDKAPP,Finnmark - Finnmárku - Finmarkku,Repvåg 4,9768,REPVÅG,,brreg,https://data.brreg.no/enhetsregisteret/oppslag/enheter/915977693,ungdomslag,2026-04-28
BRENNA BYGDELAG,984310749,PORSANGER,Finnmark - Finnmárku - Finmarkku,"c/o Gro Vidal, Børselv, Ringveien",9716,BØRSELV,,brreg,https://data.brreg.no/enhetsregisteret/oppslag/enheter/984310749,bygdelag,2026-04-28
BRENNELV BYGDELAG,974231395,PORSANGER,Finnmark - Finnmárku - Finmarkku,"c/o Stian Mathisen, Brennelv",9700,LAKSELV,,brreg,https://data.brreg.no/enhetsregisteret/oppslag/enheter/974231395,bygdelag,2026-04-28
BØRSELV OG OMEGN BYGDELAG,970008985,PORSANGER,Finnmark - Finnmárku - Finmarkku,"V/Arnold Håkonsen, Krysset",9716,BØRSELV,,brreg,https://data.brreg.no/enhetsregisteret/oppslag/enheter/970008985,bygdelag,2026-04-28
FJORDUTSIKTEN UNGDOMSKLUBB,936458173,PORSANGER,Finnmark - Finnmárku - Finmarkku,Østre Porsangerveien 80,9700,LAKSELV,,brreg,https://data.brreg.no/enhetsregisteret/oppslag/enheter/936458173,ungdomslag,2026-04-28
KISTRAND & OLDERFJORD IDRETTS OG BYGDELAG,975599477,PORSANGER,Finnmark - Finnmárku - Finmarkku,"v/ Grete-Liv Olaussen, Kistrand, Vestre Porsangerveien 5309",9713,RUSSENES,,brreg,https://data.brreg.no/enhetsregisteret/oppslag/enheter/975599477,bygdelag,2026-04-28
KJÆS BYGDE OG HYTTEFORENING,994623648,PORSANGER,Finnmark - Finnmárku - Finmarkku,Kjæs,9716,BØRSELV,,brreg,https://data.brreg.no/enhetsregisteret/oppslag/enheter/994623648,bygdelag,2026-04-28
KOLVIK OG OMEGN BYGDELAG,989696033,PORSANGER,Finnmark - Finnmárku - Finmarkku,Anopsetveien 1,9710,INDRE BILLEFJORD,,brreg,https://data.brreg.no/enhetsregisteret/oppslag/enheter/989696033,bygdelag,2026-04-28
LAKSELV UNGDOMSLAG,983189040,PORSANGER,Finnmark - Finnmárku - Finmarkku,Postboks 285,9711,LAKSELV,,brreg,https://data.brreg.no/enhetsregisteret/oppslag/enheter/983189040,ungdomslag,2026-04-28
RUIJAN KVÆNIT LEMMIJOKILAISET RK-L,984273541,PORSANGER,Finnmark - Finnmárku - Finmarkku,"c/o Jan E Persen, Østre Porsangerveien 836",9700,LAKSELV,https://lemmijokilaiset.com,brreg,https://data.brreg.no/enhetsregisteret/oppslag/enheter/984273541,ungdomslag,2026-04-28
SKOGANVARRE BYGDELAG,977358140,PORSANGER,Finnmark - Finnmárku - Finmarkku,,9722,SKOGANVARRE,,brreg,https://data.brreg.no/enhetsregisteret/oppslag/enheter/977358140,bygdelag,2026-04-28
SMØRFJORD BYGDELAG,975599507,PORSANGER,Finnmark - Finnmárku - Finmarkku,Halsen 32,9713,RUSSENES,,brreg,https://data.brreg.no/enhetsregisteret/oppslag/enheter/975599507,bygdelag,2026-04-28
STABBURSNES & OMEGN BYGDE- OG TURLAG,919220929,PORSANGER,Finnmark - Finnmárku - Finmarkku,"c/o Ann-Britt Birkeli, Stabbursnes",9710,INDRE BILLEFJORD,,brreg,https://data.brreg.no/enhetsregisteret/oppslag/enheter/919220929,bygdelag,2026-04-28
UNGDOMS OG IDRETTSLAGET SILFAR,975530612,PORSANGER,Finnmark - Finnmárku - Finmarkku,Børselv,9716,BØRSELV,https://idrett.speaker.no/organisation.asp?id=28551,brreg,https://data.brreg.no/enhetsregisteret/oppslag/enheter/975530612,"ungdomslag,bygdelag",2026-04-28
BUGØYFJORD BYGDE OG HYTTELAG,981609808,SØR-VARANGER,Finnmark - Finnmárku - Finmarkku,Bugøyfjordveien 2080,9930,NEIDEN,,brreg,https://data.brreg.no/enhetsregisteret/oppslag/enheter/981609808,bygdelag,2026-04-28
BUGØYNES BYGDELAG,922986487,SØR-VARANGER,Finnmark - Finnmárku - Finmarkku,Nedreveien 11,9935,BUGØYNES,,brreg,https://data.brreg.no/enhetsregisteret/oppslag/enheter/922986487,bygdelag,2026-04-28
GRENSE-JAKOBSELV BYGDELAG,996194698,SØR-VARANGER,Finnmark - Finnmárku - Finmarkku,Karl Rasmussens vei 11,9910,BJØRNEVATN,,brreg,https://data.brreg.no/enhetsregisteret/oppslag/enheter/996194698,"grendelag,bygdelag",2026-04-28
JARFJORD UNGDOMSLAG,994797506,SØR-VARANGER,Finnmark - Finnmárku - Finmarkku,"c/o Lise-Lotte Olsen, Lanabuktveien 345",9911,JARFJORD,,brreg,https://data.brreg.no/enhetsregisteret/oppslag/enheter/994797506,ungdomslag,2026-04-28
LANGVASSEID BYGDELAG,997385268,SØR-VARANGER,Finnmark - Finnmárku - Finmarkku,"v/ Veronika H Kurthi, Svanvikveien 835",9925,SVANVIK,,brreg,https://data.brreg.no/enhetsregisteret/oppslag/enheter/997385268,bygdelag,2026-04-28
PASVIKDALEN SKOLE OG UNGDOMSKORPS,994199307,SØR-VARANGER,Finnmark - Finnmárku - Finmarkku,Nyrudveien 847,9926,PASVIK,,brreg,https://data.brreg.no/enhetsregisteret/oppslag/enheter/994199307,ungdomslag,2026-04-28
ROPELV BYGDELAG,996852806,SØR-VARANGER,Finnmark - Finnmárku - Finmarkku,Ropelv,9900,KIRKENES,,brreg,https://data.brreg.no/enhetsregisteret/oppslag/enheter/996852806,bygdelag,2026-04-28
"SOSIL, SNEFJORD OG SLOTTEN I LAG, BYGDELAG",994939823,SØR-VARANGER,Finnmark - Finnmárku - Finmarkku,Postboks 315,9915,KIRKENES,,brreg,https://data.brreg.no/enhetsregisteret/oppslag/enheter/994939823,bygdelag,2026-04-28
ALGASVARRE BYGDELAG,987460008,TANA,Finnmark - Finnmárku - Finmarkku,"c/o Åse Gunhild Mathisen Holberg, Langnesveien 533",9841,TANA,,brreg,https://data.brreg.no/enhetsregisteret/oppslag/enheter/987460008,bygdelag,2026-04-28
ALLEKNJARG BYGDELAG,917938687,TANA,Finnmark - Finnmárku - Finmarkku,"c/o Iselin Daniloff Helander, Luossageaidnu 16",9845,TANA,,brreg,https://data.brreg.no/enhetsregisteret/oppslag/enheter/917938687,bygdelag,2026-04-28
AUSTERTANA BYGDELAG,912005313,TANA,Finnmark - Finnmárku - Finmarkku,"c/o Fred Johnsen, Austertanaveien 4483",9842,TANA,https://www.austertana-bygdelag.com,brreg,https://data.brreg.no/enhetsregisteret/oppslag/enheter/912005313,bygdelag,2026-04-28
BIRKESTRAND BYGDELAG,998340551,TANA,Finnmark - Finnmárku - Finmarkku,"c/o Solfrid Marie M. Jessen, Austertanaveien 3339",9842,TANA,,brreg,https://data.brreg.no/enhetsregisteret/oppslag/enheter/998340551,bygdelag,2026-04-28
FANASGIETTIGUOVLLU GILISEARVI/ BÅTENG OG OMEGN BYGDELAG,927275678,TANA,Finnmark - Finnmárku - Finmarkku,"c/o Fanasgieddi, Giligeaidnu 100",9843,TANA,,brreg,https://data.brreg.no/enhetsregisteret/oppslag/enheter/927275678,bygdelag,2026-04-28
HARREVANN BYGDELAG,986675817,TANA,Finnmark - Finnmárku - Finmarkku,Austertanaveien 2325,9842,TANA,,brreg,https://data.brreg.no/enhetsregisteret/oppslag/enheter/986675817,bygdelag,2026-04-28
HOLMFJELL OG GULBOJOK BYGDELAG,987629312,TANA,Finnmark - Finnmárku - Finmarkku,Tanafjordveien 1631,9841,TANA,,brreg,https://data.brreg.no/enhetsregisteret/oppslag/enheter/987629312,bygdelag,2026-04-28
MASJOK BYGDELAG,995441160,TANA,Finnmark - Finnmárku - Finmarkku,Masjokmoen 27,9841,TANA,,brreg,https://data.brreg.no/enhetsregisteret/oppslag/enheter/995441160,bygdelag,2026-04-28
POLMAK BYGDELAG,996942260,TANA,Finnmark - Finnmárku - Finmarkku,Polmakveien 1554,9844,TANA,https://www.facebook.com/groups/418728408300718?locale=nb_NO,brreg,https://data.brreg.no/enhetsregisteret/oppslag/enheter/996942260,bygdelag,2026-04-28
RUSTEFJELBMA OG BOFTSA BYGDELAG,913782054,TANA,Finnmark - Finnmárku - Finmarkku,"c/o Eva Britt Birkenes, Tanafjordveien 2162",9841,TANA,,brreg,https://data.brreg.no/enhetsregisteret/oppslag/enheter/913782054,bygdelag,2026-04-28
SEIDA OG LUFTJOK BYGDELAG,993850055,TANA,Finnmark - Finnmárku - Finmarkku,"c/o Britt Opdahl, Austertanaveien 388",9842,TANA,,brreg,https://data.brreg.no/enhetsregisteret/oppslag/enheter/993850055,bygdelag,2026-04-28
SIRPMA GILISEARVI/ SIRMA BYGDELAG,993835617,TANA,Finnmark - Finnmárku - Finmarkku,"c/o Issat Ovlla, Deanugeaidnu 4605",9826,SIRMA,https://www.sirbma.wordpress.com,brreg,https://data.brreg.no/enhetsregisteret/oppslag/enheter/993835617,bygdelag,2026-04-28
SKIIPPAGURRA BYGDELAG,985741328,TANA,Finnmark - Finnmárku - Finmarkku,"c/o Unni Ursin Jernsletten, Polmakveien 40",9845,TANA,,brreg,https://data.brreg.no/enhetsregisteret/oppslag/enheter/985741328,bygdelag,2026-04-28
TANA BYGDEKVINNELAG,926376551,TANA,Finnmark - Finnmárku - Finmarkku,"c/o Wenche Pettersen, Tanahus 32",9841,TANA,,brreg,https://data.brreg.no/enhetsregisteret/oppslag/enheter/926376551,bygdelag,2026-04-28
TORHOP OG TARMFJORD BYGDE- OG TURLAG,996632717,TANA,Finnmark - Finnmárku - Finmarkku,Urravárluodda 2,9841,TANA,,brreg,https://data.brreg.no/enhetsregisteret/oppslag/enheter/996632717,bygdelag,2026-04-28
VESTERTANA KAPELL OG BYGDELAG,823250312,TANA,Finnmark - Finnmárku - Finmarkku,Kollstrømjorda 4,9842,TANA,,brreg,https://data.brreg.no/enhetsregisteret/oppslag/enheter/823250312,bygdelag,2026-04-28
BYGDELAGET FREMAD,997494121,VADSØ,Finnmark - Finnmárku - Finmarkku,Krampenes,9800,VADSØ,https://krampenes.no,brreg,https://data.brreg.no/enhetsregisteret/oppslag/enheter/997494121,bygdelag,2026-04-28
BYGDELAGET NYKRAFT,994286854,VADSØ,Finnmark - Finnmárku - Finmarkku,"v/Bjørg Vingen, Kiby",9800,VADSØ,,brreg,https://data.brreg.no/enhetsregisteret/oppslag/enheter/994286854,bygdelag,2026-04-28
EKKERØY BYGDELAG,995122219,VADSØ,Finnmark - Finnmárku - Finmarkku,Ekkerøy,9804,VADSØ,https://ekkerøybygdelag.net,brreg,https://data.brreg.no/enhetsregisteret/oppslag/enheter/995122219,bygdelag,2026-04-28
GOLNES OG OMEGN BYGDELAG,894735082,VADSØ,Finnmark - Finnmárku - Finmarkku,Golnes,9800,VADSØ,,brreg,https://data.brreg.no/enhetsregisteret/oppslag/enheter/894735082,bygdelag,2026-04-28
I L NORILD,970916709,VADSØ,Finnmark - Finnmárku - Finmarkku,Fossevegen 9,9803,VADSØ,https://www.ilnorild.no,brreg,https://data.brreg.no/enhetsregisteret/oppslag/enheter/970916709,ungdomslag,2026-04-28
SKALLELV BYGDELAG,893235752,VADSØ,Finnmark - Finnmárku - Finmarkku,"Skallelv, Ylipää 15",9804,VADSØ,,brreg,https://data.brreg.no/enhetsregisteret/oppslag/enheter/893235752,bygdelag,2026-04-28
VADSØ UNGDOMSKORPS,884173582,VADSØ,Finnmark - Finnmárku - Finmarkku,,9811,VADSØ,,brreg,https://data.brreg.no/enhetsregisteret/oppslag/enheter/884173582,ungdomslag,2026-04-28
KIBERG BYGDELAG,985684758,VARDØ,Finnmark - Finnmárku - Finmarkku,"c/o Tom Olav Mentzen, Ordfører Halvaris gate 12",9960,KIBERG,,brreg,https://data.brreg.no/enhetsregisteret/oppslag/enheter/985684758,bygdelag,2026-04-28
ALVDAL BYGDEKVINNELAG,993209201,ALVDAL,Innlandet,"c/o Marit Grøtting, Kvebergsveien 80",2560,ALVDAL,,brreg,https://data.brreg.no/enhetsregisteret/oppslag/enheter/993209201,bygdelag,2026-04-28
EINALY GRENDEHUS,993261173,ALVDAL,Innlandet,Strålsjøåsveien 8,2560,ALVDAL,,brreg,https://data.brreg.no/enhetsregisteret/oppslag/enheter/993261173,grendelag,2026-04-28
DOVRE BYGDEKVINNELAG,998075254,DOVRE,Innlandet,"c/o Line Aabakken, Elvenær 13",2662,DOVRE,,brreg,https://data.brreg.no/enhetsregisteret/oppslag/enheter/998075254,bygdelag,2026-04-28
EIDSKOG BYGDEKVINNELAG,994877844,EIDSKOG,Innlandet,"c/o Heidi Elin Kolstad, Kolstadvegen 198",2220,ÅBOGEN,,brreg,https://data.brreg.no/enhetsregisteret/oppslag/enheter/994877844,bygdelag,2026-04-28
FAU EIDSKOG UNGDOMSSKOLE,934581342,EIDSKOG,Innlandet,Skolebakken 16,2230,SKOTTERUD,,brreg,https://data.brreg.no/enhetsregisteret/oppslag/enheter/934581342,ungdomslag,2026-04-28
FJELD GRENDELAG,993748560,EIDSKOG,Innlandet,"c/o Vegard Godtlund Hamre, Rauhellavegen 864",2210,GRANLI,,brreg,https://data.brreg.no/enhetsregisteret/oppslag/enheter/993748560,grendelag,2026-04-28
GAUSTAD GRENDELAG,994798464,EIDSKOG,Innlandet,"c/o Bjørn Arild Reiersen, Repsetvegen 201",2230,SKOTTERUD,,brreg,https://data.brreg.no/enhetsregisteret/oppslag/enheter/994798464,grendelag,2026-04-28
MAGNOR UNGDOMSLAG,982930677,EIDSKOG,Innlandet,Skolevegen,2240,MAGNOR,,brreg,https://data.brreg.no/enhetsregisteret/oppslag/enheter/982930677,ungdomslag,2026-04-28
NEVJEN GRENDELAG,915638872,EIDSKOG,Innlandet,Nessjøvegen 221,2240,MAGNOR,,brreg,https://data.brreg.no/enhetsregisteret/oppslag/enheter/915638872,grendelag,2026-04-28
TOBØL GRENDEUTVIKLING (TOBØL GUL),926033298,EIDSKOG,Innlandet,"c/o Astrid Bergersen, Tollefsbølvegen 38",2232,TOBØL,,brreg,https://data.brreg.no/enhetsregisteret/oppslag/enheter/926033298,grendelag,2026-04-28
VESTMARKA GRENDELAG,918622020,EIDSKOG,Innlandet,"c/o Ragnar Dæhli, Rambølsgutua 16",2233,VESTMARKA,,brreg,https://data.brreg.no/enhetsregisteret/oppslag/enheter/918622020,grendelag,2026-04-28
BJØLSET GRENDEHUS,993356972,ELVERUM,Innlandet,Vestsivegen 1581,2406,ELVERUM,,brreg,https://data.brreg.no/enhetsregisteret/oppslag/enheter/993356972,grendelag,2026-04-28
BYGDEFOLK FOR ROVDYR HEDMARK LOKALLAG,813242362,ELVERUM,Innlandet,Postboks 211 Søbakken,2402,ELVERUM,https://bfr-hedmarklokallag.com,brreg,https://data.brreg.no/enhetsregisteret/oppslag/enheter/813242362,bygdelag,2026-04-28
BYGDEKLUBBEN I SØRSKOGBYGDA,933976734,ELVERUM,Innlandet,"c/o Linn Marita Vik, Nygardsgrenda 32",2412,SØRSKOGBYGDA,,brreg,https://data.brreg.no/enhetsregisteret/oppslag/enheter/933976734,bygdelag,2026-04-28
ELVERUM BARNE- OG UNGDOMSKORPS,986585842,ELVERUM,Innlandet,Grundsetvegen 30,2406,ELVERUM,https://www.ebuk.no,brreg,https://data.brreg.no/enhetsregisteret/oppslag/enheter/986585842,ungdomslag,2026-04-28
ELVERUM SJAKKLUBB BARN OG UNGDOM,919927151,ELVERUM,Innlandet,"c/o Erik Opseth, Gerhard Munthes veg 24",2414,ELVERUM,,brreg,https://data.brreg.no/enhetsregisteret/oppslag/enheter/919927151,"ungdomslag,bygdelag",2026-04-28
"PENSJONISTPARTIET, TEAM ELVERUM - POLITIKK FOR BY OG BYGD",922280053,ELVERUM,Innlandet,"c/o Turid Olsen, Strandbygdvegen 947",2411,ELVERUM,,brreg,https://data.brreg.no/enhetsregisteret/oppslag/enheter/922280053,bygdelag,2026-04-28
SKRÅVEGEN - GRUNDSET,931825267,ELVERUM,Innlandet,Skråvegen 55,2406,ELVERUM,,brreg,https://data.brreg.no/enhetsregisteret/oppslag/enheter/931825267,grendelag,2026-04-28
UL SKOGBYGDINGEN,918927506,ELVERUM,Innlandet,"c/o Rita Rundberget, Øvre Skurubergsveg 135",2412,SØRSKOGBYGDA,,brreg,https://data.brreg.no/enhetsregisteret/oppslag/enheter/918927506,ungdomslag,2026-04-28
VESTRE HERNES GRENDELAG,983906044,ELVERUM,Innlandet,"c/o Ove Brenden, Horndalsvegen 285",2410,HERNES,,brreg,https://data.brreg.no/enhetsregisteret/oppslag/enheter/983906044,grendelag,2026-04-28
VESTSIDA GRENDELAG,984644175,ELVERUM,Innlandet,Vestsivegen 806,2406,ELVERUM,,brreg,https://data.brreg.no/enhetsregisteret/oppslag/enheter/984644175,grendelag,2026-04-28
KVILTEN GRENDELAG,983044077,ENGERDAL,Innlandet,Kvilten Paviljong,2443,DREVSJØ,,brreg,https://data.brreg.no/enhetsregisteret/oppslag/enheter/983044077,grendelag,2026-04-28
BRUSVEEN GRENDEHUS,923024905,ETNEDAL,Innlandet,"c/o Anneli Scheldt Fauske, Fauskevegen 83",2890,ETNEDAL,,brreg,https://data.brreg.no/enhetsregisteret/oppslag/enheter/923024905,grendelag,2026-04-28
BYGDEVEGEN BRUSVEEN - ÅS,931320351,ETNEDAL,Innlandet,"c/o Bjørn Fauske, Smiugardsbygde 84",2890,ETNEDAL,,brreg,https://data.brreg.no/enhetsregisteret/oppslag/enheter/931320351,bygdelag,2026-04-28
FJELLSBYGDA GRENDEHUS,923222073,ETNEDAL,Innlandet,Nordfjellsvegen 206,2890,ETNEDAL,,brreg,https://data.brreg.no/enhetsregisteret/oppslag/enheter/923222073,grendelag,2026-04-28
FRIDOM UNGDOMSLAG,994831119,ETNEDAL,Innlandet,"v/Annhils Espelien, Rundbergsbygde 33",2890,ETNEDAL,,brreg,https://data.brreg.no/enhetsregisteret/oppslag/enheter/994831119,ungdomslag,2026-04-28
NORD ETNEDAL GRENDELAG,813271842,ETNEDAL,Innlandet,"c/o Unni Hagaset, Hagaset 21",2890,ETNEDAL,,brreg,https://data.brreg.no/enhetsregisteret/oppslag/enheter/813271842,grendelag,2026-04-28
NEDRE FOLLDAL BYGDEKVINNELAG,993373168,FOLLDAL,Innlandet,,2582,GRIMSBU,,brreg,https://data.brreg.no/enhetsregisteret/oppslag/enheter/993373168,bygdelag,2026-04-28
RONDESLOTTET GRENDEHUS,999231284,FOLLDAL,Innlandet,"c/o Bjørge Plassen, Liavegen 140",2580,FOLLDAL,,brreg,https://data.brreg.no/enhetsregisteret/oppslag/enheter/999231284,grendelag,2026-04-28
UNGDOMSLAGET FJELL,926601776,FOLLDAL,Innlandet,"c/o kasserer Sivert Husom, Dalgardsvegen 276",2584,DALHOLEN,https://www.facebook.com/ungdomslagetfjell,brreg,https://data.brreg.no/enhetsregisteret/oppslag/enheter/926601776,ungdomslag,2026-04-28
ØVRE FOLLDAL BYGDEKVINNELAG,920333427,FOLLDAL,Innlandet,Dalgardsvegen 108,2584,DALHOLEN,,brreg,https://data.brreg.no/enhetsregisteret/oppslag/enheter/920333427,bygdelag,2026-04-28
KITTILBU GRENDELAG,928159485,GAUSDAL,Innlandet,"Segalstad Bru, Vestringsvegen 4",2651,ØSTRE GAUSDAL,,brreg,https://data.brreg.no/enhetsregisteret/oppslag/enheter/928159485,grendelag,2026-04-28
BIRI BYGDEKVINNELAG,998829445,GJØVIK,Innlandet,"c/o Torunn Vigrestad, Ravegen 22",2836,BIRI,,brreg,https://data.brreg.no/enhetsregisteret/oppslag/enheter/998829445,bygdelag,2026-04-28
BIRISTRAND GRENDELAG,929564758,GJØVIK,Innlandet,"c/o Gunnar Halvor Ramdahl, Åsrovegen 193",2837,BIRISTRAND,,brreg,https://data.brreg.no/enhetsregisteret/oppslag/enheter/929564758,grendelag,2026-04-28
FABRIKKEN UNGDOMSKLUBB,833284622,GJØVIK,Innlandet,Snertingdalsvegen 1726,2838,SNERTINGDAL,,brreg,https://data.brreg.no/enhetsregisteret/oppslag/enheter/833284622,ungdomslag,2026-04-28
GJØVIK BARNE OG UNGDOMSTEATER,816728282,GJØVIK,Innlandet,"c/o Solveig Nielsen Thorbjørnsen, Øverbyvegen 25A",2819,GJØVIK,,brreg,https://data.brreg.no/enhetsregisteret/oppslag/enheter/816728282,ungdomslag,2026-04-28
GRANDE DRILLTROPP,971299967,GJØVIK,Innlandet,Postboks 2048,2811,HUNNDALEN,,brreg,https://data.brreg.no/enhetsregisteret/oppslag/enheter/971299967,grendelag,2026-04-28
GRANDE MANNSKOR,912022226,GJØVIK,Innlandet,"c/o Menighetshuset i Vardal, Hørstadskauvegen 1",2822,BYBRUA,,brreg,https://data.brreg.no/enhetsregisteret/oppslag/enheter/912022226,grendelag,2026-04-28
LIBERALISTISK UNGDOM OPPLAND,919385383,GJØVIK,Innlandet,"C/O Farberg, Storgata 18A",2815,GJØVIK,https://libung.no,brreg,https://data.brreg.no/enhetsregisteret/oppslag/enheter/919385383,"ungdomslag,bygdelag",2026-04-28
LIEN GRENDEVEG,918696334,GJØVIK,Innlandet,"v/Tor Magne Normann, Øvre Lienvegen 61",2838,SNERTINGDAL,,brreg,https://data.brreg.no/enhetsregisteret/oppslag/enheter/918696334,grendelag,2026-04-28
MJØSBYGDA REDALEN GRENDELAG,999127649,GJØVIK,Innlandet,"c/o Anne Jevnesveen Nordby, Snertingdalsvegen 171",2836,BIRI,,brreg,https://data.brreg.no/enhetsregisteret/oppslag/enheter/999127649,grendelag,2026-04-28
SKANSEN GRENDEHUS,990191883,GJØVIK,Innlandet,Klinkelinna 413,2827,HUNNDALEN,https://www.skansengrendehus.org,brreg,https://data.brreg.no/enhetsregisteret/oppslag/enheter/990191883,grendelag,2026-04-28
SNERTINGDAL BYGDEKVINNELAG,917572232,GJØVIK,Innlandet,Nøssvegen 17A,2838,SNERTINGDAL,,brreg,https://data.brreg.no/enhetsregisteret/oppslag/enheter/917572232,bygdelag,2026-04-28
SNERTINGDAL FRILYNTE UNGDOMSLAG,996696782,GJØVIK,Innlandet,"c/o Venke Fladsrud, Øvre veg 690",2838,SNERTINGDAL,,brreg,https://data.brreg.no/enhetsregisteret/oppslag/enheter/996696782,ungdomslag,2026-04-28
VARDAL BYGDEKVINNELAG,992221577,GJØVIK,Innlandet,"c/o Anna Opheim, Sveumvegen 170",2817,GJØVIK,,brreg,https://data.brreg.no/enhetsregisteret/oppslag/enheter/992221577,bygdelag,2026-04-28
BRANDBU BARNE- OG UNGDOMSKANTORI,932793768,GRAN,Innlandet,Julibakka 41,2760,BRANDBU,,brreg,https://data.brreg.no/enhetsregisteret/oppslag/enheter/932793768,ungdomslag,2026-04-28
BRANDBU BYGDEKVINNELAG,995421038,GRAN,Innlandet,"c/o Torhild Grønli, Salemvegen 9",2760,BRANDBU,,brreg,https://data.brreg.no/enhetsregisteret/oppslag/enheter/995421038,bygdelag,2026-04-28
BYGDEFESTEN HADELAND,919524774,GRAN,Innlandet,"c/o Stine Gunn Lynne, Lynnebakka 143",2750,GRAN,,brreg,https://data.brreg.no/enhetsregisteret/oppslag/enheter/919524774,bygdelag,2026-04-28
FAGERLUND UNGDOMSLAG,989320947,GRAN,Innlandet,"v/ Ole Gunnar Monsen, Kantengutua 10",2760,BRANDBU,,brreg,https://data.brreg.no/enhetsregisteret/oppslag/enheter/989320947,ungdomslag,2026-04-28
FAGERTUN BARNE OG UNGDOMSTEATER,993785032,GRAN,Innlandet,"c/o Anne Cathrine Heier, Østvoldvegen 11",2750,GRAN,https://www.fabu-teater.no/,brreg,https://data.brreg.no/enhetsregisteret/oppslag/enheter/993785032,ungdomslag,2026-04-28
GRAN BYGDEKVINNELAG,995432609,GRAN,Innlandet,"c/o Anne Marie Bjerke Hvattum, Jorstadlinna 16",2750,GRAN,,brreg,https://data.brreg.no/enhetsregisteret/oppslag/enheter/995432609,bygdelag,2026-04-28
GRAN OG LUNNER UNGDOMSTEATER,993771589,GRAN,Innlandet,"v/Alf Erik Svensbraaten, Skjellavegen 5",2760,BRANDBU,https://www.glutteater.org,brreg,https://data.brreg.no/enhetsregisteret/oppslag/enheter/993771589,ungdomslag,2026-04-28
HADELAND UNGDOMSKOR,921482981,GRAN,Innlandet,"c/o Hilde Heimdal, Orstadgutua 7",2770,JAREN,,brreg,https://data.brreg.no/enhetsregisteret/oppslag/enheter/921482981,ungdomslag,2026-04-28
MIDTRE BRANDBU UNGDOMS OG IDRETTSLAG,983424503,GRAN,Innlandet,Bleikenvegen 171,2760,BRANDBU,,brreg,https://data.brreg.no/enhetsregisteret/oppslag/enheter/983424503,"ungdomslag,bygdelag",2026-04-28
STIFTELSEN JAREN GRENDEHUS - MARIENLYST,979347499,GRAN,Innlandet,Jarenveien,2770,JAREN,,brreg,https://data.brreg.no/enhetsregisteret/oppslag/enheter/979347499,grendelag,2026-04-28
FAU VED GRUE BARNE OG UNGDOMSSKOLE,916667191,GRUE,Innlandet,c/o Grue Barne og Ungdomsskole,2260,KIRKENÆR,,brreg,https://data.brreg.no/enhetsregisteret/oppslag/enheter/916667191,ungdomslag,2026-04-28
GRINDER IDRETTSLAG,993900079,GRUE,Innlandet,Jaabækvegen 26,2264,GRINDER,https://idrett.speaker.no/Organisation.asp?id=21785,brreg,https://data.brreg.no/enhetsregisteret/oppslag/enheter/993900079,grendelag,2026-04-28
GRUE BYGDEKVINNELAG,920012841,GRUE,Innlandet,"c/o Åse Lilleåsen, Vestre Solørveg 930",2260,KIRKENÆR,,brreg,https://data.brreg.no/enhetsregisteret/oppslag/enheter/920012841,bygdelag,2026-04-28
NAMNÅ GRENDELAG,929423097,GRUE,Innlandet,"c/o Anita Madshus, Smiholsvegen 30",2265,NAMNÅ,,brreg,https://data.brreg.no/enhetsregisteret/oppslag/enheter/929423097,grendelag,2026-04-28
NESSKOGEN GRENDELAG,920167977,GRUE,Innlandet,Odalsvegen 571,2219,BRANDVAL,,brreg,https://data.brreg.no/enhetsregisteret/oppslag/enheter/920167977,grendelag,2026-04-28
VESTSIDEN UNGDOMSLAG,922134634,GRUE,Innlandet,"c/o Harry Aastad, Holmen 92",2260,KIRKENÆR,,brreg,https://data.brreg.no/enhetsregisteret/oppslag/enheter/922134634,ungdomslag,2026-04-28
BRUNSTAD UNGDOMSKLUBB HAMAR,922086567,HAMAR,Innlandet,Kurudvegen 94,2322,RIDABU,,brreg,https://data.brreg.no/enhetsregisteret/oppslag/enheter/922086567,ungdomslag,2026-04-28
BYGDEDANSLAGET I HAMAR,993253316,HAMAR,Innlandet,"v/Ola Molstad, St. Jørgens gate 17",2315,HAMAR,https://www.klubbinfo.no/bdih,brreg,https://data.brreg.no/enhetsregisteret/oppslag/enheter/993253316,bygdelag,2026-04-28
ENER UNGDOMSSKOLE POLENTUR,934537599,HAMAR,Innlandet,Ingelsrudvegen 361,2324,VANG PÅ HEDMARKEN,,brreg,https://data.brreg.no/enhetsregisteret/oppslag/enheter/934537599,ungdomslag,2026-04-28
GREFTENMOEN GRENDEUTVALG,917598584,HAMAR,Innlandet,"c/o Kristine Dahl, Mikkelstien 11",2324,VANG PÅ HEDMARKEN,,brreg,https://data.brreg.no/enhetsregisteret/oppslag/enheter/917598584,grendelag,2026-04-28
HAMAR BARNE- OG UNGDOMSKOR,991663835,HAMAR,Innlandet,"C/O Elin Thingstad, Maths Pedersens gate 10",2318,HAMAR,https://www.filiokuskoret.no,brreg,https://data.brreg.no/enhetsregisteret/oppslag/enheter/991663835,ungdomslag,2026-04-28
HEDMARK BYGDEKVINNELAG,988944610,HAMAR,Innlandet,Høyvangvegen 40,2322,RIDABU,,brreg,https://data.brreg.no/enhetsregisteret/oppslag/enheter/988944610,bygdelag,2026-04-28
OTTESTAD GRENDEKOR,911732785,HAMAR,Innlandet,"c/o Odd Vidar Skåret, Vikerkollvegen 27",2315,HAMAR,,brreg,https://data.brreg.no/enhetsregisteret/oppslag/enheter/911732785,grendelag,2026-04-28
SKÅLERUDGRENDA GRENDELAG,913034147,HAMAR,Innlandet,Ingelsrudvegen 264,2324,VANG PÅ HEDMARKEN,Facebook/Skålerudgrenda,brreg,https://data.brreg.no/enhetsregisteret/oppslag/enheter/913034147,grendelag,2026-04-28
UNGDOM FOR HAMAR,918549803,HAMAR,Innlandet,Brygga 26,2317,HAMAR,https://www.facebook.com/seasidehamar/?fref=ts,brreg,https://data.brreg.no/enhetsregisteret/oppslag/enheter/918549803,"ungdomslag,bygdelag",2026-04-28
VANG BARNE- OG UNGDOMSTEATER,975661237,HAMAR,Innlandet,"c/o Marianne Wiken, Øvre 22",2322,RIDABU,,brreg,https://data.brreg.no/enhetsregisteret/oppslag/enheter/975661237,ungdomslag,2026-04-28
VANG BYGDEKVINNELAG,996361721,HAMAR,Innlandet,"c/o Anne Rustad, Midtvangvegen 405",2324,VANG PÅ HEDMARKEN,,brreg,https://data.brreg.no/enhetsregisteret/oppslag/enheter/996361721,bygdelag,2026-04-28
VÅRTUN GRENDEHUS,916184301,HAMAR,Innlandet,Veståsvegen 116,2323,INGEBERG,,brreg,https://data.brreg.no/enhetsregisteret/oppslag/enheter/916184301,grendelag,2026-04-28
AUSTMARKA BYGDEKOR,828775502,KONGSVINGER,Innlandet,"c/o Ellen Marie Karlsson, Møllevegen 73",2224,AUSTMARKA,,brreg,https://data.brreg.no/enhetsregisteret/oppslag/enheter/828775502,bygdelag,2026-04-28
BRANDVAL BYGDEKVINNELAG,999621791,KONGSVINGER,Innlandet,"c/o Guri Gj Røhnebæk, Vestre Solørveg 880",2219,BRANDVAL,,brreg,https://data.brreg.no/enhetsregisteret/oppslag/enheter/999621791,bygdelag,2026-04-28
EDSBERG GRENDERÅD,925160326,KONGSVINGER,Innlandet,"c/o Frode Kristiansen, Retrettvegen 8",2212,KONGSVINGER,,brreg,https://data.brreg.no/enhetsregisteret/oppslag/enheter/925160326,grendelag,2026-04-28
GRÆSBERGET GRENDEFORENING,994830279,KONGSVINGER,Innlandet,"c/o Anne Wenche Skadsdammen, Græsbergvegen 65",2218,LUNDERSÆTER,,brreg,https://data.brreg.no/enhetsregisteret/oppslag/enheter/994830279,grendelag,2026-04-28
KONGSVINGER SJAKKLUBBS UNGDOM,915074634,KONGSVINGER,Innlandet,"c/o Øyvind Høie Henriksen, Raavegen 13",2211,KONGSVINGER,https://kongsvinger.hosjakk.no,brreg,https://data.brreg.no/enhetsregisteret/oppslag/enheter/915074634,"ungdomslag,bygdelag",2026-04-28
SØRROA BYGDELAG,998395674,KONGSVINGER,Innlandet,Løvbergsjordet 16,2217,HOKKÅSEN,,brreg,https://data.brreg.no/enhetsregisteret/oppslag/enheter/998395674,bygdelag,2026-04-28
ØIEREN GRENDEFORENING,982975190,KONGSVINGER,Innlandet,Øiermoen,2218,LUNDERSÆTER,,brreg,https://data.brreg.no/enhetsregisteret/oppslag/enheter/982975190,grendelag,2026-04-28
BØ GRENDEUTVALG,925356956,LESJA,Innlandet,"c/o Sigrid Hovda, Vestsidevegen 958",2665,LESJA,,brreg,https://data.brreg.no/enhetsregisteret/oppslag/enheter/925356956,grendelag,2026-04-28
KJØREMSGRENDE GRENDELAG,913497236,LESJA,Innlandet,Vestsidevegen 4,2665,LESJA,,brreg,https://data.brreg.no/enhetsregisteret/oppslag/enheter/913497236,grendelag,2026-04-28
LESJA BYGDEKVINNELAG,916999038,LESJA,Innlandet,"c/o Anne Berit Fiskum Skotte, Nyhusvegen 51",2666,LORA,,brreg,https://data.brreg.no/enhetsregisteret/oppslag/enheter/916999038,bygdelag,2026-04-28
LESJA BYGDEMUSEUM - VENNEFORENING,918096353,LESJA,Innlandet,"c/o Ingrid Espeseth, Jernbanevegen 41",2666,LORA,,brreg,https://data.brreg.no/enhetsregisteret/oppslag/enheter/918096353,bygdelag,2026-04-28
LESJASKOG BYGDEKVINNELAG,995514699,LESJA,Innlandet,"c/o Laila Irene Brøste, Liarbergvegen 28",2669,BJORLI,,brreg,https://data.brreg.no/enhetsregisteret/oppslag/enheter/995514699,bygdelag,2026-04-28
LESJASKOG GRENDEUTVALG,927070146,LESJA,Innlandet,"c/o Anne- Lill Sætre, Strandvegen 174",2668,LESJASKOG,,brreg,https://data.brreg.no/enhetsregisteret/oppslag/enheter/927070146,grendelag,2026-04-28
LESJAVERK GRENDEUTVALG,817362362,LESJA,Innlandet,"c/o Audny Bakken, Romsdalsvegen 3145",2667,LESJAVERK,,brreg,https://data.brreg.no/enhetsregisteret/oppslag/enheter/817362362,grendelag,2026-04-28
NORDMO GRENDEUTVALG,915097499,LESJA,Innlandet,"c/o Cato Gammeltorp, Stavheimsgrende 47",2666,LORA,,brreg,https://data.brreg.no/enhetsregisteret/oppslag/enheter/915097499,grendelag,2026-04-28
UL VERDANDI,896807072,LESJA,Innlandet,Friheim,2665,LESJA,,brreg,https://data.brreg.no/enhetsregisteret/oppslag/enheter/896807072,ungdomslag,2026-04-28
GRENDEUTVALGET I SAKSUMDAL,915558550,LILLEHAMMER,Innlandet,"c/o Eva Marie Meling Mathisen, Rustenvegen 254",2608,LILLEHAMMER,,brreg,https://data.brreg.no/enhetsregisteret/oppslag/enheter/915558550,grendelag,2026-04-28
GRENDEVEGEN KOLBERG - JØRUD,818712502,LILLEHAMMER,Innlandet,"c/o Tore Ellingsberg, Jørudbakken 34",2608,LILLEHAMMER,,brreg,https://data.brreg.no/enhetsregisteret/oppslag/enheter/818712502,grendelag,2026-04-28
GRØNN UNGDOM INNLANDET,998233917,LILLEHAMMER,Innlandet,Paul A. Owrens veg 215,2607,VINGROM,,brreg,https://data.brreg.no/enhetsregisteret/oppslag/enheter/998233917,"ungdomslag,bygdelag",2026-04-28
LÅGEN BYGDEKVINNELAG,913498690,LILLEHAMMER,Innlandet,Carl Haugens veg 7,2625,FÅBERG,,brreg,https://data.brreg.no/enhetsregisteret/oppslag/enheter/913498690,bygdelag,2026-04-28
MENTAL HELSE UNGDOM LILLEHAMMER,912364828,LILLEHAMMER,Innlandet,"c/o Daniela Diana Vulpe, Magne Henriksens veg 2B",2619,LILLEHAMMER,https://www.mentalhelseungdom.no/lokallag/lillehammer,brreg,https://data.brreg.no/enhetsregisteret/oppslag/enheter/912364828,"ungdomslag,bygdelag",2026-04-28
OPPLAND BYGDEKVINNELAG,991620915,LILLEHAMMER,Innlandet,Kirkegata 70,2609,LILLEHAMMER,https://www.bygdekvinnelaget.no,brreg,https://data.brreg.no/enhetsregisteret/oppslag/enheter/991620915,bygdelag,2026-04-28
RUDSBYGD GRENDEUTVALG,924275952,LILLEHAMMER,Innlandet,"c/o Hedvig Bleken, Buvollvegen 119",2625,FÅBERG,,brreg,https://data.brreg.no/enhetsregisteret/oppslag/enheter/924275952,grendelag,2026-04-28
SKIHYTTA GRENDEHUS,994786903,LILLEHAMMER,Innlandet,Nordsetervegen 460,2618,LILLEHAMMER,https://www.skihyttagrendehus.no,brreg,https://data.brreg.no/enhetsregisteret/oppslag/enheter/994786903,grendelag,2026-04-28
UNGDOMSLAGET HENRIK WERGELANDS MINNE,989322885,LILLEHAMMER,Innlandet,Jørstadmovegen 690,2625,FÅBERG,https://www.hwminne.no,brreg,https://data.brreg.no/enhetsregisteret/oppslag/enheter/989322885,ungdomslag,2026-04-28
VINGAR GRENDEUTVALG,918737863,LILLEHAMMER,Innlandet,"c/o John Sundeman Løkting, Risevegen 7",2608,LILLEHAMMER,https://www.klubbinfo.no/vgu/index.html,brreg,https://data.brreg.no/enhetsregisteret/oppslag/enheter/918737863,grendelag,2026-04-28
VINGARTUN GRENDEHUS,912780147,LILLEHAMMER,Innlandet,Saksumdalsvegen 40,2608,LILLEHAMMER,,brreg,https://data.brreg.no/enhetsregisteret/oppslag/enheter/912780147,grendelag,2026-04-28
LIA UNGDOMSLAG,894884762,LOM,Innlandet,Lidarende,2686,LOM,,brreg,https://data.brreg.no/enhetsregisteret/oppslag/enheter/894884762,ungdomslag,2026-04-28
LOM BYGDEKVINNELAG,824116512,LOM,Innlandet,"c/o Mari Sletten, Øvergrendsvegen 119",2686,LOM,,brreg,https://data.brreg.no/enhetsregisteret/oppslag/enheter/824116512,bygdelag,2026-04-28
LØTEN UNGDOMSTEATER,993831344,LØTEN,Innlandet,Rognvegen 10,2340,LØTEN,,brreg,https://data.brreg.no/enhetsregisteret/oppslag/enheter/993831344,ungdomslag,2026-04-28
STYRET I UNGDOMMENS HUS,918904786,LØTEN,Innlandet,Venslivegen 13,2340,LØTEN,,brreg,https://data.brreg.no/enhetsregisteret/oppslag/enheter/918904786,ungdomslag,2026-04-28
LEIRA GRENDELAG,925982237,NORD-AURDAL,Innlandet,"c/o Anita Grythe, Sylvsmedvegen 6",2920,LEIRA I VALDRES,,brreg,https://data.brreg.no/enhetsregisteret/oppslag/enheter/925982237,grendelag,2026-04-28
LO OG RYE GRENDEHUS,995489732,NORD-AURDAL,Innlandet,"v/ Mette Heggelund Pedersen, Håvrudvegen 1",2920,LEIRA I VALDRES,,brreg,https://data.brreg.no/enhetsregisteret/oppslag/enheter/995489732,grendelag,2026-04-28
MARSTEINHØGDA GRENDELAG,819482322,NORD-AURDAL,Innlandet,"C/O Pål Sandnæs, Elgvegen 9",2900,FAGERNES,,brreg,https://data.brreg.no/enhetsregisteret/oppslag/enheter/819482322,grendelag,2026-04-28
SOLABU UNGDOMSLAG,984496486,NORD-AURDAL,Innlandet,Panoramavegen 81,2918,ULNES,,brreg,https://data.brreg.no/enhetsregisteret/oppslag/enheter/984496486,ungdomslag,2026-04-28
ULNES BYGDEKVINNELAG,983351212,NORD-AURDAL,Innlandet,,2918,ULNES,,brreg,https://data.brreg.no/enhetsregisteret/oppslag/enheter/983351212,bygdelag,2026-04-28
VALDRES BARNE- OG UNGDOMSTEATER,912430022,NORD-AURDAL,Innlandet,Øvrevegen 7,2900,FAGERNES,,brreg,https://data.brreg.no/enhetsregisteret/oppslag/enheter/912430022,ungdomslag,2026-04-28
ÅBJØR BYGDEKVINNELAG,918093826,NORD-AURDAL,Innlandet,"c/o Anne Irene Aaberg, Golsvegen 120",2920,LEIRA I VALDRES,,brreg,https://data.brreg.no/enhetsregisteret/oppslag/enheter/918093826,bygdelag,2026-04-28
SULHEIM GRENDEHUS,917095248,NORD-FRON,Innlandet,"c/o Simen T Isum, Kapellvegen 197",2640,VINSTRA,,brreg,https://data.brreg.no/enhetsregisteret/oppslag/enheter/917095248,grendelag,2026-04-28
SØDORP GRENDELAG,825691642,NORD-FRON,Innlandet,"c/o Borgny S.Sletten, Fyru 34",2640,VINSTRA,,brreg,https://data.brreg.no/enhetsregisteret/oppslag/enheter/825691642,grendelag,2026-04-28
ODAL BYGDEKOR,975689344,NORD-ODAL,Innlandet,Grønnerudstubben 39,2120,SAGSTUA,,brreg,https://data.brreg.no/enhetsregisteret/oppslag/enheter/975689344,bygdelag,2026-04-28
ODAL BYGDEKVINNELAG,996253163,NORD-ODAL,Innlandet,"c/o Kari Skjønhaug, Lille Toner, Tonerroa 228",2133,GARDVIK,,brreg,https://data.brreg.no/enhetsregisteret/oppslag/enheter/996253163,bygdelag,2026-04-28
RUUD VEL OG GRENDEHUS,996175227,NORD-ODAL,Innlandet,Ruud,2120,SAGSTUA,,brreg,https://data.brreg.no/enhetsregisteret/oppslag/enheter/996175227,grendelag,2026-04-28
URO - UNGDOMMENS ROCKEKLUBB ODAL,826033312,NORD-ODAL,Innlandet,"c/o Camilla Nesset, Gamlevegen 89",2134,AUSTVATN,,brreg,https://data.brreg.no/enhetsregisteret/oppslag/enheter/826033312,ungdomslag,2026-04-28
DAL GRENDEHUS,994294687,NORDRE LAND,Innlandet,Nord-Torpvegen 1591,2880,NORD-TORPA,,brreg,https://data.brreg.no/enhetsregisteret/oppslag/enheter/994294687,grendelag,2026-04-28
FRAMSTEG UNGDOMSLAG,975571807,NORDRE LAND,Innlandet,,2880,NORD-TORPA,,brreg,https://data.brreg.no/enhetsregisteret/oppslag/enheter/975571807,ungdomslag,2026-04-28
FREDHEIM GRENDEHUS,984068948,NORDRE LAND,Innlandet,,2881,AUST-TORPA,,brreg,https://data.brreg.no/enhetsregisteret/oppslag/enheter/984068948,grendelag,2026-04-28
NORDRE LAND BYGDEKVINNELAG,984060769,NORDRE LAND,Innlandet,"c/o Anne I.Terningen, Øvre Nordsinni 714",2870,DOKKA,,brreg,https://data.brreg.no/enhetsregisteret/oppslag/enheter/984060769,bygdelag,2026-04-28
NORDSINNI UNGDOMSLAG,984464517,NORDRE LAND,Innlandet,Bjørkelykkja 15,2870,DOKKA,,brreg,https://data.brreg.no/enhetsregisteret/oppslag/enheter/984464517,ungdomslag,2026-04-28
OPPLAND UNGDOMSLAG,913984862,NORDRE LAND,Innlandet,"c/o Arnfinn Eng, Oddevegen 263",2880,NORD-TORPA,,brreg,https://data.brreg.no/enhetsregisteret/oppslag/enheter/913984862,ungdomslag,2026-04-28
TORPA BYGDEKVINNELAG,922904413,NORDRE LAND,Innlandet,"c/o Monika Korslund, Sæterbygda 49",2870,DOKKA,,brreg,https://data.brreg.no/enhetsregisteret/oppslag/enheter/922904413,bygdelag,2026-04-28
VEST-TORPA UNGDOMSLAG,984955022,NORDRE LAND,Innlandet,"c/o Ragnhild Sæteren Thorvaldsen, Høgåsvegen 57",2870,DOKKA,,brreg,https://data.brreg.no/enhetsregisteret/oppslag/enheter/984955022,ungdomslag,2026-04-28
ØSTSINNIÅSEN UNGDOMSLAG,994091190,NORDRE LAND,Innlandet,Østsinnilinna 939,2870,DOKKA,,brreg,https://data.brreg.no/enhetsregisteret/oppslag/enheter/994091190,ungdomslag,2026-04-28
DALSBYGDA BYGDEKVINNELAG,914800579,OS,Innlandet,Vangrøftdalsveien 45,2550,OS I ØSTERDALEN,,brreg,https://data.brreg.no/enhetsregisteret/oppslag/enheter/914800579,bygdelag,2026-04-28
DALSBYGDA UNGDOMSLAG,920802524,OS,Innlandet,"c/o Mina Berg Lingsell, Vangrøftveien 272",2552,DALSBYGDA,,brreg,https://data.brreg.no/enhetsregisteret/oppslag/enheter/920802524,ungdomslag,2026-04-28
OS BYGDEKVINNELAG,914533597,OS,Innlandet,"c/o Agnes Osflaten, Rørosveien 3820",2550,OS I ØSTERDALEN,,brreg,https://data.brreg.no/enhetsregisteret/oppslag/enheter/914533597,bygdelag,2026-04-28
TUFSINGDAL BYGDEKVINNELAG,923055924,OS,Innlandet,Midtdalsgrenda 16,2555,TUFSINGDALEN,,brreg,https://data.brreg.no/enhetsregisteret/oppslag/enheter/923055924,bygdelag,2026-04-28
UNGDOMSKORET FJELLKLANG,923021760,OS,Innlandet,"c/o Alfhild Myhre, Rørosveien 4166",2550,OS I ØSTERDALEN,,brreg,https://data.brreg.no/enhetsregisteret/oppslag/enheter/923021760,ungdomslag,2026-04-28
BYGDEMUSEETS VENNER,913690230,RENDALEN,Innlandet,"c/o Rendalen kommune, Kommunehuset",2485,RENDALEN,,brreg,https://data.brreg.no/enhetsregisteret/oppslag/enheter/913690230,bygdelag,2026-04-28
FORENINGEN HANESTAD UNGDOMSLAG OG KIVATUN GRENDEHUS,922588643,RENDALEN,Innlandet,"c/o Lars Erik Bjøntegaard, Hanestadveien 1718",2478,HANESTAD,,brreg,https://data.brreg.no/enhetsregisteret/oppslag/enheter/922588643,"ungdomslag,grendelag",2026-04-28
FORENINGEN SJØVANG GRENDEHUS,912156796,RENDALEN,Innlandet,Sjøliveien 2864,2450,RENA,,brreg,https://data.brreg.no/enhetsregisteret/oppslag/enheter/912156796,grendelag,2026-04-28
RENDALEN BYGDEKVINNELAG,993971243,RENDALEN,Innlandet,"c/o Linn Aasgård, Gamle Kongevei 4197",2484,RENDALEN,,brreg,https://data.brreg.no/enhetsregisteret/oppslag/enheter/993971243,bygdelag,2026-04-28
U.L. VAAR,996802655,RENDALEN,Innlandet,Elvålsgutua 188,2484,RENDALEN,,brreg,https://data.brreg.no/enhetsregisteret/oppslag/enheter/996802655,ungdomslag,2026-04-28
BREKKOM BYGDEKVINNELAG,918528857,RINGEBU,Innlandet,"c/o Grethe Kristin Fliflet Hvattum, Skogvegen 43",2634,FÅVANG,,brreg,https://data.brreg.no/enhetsregisteret/oppslag/enheter/918528857,bygdelag,2026-04-28
NORDRE BREKKOM BYGDALAG,995738880,RINGEBU,Innlandet,Vekkomsvegen 978,2634,FÅVANG,,brreg,https://data.brreg.no/enhetsregisteret/oppslag/enheter/995738880,bygdelag,2026-04-28
NORDRE-FÅVANG BYGDEKVINNELAG,930885711,RINGEBU,Innlandet,"c/o Liv Stormorken, Vestsidevegen 277",2634,FÅVANG,,brreg,https://data.brreg.no/enhetsregisteret/oppslag/enheter/930885711,bygdelag,2026-04-28
SØRE FÅVANG BYGDEKVINNELAG,919940220,RINGEBU,Innlandet,"Barbro Braastad, Fåvangvegen 578",2634,FÅVANG,,brreg,https://data.brreg.no/enhetsregisteret/oppslag/enheter/919940220,bygdelag,2026-04-28
VENABYGD BYGDEKVINNELAG,820066022,RINGEBU,Innlandet,"c/o Kine Ariela Egseth, Høystadvegen 3B",2630,RINGEBU,,brreg,https://data.brreg.no/enhetsregisteret/oppslag/enheter/820066022,bygdelag,2026-04-28
VESTSIDA GRENDELAG,928941280,RINGEBU,Innlandet,Losnavegen 86,2634,FÅVANG,,brreg,https://data.brreg.no/enhetsregisteret/oppslag/enheter/928941280,grendelag,2026-04-28
BRØTTUM BYGDEKVINNELAG,998068916,RINGSAKER,Innlandet,Kløvstadhøgdvegen 114,2372,BRØTTUM,,brreg,https://data.brreg.no/enhetsregisteret/oppslag/enheter/998068916,bygdelag,2026-04-28
ELGTRÅKKET GRENDELAG,987368004,RINGSAKER,Innlandet,"c/o Eirik Heggelund, Elgtråkket 50",2390,MOELV,,brreg,https://data.brreg.no/enhetsregisteret/oppslag/enheter/987368004,grendelag,2026-04-28
FAGERNES BYGDEKVINNELAG,994180924,RINGSAKER,Innlandet,"c/o Haldis M. Schjerpen, Fløtlivegen 62",2390,MOELV,,brreg,https://data.brreg.no/enhetsregisteret/oppslag/enheter/994180924,bygdelag,2026-04-28
FURNES BYGDEKVINNELAG,912747190,RINGSAKER,Innlandet,Bjørgedalsvegen 98,2388,BRUMUNDDAL,,brreg,https://data.brreg.no/enhetsregisteret/oppslag/enheter/912747190,bygdelag,2026-04-28
NES OG HELGØYA BYGDEKVINNELAG,998683505,RINGSAKER,Innlandet,"c/o Toril Windsor, Helgøyvegen 676",2350,NES PÅ HEDMARKEN,https://bygdekvinnelaget.no,brreg,https://data.brreg.no/enhetsregisteret/oppslag/enheter/998683505,bygdelag,2026-04-28
RINGSAKER BYGDEKVINNELAG,998596637,RINGSAKER,Innlandet,"c/o Inger Amb, Amsvegen 133",2355,GAUPEN,,brreg,https://data.brreg.no/enhetsregisteret/oppslag/enheter/998596637,bygdelag,2026-04-28
ÅSMARKA BARNE- OG UNGDOMSSJAKKLUBB,814524582,RINGSAKER,Innlandet,"c/o Håkon Haugsrud, Kauserudvegen 19",2365,ÅSMARKA,,brreg,https://data.brreg.no/enhetsregisteret/oppslag/enheter/814524582,ungdomslag,2026-04-28
GJEILO GRENDEHUS,929331877,SKJÅK,Innlandet,"v/ Åsne Hagen, Skjåkvegen 334",2690,SKJÅK,,brreg,https://data.brreg.no/enhetsregisteret/oppslag/enheter/929331877,grendelag,2026-04-28
MARLO GRENDEHUS VENER,924631163,SKJÅK,Innlandet,Skjåk solside 391,2690,SKJÅK,,brreg,https://data.brreg.no/enhetsregisteret/oppslag/enheter/924631163,grendelag,2026-04-28
SCHAKKLUBBEN AV 1911S UNGDOM,986673474,SKJÅK,Innlandet,"c/o Johannes Kjeken, Lundavegen 40",2690,SKJÅK,https://ungdom.sk1911.no/,brreg,https://data.brreg.no/enhetsregisteret/oppslag/enheter/986673474,"ungdomslag,bygdelag",2026-04-28
UNGDOMSLAGET FRAM,922229767,SKJÅK,Innlandet,"c/o Svein Peder Wassæther, Bispevegen 11",2690,SKJÅK,,brreg,https://data.brreg.no/enhetsregisteret/oppslag/enheter/922229767,ungdomslag,2026-04-28
ØYGARD SKULE GRENDELAG,922832390,SKJÅK,Innlandet,"c/o Rolv Kristen Øygard, Skjåk solside 821",2690,SKJÅK,,brreg,https://data.brreg.no/enhetsregisteret/oppslag/enheter/922832390,grendelag,2026-04-28
BYGDELISTA I STANGE,995627264,STANGE,Innlandet,Falletvegen 217,2338,ESPA,,brreg,https://data.brreg.no/enhetsregisteret/oppslag/enheter/995627264,bygdelag,2026-04-28
HEDEMARKEN BARNE- OG UNGDOMSORKESTER,893006222,STANGE,Innlandet,"c/o Vilde Esmeralda Stabel, Almsgutua 100",2335,STANGE,https://www.hebu.no,brreg,https://data.brreg.no/enhetsregisteret/oppslag/enheter/893006222,ungdomslag,2026-04-28
INNLANDET SJAKKRETS UNGDOM,915365825,STANGE,Innlandet,"c/o Andreas Jensen, Skjønhaugvegen 22",2312,OTTESTAD,https://hedmarksku.hosjakk.no,brreg,https://data.brreg.no/enhetsregisteret/oppslag/enheter/915365825,"ungdomslag,bygdelag",2026-04-28
KLUBB EUROVISION GRAND PRIX,923254676,STANGE,Innlandet,"c/o Svein Berg, Gartnervegen 23",2312,OTTESTAD,,brreg,https://data.brreg.no/enhetsregisteret/oppslag/enheter/923254676,grendelag,2026-04-28
KOLOMOEN GRENDELAG,993821713,STANGE,Innlandet,Kolomoen 318,2330,VALLSET,,brreg,https://data.brreg.no/enhetsregisteret/oppslag/enheter/993821713,grendelag,2026-04-28
ROA GRENDELAG,920832245,STANGE,Innlandet,"c/o Torger Kalrud, Roavegen 19",2335,STANGE,,brreg,https://data.brreg.no/enhetsregisteret/oppslag/enheter/920832245,grendelag,2026-04-28
ROMEDAL BYGDEKVINNELAG,995353199,STANGE,Innlandet,"c/o Gerd Skiaker Stenberg, Galgumvegen 130",2344,ILSENG,,brreg,https://data.brreg.no/enhetsregisteret/oppslag/enheter/995353199,bygdelag,2026-04-28
STANGE UNGDOMSKORPS,932202794,STANGE,Innlandet,"c/o Laila Nilsen Myklebust, Kongsvegen 10A",2335,STANGE,,brreg,https://data.brreg.no/enhetsregisteret/oppslag/enheter/932202794,ungdomslag,2026-04-28
STIFTELSEN UNGDOM I OPPDRAG,994890883,STANGE,Innlandet,Grimerudvegen 77,2312,OTTESTAD,https://www.ywam.no,brreg,https://data.brreg.no/enhetsregisteret/oppslag/enheter/994890883,"ungdomslag,bygdelag",2026-04-28
ÅSEN GRENDELAG,918859764,STANGE,Innlandet,"c/o Anne Laila Sandvold Jahren, Åsvangvegen 646",2332,ÅSVANG,,brreg,https://data.brreg.no/enhetsregisteret/oppslag/enheter/918859764,grendelag,2026-04-28
STOR-ELVDAL BYGDEKVINNELAG,930756415,STOR-ELVDAL,Innlandet,Kjemsjøveien 93,2480,KOPPANG,,brreg,https://data.brreg.no/enhetsregisteret/oppslag/enheter/930756415,bygdelag,2026-04-28
BERGEGARDA VELFORENING & GRENDEHUS,984063814,SØNDRE LAND,Innlandet,"c/ Magnus Nygård, Øvre Bergegarda 14",2862,FLUBERG,,brreg,https://data.brreg.no/enhetsregisteret/oppslag/enheter/984063814,grendelag,2026-04-28
HALMRAST GRENDELAG,918824154,SØNDRE LAND,Innlandet,Solheimgutua 1,2864,FALL,,brreg,https://data.brreg.no/enhetsregisteret/oppslag/enheter/918824154,grendelag,2026-04-28
HOV BARNE-OG UNGDOMSTEATER,915162363,SØNDRE LAND,Innlandet,"Hov Barne- og ungdomsteater, Brurudbakka 40",2864,FALL,,brreg,https://data.brreg.no/enhetsregisteret/oppslag/enheter/915162363,ungdomslag,2026-04-28
LAUSGARDA GRENDELAG,996764788,SØNDRE LAND,Innlandet,Lausgardsvegen 310,2860,HOV,,brreg,https://data.brreg.no/enhetsregisteret/oppslag/enheter/996764788,grendelag,2026-04-28
BRUNSTAD UNGDOMSKLUBB VALDRES,917723745,SØR-AURDAL,Innlandet,Bagnslinna 168,2930,BAGN,,brreg,https://data.brreg.no/enhetsregisteret/oppslag/enheter/917723745,ungdomslag,2026-04-28
DRIFTSFORENINGEN STAVEDALEN BYGDEHUS,813180782,SØR-AURDAL,Innlandet,Stavadalsvegen 303,2933,REINLI,,brreg,https://data.brreg.no/enhetsregisteret/oppslag/enheter/813180782,bygdelag,2026-04-28
HEDALEN UNGDOMSLAG,993810428,SØR-AURDAL,Innlandet,"Hedalen ungdomslag, co/ Bodil Øyhus Pihl",3528,HEDALEN,,brreg,https://data.brreg.no/enhetsregisteret/oppslag/enheter/993810428,ungdomslag,2026-04-28
HØLERA BYGDEHUS,995739380,SØR-AURDAL,Innlandet,,2930,BAGN,,brreg,https://data.brreg.no/enhetsregisteret/oppslag/enheter/995739380,bygdelag,2026-04-28
REINLI GRENDEUTVALG,917505640,SØR-AURDAL,Innlandet,"c/o Arnstein Kvaal, Rustøvegen 43",2933,REINLI,https://www.reinli.no,brreg,https://data.brreg.no/enhetsregisteret/oppslag/enheter/917505640,grendelag,2026-04-28
KVINNENETTVERKET-FELLES FRAMTID PÅ BYGDA-MIDT-GUDBRANDSDAL,920692869,SØR-FRON,Innlandet,"c/o Wenche Kvebu, Kvarvvegen 478",2647,SØR-FRON,,brreg,https://data.brreg.no/enhetsregisteret/oppslag/enheter/920692869,bygdelag,2026-04-28
DISENÅ GRENDELAG,919043202,SØR-ODAL,Innlandet,"c/o Elin Marie Haga Stabbetorp, Norddisivegen 89",2114,DISENÅ,,brreg,https://data.brreg.no/enhetsregisteret/oppslag/enheter/919043202,grendelag,2026-04-28
GALTERUD GRENDERÅD,921811608,SØR-ODAL,Innlandet,"c/o Knut Enger, Kroksrudvegen 229",2223,GALTERUD,,brreg,https://data.brreg.no/enhetsregisteret/oppslag/enheter/921811608,grendelag,2026-04-28
OPPSTAD GRENDEUTVALG,996248488,SØR-ODAL,Innlandet,Ringåsvegen 193,2100,SKARNES,https://oppstad.no,brreg,https://data.brreg.no/enhetsregisteret/oppslag/enheter/996248488,grendelag,2026-04-28
SANDER GRENDELAG,920839088,SØR-ODAL,Innlandet,"c/o Tor Arne Volden, Hærnesvegen 55",2116,SANDER,,brreg,https://data.brreg.no/enhetsregisteret/oppslag/enheter/920839088,grendelag,2026-04-28
SKARNES GRENDEUTVALG,920956467,SØR-ODAL,Innlandet,"c/o Tove Kristin Gulbrandsen, Strandvegen 90",2100,SKARNES,,brreg,https://data.brreg.no/enhetsregisteret/oppslag/enheter/920956467,grendelag,2026-04-28
SLÅSTAD GRENDEUTVIKLING,996954021,SØR-ODAL,Innlandet,"c/o Solveig Flatebø, Storsjøvegen 422",2110,SLÅSTAD,,brreg,https://data.brreg.no/enhetsregisteret/oppslag/enheter/996954021,grendelag,2026-04-28
ULLERN GRENDELAG,919129646,SØR-ODAL,Innlandet,"c/o Velaug Herud, Oslovegen 666",2100,SKARNES,,brreg,https://data.brreg.no/enhetsregisteret/oppslag/enheter/919129646,"ungdomslag,grendelag",2026-04-28
FJELLTUN GRENDEHUS VELFORENING,930827045,TOLGA,Innlandet,"c/o Jeanette Solheim Sønmør, Øversjødalsveien 329",2540,TOLGA,,brreg,https://data.brreg.no/enhetsregisteret/oppslag/enheter/930827045,grendelag,2026-04-28
HODALEN BYGDEKVINNELAG,915965172,TOLGA,Innlandet,"c/o Tove Mette Tveråen, Hodalen 177",2540,TOLGA,,brreg,https://data.brreg.no/enhetsregisteret/oppslag/enheter/915965172,bygdelag,2026-04-28
HODALEN BYGDELAG,914726921,TOLGA,Innlandet,"c/o Tove Mette Tveråen, Hodalen 177",2540,TOLGA,,brreg,https://data.brreg.no/enhetsregisteret/oppslag/enheter/914726921,bygdelag,2026-04-28
HOLA BYGDELAG,924843284,TOLGA,Innlandet,"c/o Inger Anne Pallin, Øversjødalsveien 1417",2540,TOLGA,https://www.holabygdelag.no,brreg,https://data.brreg.no/enhetsregisteret/oppslag/enheter/924843284,bygdelag,2026-04-28
TOLGA BYGDEKVINNELAG,920578411,TOLGA,Innlandet,"c/o Ragnhild Aashaug, Rørosveien 2027",2540,TOLGA,,brreg,https://data.brreg.no/enhetsregisteret/oppslag/enheter/920578411,bygdelag,2026-04-28
VINGELEN BYGDEKVINNELAG,918069208,TOLGA,Innlandet,"c/o Ingrid Vingelsgaard, Nordate 86",2542,VINGELEN,,brreg,https://data.brreg.no/enhetsregisteret/oppslag/enheter/918069208,bygdelag,2026-04-28
BYGDEFOLK FOR ROVDYR,998003024,TRYSIL,Innlandet,"c/o Lars-Erik Lie, Vikabakken 4",2420,TRYSIL,https://www.bfrnorge.no,brreg,https://data.brreg.no/enhetsregisteret/oppslag/enheter/998003024,bygdelag,2026-04-28
GALÅSEN GRENDELAG,912046915,TRYSIL,Innlandet,Galåsvegen,2422,NYBERGSUND,,brreg,https://data.brreg.no/enhetsregisteret/oppslag/enheter/912046915,grendelag,2026-04-28
GRØNDALEN GRENDELAG,932912880,TRYSIL,Innlandet,Korsbergsvegen 10,2420,TRYSIL,,brreg,https://data.brreg.no/enhetsregisteret/oppslag/enheter/932912880,grendelag,2026-04-28
LJØRADALEN GRENDEUTVALG,874482692,TRYSIL,Innlandet,Lassbekkvegen 3,2425,LJØRDALEN,https://www.ljordalen.no/,brreg,https://data.brreg.no/enhetsregisteret/oppslag/enheter/874482692,grendelag,2026-04-28
NESVOLDBERGET GRENDELAG,992799358,TRYSIL,Innlandet,Nesvollberget 97,2423,ØSTBY,,brreg,https://data.brreg.no/enhetsregisteret/oppslag/enheter/992799358,grendelag,2026-04-28
NYBERGSUND GRENDEUTVALG,989865331,TRYSIL,Innlandet,Parkvegen 15,2422,NYBERGSUND,,brreg,https://data.brreg.no/enhetsregisteret/oppslag/enheter/989865331,grendelag,2026-04-28
OPPLEVELSER UTEN GRENSER,917146217,TRYSIL,Innlandet,"c/o Mattias Lundgren, Elvdalsvegen 13",2422,NYBERGSUND,,brreg,https://data.brreg.no/enhetsregisteret/oppslag/enheter/917146217,grendelag,2026-04-28
SKJÆRBERGET UNGDOMSLAG,997051831,TRYSIL,Innlandet,"c/o Jon Arne Bye, Skjærbergsvegen 814",2427,PLASSEN,,brreg,https://data.brreg.no/enhetsregisteret/oppslag/enheter/997051831,ungdomslag,2026-04-28
STORSVEA GRENDEHUS,827862312,TRYSIL,Innlandet,"c/o Bjørn Arild Storsveen, Varahollsvegen 58",2429,TØRBERGET,,brreg,https://data.brreg.no/enhetsregisteret/oppslag/enheter/827862312,grendelag,2026-04-28
STØA GRENDELAG,985526451,TRYSIL,Innlandet,"c/o Stian Dypflod, Støavegen 1414",2423,ØSTBY,,brreg,https://data.brreg.no/enhetsregisteret/oppslag/enheter/985526451,grendelag,2026-04-28
SØRE OSEN GRENDEUTVALG,993414808,TRYSIL,Innlandet,"c/o Helge Haugen, Osensjøen vest 195",2428,SØRE OSEN,,brreg,https://data.brreg.no/enhetsregisteret/oppslag/enheter/993414808,grendelag,2026-04-28
SØRE TRYSIL GRENDEUTVALG,993639672,TRYSIL,Innlandet,Elvdalsvegen 1861,2427,PLASSEN,https://www.soretrysil.no,brreg,https://data.brreg.no/enhetsregisteret/oppslag/enheter/993639672,grendelag,2026-04-28
TRYSIL BYGDEKVINNELAG,893020152,TRYSIL,Innlandet,Flendalen,2420,TRYSIL,,brreg,https://data.brreg.no/enhetsregisteret/oppslag/enheter/893020152,bygdelag,2026-04-28
TRYSIL UNGDOM MED GLEDE,893434372,TRYSIL,Innlandet,"c/o Siv Rønningen, Skjærhollvegen 170",2423,ØSTBY,,brreg,https://data.brreg.no/enhetsregisteret/oppslag/enheter/893434372,"ungdomslag,bygdelag",2026-04-28
UNGDOMSLAGET FLENDØLEN,993078638,TRYSIL,Innlandet,"c/o Kåre Enger, Flendalsvegen 1881",2420,TRYSIL,,brreg,https://data.brreg.no/enhetsregisteret/oppslag/enheter/993078638,ungdomslag,2026-04-28
UNGDOMSLAGET SAMHOLD,976707737,TRYSIL,Innlandet,Vestigardsvegen 85,2427,PLASSEN,,brreg,https://data.brreg.no/enhetsregisteret/oppslag/enheter/976707737,ungdomslag,2026-04-28
VESTBY GRENDEUTVALG,981914074,TRYSIL,Innlandet,Bergliteigen 8,2420,TRYSIL,,brreg,https://data.brreg.no/enhetsregisteret/oppslag/enheter/981914074,grendelag,2026-04-28
ØSTBY GRENDEUTVALG,993736635,TRYSIL,Innlandet,Kirkevegen 4,2423,ØSTBY,https://www.ostbyitrysil.net,brreg,https://data.brreg.no/enhetsregisteret/oppslag/enheter/993736635,grendelag,2026-04-28
BRYDALEN UNGDOMSLAG,916943032,TYNSET,Innlandet,"c/o Elisabeth Jæger Rusten, Solbuveien 95",2500,TYNSET,,brreg,https://data.brreg.no/enhetsregisteret/oppslag/enheter/916943032,ungdomslag,2026-04-28
FORENINGEN FÅLUND GRENDEHUS,912270025,TYNSET,Innlandet,"c/o Gerd Granlund Sagvang, Savalveien 887",2500,TYNSET,,brreg,https://data.brreg.no/enhetsregisteret/oppslag/enheter/912270025,grendelag,2026-04-28
GRENDEHUSET HEIM,918295828,TYNSET,Innlandet,"Grendehuset Heim, v/ Marte Lene Helsingeng, Rørosveien 439",2500,TYNSET,,brreg,https://data.brreg.no/enhetsregisteret/oppslag/enheter/918295828,grendelag,2026-04-28
LONÅS GRENDEHUS,913567781,TYNSET,Innlandet,Lonås,2500,TYNSET,,brreg,https://data.brreg.no/enhetsregisteret/oppslag/enheter/913567781,grendelag,2026-04-28
TRON UNGDOMSSENTER,939868402,TYNSET,Innlandet,Tylldalsveien 689,2500,TYNSET,https://www.tron-ungdomssenter.no,brreg,https://data.brreg.no/enhetsregisteret/oppslag/enheter/939868402,ungdomslag,2026-04-28
TYLLDALEN BYGDEKVINNELAG,993086592,TYNSET,Innlandet,Søgardsgrenda 64,2510,TYLLDALEN,,brreg,https://data.brreg.no/enhetsregisteret/oppslag/enheter/993086592,bygdelag,2026-04-28
TYNSET BARNE- OG UNGDOMSTEATER,914624878,TYNSET,Innlandet,"c/o Tone Mobakken, Revkroken 12",2500,TYNSET,,brreg,https://data.brreg.no/enhetsregisteret/oppslag/enheter/914624878,ungdomslag,2026-04-28
THORPE GRENDEHUS,816123542,VANG,Innlandet,"c/o Nils Arne Thorpe, Tørpegardsvegen 30",2973,RYFOSS,,brreg,https://data.brreg.no/enhetsregisteret/oppslag/enheter/816123542,grendelag,2026-04-28
VANG BYGDEKVINNELAG,928551628,VANG,Innlandet,"c/o Guro Råheim Kvam, Kvamsronvegen 5",2975,VANG I VALDRES,,brreg,https://data.brreg.no/enhetsregisteret/oppslag/enheter/928551628,bygdelag,2026-04-28
VANG SKULE- OG UNGDOMSKORPS,975575802,VANG,Innlandet,Kvamsronvegen 5,2975,VANG I VALDRES,,brreg,https://data.brreg.no/enhetsregisteret/oppslag/enheter/975575802,ungdomslag,2026-04-28
JOHMSBORG GRENDEHUS,997088395,VESTRE SLIDRE,Innlandet,Vestsidevegen 1299,2960,RØN,,brreg,https://data.brreg.no/enhetsregisteret/oppslag/enheter/997088395,grendelag,2026-04-28
ROGNDOKKEN GRENDELAG,829210452,VESTRE SLIDRE,Innlandet,Rogndokkvegen 355,2900,FAGERNES,,brreg,https://data.brreg.no/enhetsregisteret/oppslag/enheter/829210452,grendelag,2026-04-28
RØN BYGDEKVINNELAG,914862574,VESTRE SLIDRE,Innlandet,"c/o Inger Astrid Nordberg, Grefsrudvegen 18",2960,RØN,,brreg,https://data.brreg.no/enhetsregisteret/oppslag/enheter/914862574,bygdelag,2026-04-28
SLIDRE GRENDELAG,921053002,VESTRE SLIDRE,Innlandet,"c/o Ola Ellef Bang, Kjeldelie 2D",2966,SLIDRE,,brreg,https://data.brreg.no/enhetsregisteret/oppslag/enheter/921053002,grendelag,2026-04-28
SLIDRINGEN UNGDOMSLAG,922994579,VESTRE SLIDRE,Innlandet,"c/o Frode Rolandsgard, Ringestadvegen 44",2967,LOMEN,,brreg,https://data.brreg.no/enhetsregisteret/oppslag/enheter/922994579,ungdomslag,2026-04-28
IHLE GRENDELAG,997384318,VESTRE TOTEN,Innlandet,Vestre Toten veg 1370,2846,BØVERBRU,,brreg,https://data.brreg.no/enhetsregisteret/oppslag/enheter/997384318,grendelag,2026-04-28
"MENTAL HELSE UNGDOM GJØVIK, TOTEN",930389102,VESTRE TOTEN,Innlandet,"c/o Siri Fuglevåg Aspelie, Nysethbakken 28",2833,RAUFOSS,,brreg,https://data.brreg.no/enhetsregisteret/oppslag/enheter/930389102,"ungdomslag,bygdelag",2026-04-28
SKANSEN OG GRANDE MUSIKKORPS,981052080,VESTRE TOTEN,Innlandet,"C/O Merethe Sebakk Fuglerud, Nils Juls gate 123",2840,REINSVOLL,,brreg,https://data.brreg.no/enhetsregisteret/oppslag/enheter/981052080,grendelag,2026-04-28
VESTRE TOTEN BARNE- OG UNGDOMSTEATER,993605581,VESTRE TOTEN,Innlandet,"c/o Therese Havn, Ekornvegen 9",2833,RAUFOSS,https://www.vestre-toten.kommune.no/fyrverkerietkulturskole/vare-tilbud/vare-tilbud2/,brreg,https://data.brreg.no/enhetsregisteret/oppslag/enheter/993605581,ungdomslag,2026-04-28
VESTRE TOTEN BYGDEKVINNELAG,913144759,VESTRE TOTEN,Innlandet,"c/o Kristin Berg Nordstrand, Markvegen 30",2840,REINSVOLL,,brreg,https://data.brreg.no/enhetsregisteret/oppslag/enheter/913144759,bygdelag,2026-04-28
LALM VEL OG GRENDEUTVIKLING,919875429,VÅGÅ,Innlandet,"c/o Lars Ola Rindseter, Kolbottvegen 17",2682,LALM,,brreg,https://data.brreg.no/enhetsregisteret/oppslag/enheter/919875429,grendelag,2026-04-28
SJÅRDALEN GRENDELAG,999137385,VÅGÅ,Innlandet,"c/o Randi Rugsveen Sveen, Sjårdalsvegen 851",2680,VÅGÅ,,brreg,https://data.brreg.no/enhetsregisteret/oppslag/enheter/999137385,grendelag,2026-04-28
TESSAND GRENDELAG,920278558,VÅGÅ,Innlandet,Tessand Grendelagshus,2683,TESSANDEN,,brreg,https://data.brreg.no/enhetsregisteret/oppslag/enheter/920278558,grendelag,2026-04-28
VÅGÅ BYGDEKVINNELAG,971301082,VÅGÅ,Innlandet,v/Lene Andersen-Gott,2680,VÅGÅ,,brreg,https://data.brreg.no/enhetsregisteret/oppslag/enheter/971301082,bygdelag,2026-04-28
RISBERGET GRENDELAG,826830522,VÅLER,Innlandet,"c/o Odd Even Fylling, Sørskogbygdvegen 2572",2412,SØRSKOGBYGDA,,brreg,https://data.brreg.no/enhetsregisteret/oppslag/enheter/826830522,grendelag,2026-04-28
DESET GRENDEUTVALG,994607243,ÅMOT,Innlandet,"c/o Stian Moby Nilsen, Vikkjølveien 7",2450,RENA,,brreg,https://data.brreg.no/enhetsregisteret/oppslag/enheter/994607243,grendelag,2026-04-28
OSEN SKOLE OG UNGDOMSKORPS,975637840,ÅMOT,Innlandet,,2460,OSEN,,brreg,https://data.brreg.no/enhetsregisteret/oppslag/enheter/975637840,ungdomslag,2026-04-28
ÅMOT BYGDEKVINNELAGET,994599003,ÅMOT,Innlandet,"c/o Magni Melvær, Tingstadgutua 26",2450,RENA,,brreg,https://data.brreg.no/enhetsregisteret/oppslag/enheter/994599003,bygdelag,2026-04-28
ÅSTA UNGDOMSLAG,984460007,ÅMOT,Innlandet,"c/o Anita Grindborg, Fossheimveien 127",2450,RENA,,brreg,https://data.brreg.no/enhetsregisteret/oppslag/enheter/984460007,ungdomslag,2026-04-28
FLISA GRENDERÅD,913537491,ÅSNES,Innlandet,"c/o Carl Christian Heiberg, Skrivarvegen 22",2270,FLISA,,brreg,https://data.brreg.no/enhetsregisteret/oppslag/enheter/913537491,grendelag,2026-04-28
GJESÅSEN GRENDERÅD,913818326,ÅSNES,Innlandet,Vestre Gjesåsveg 508,2280,GJESÅSEN,,brreg,https://data.brreg.no/enhetsregisteret/oppslag/enheter/913818326,grendelag,2026-04-28
HOF VESTRE BYGDEKVINNELAG,993384011,ÅSNES,Innlandet,"c/o Åse Retteraasen, Millomvegen 433",2270,FLISA,,brreg,https://data.brreg.no/enhetsregisteret/oppslag/enheter/993384011,bygdelag,2026-04-28
HOF ØSTRE BYGDEKVINNELAG,993421472,ÅSNES,Innlandet,"c/o Anne Gulløy Kveseth, Kvesetgrenda 8",2266,ARNEBERG,,brreg,https://data.brreg.no/enhetsregisteret/oppslag/enheter/993421472,bygdelag,2026-04-28
KILSKULA GRENDEFORENING,925824933,ÅSNES,Innlandet,Kaptein Dreyers veg 1567,2283,ÅSNES FINNSKOG,,brreg,https://data.brreg.no/enhetsregisteret/oppslag/enheter/925824933,grendelag,2026-04-28
ÅSNES BARNE- OG UNGDOMSKORPS,991876952,ÅSNES,Innlandet,"c/o Frank Rognstad, Smørbølsmoen 125",2280,GJESÅSEN,,brreg,https://data.brreg.no/enhetsregisteret/oppslag/enheter/991876952,ungdomslag,2026-04-28
BYGDEKIRKA,932350521,ØSTRE TOTEN,Innlandet,Rolfstadvegen 4,2848,SKREIA,,brreg,https://data.brreg.no/enhetsregisteret/oppslag/enheter/932350521,bygdelag,2026-04-28
HERMANRUDSVINGEN GRENDELAG,916584792,ØSTRE TOTEN,Innlandet,Hermanrudsvingen 51,2849,KAPP,,brreg,https://data.brreg.no/enhetsregisteret/oppslag/enheter/916584792,grendelag,2026-04-28
NIKKERUDBAKKA GRENDELAG,926649922,ØSTRE TOTEN,Innlandet,Nikkerudbakka 24,2848,SKREIA,,brreg,https://data.brreg.no/enhetsregisteret/oppslag/enheter/926649922,grendelag,2026-04-28
NORDLIA GRENDELAG,997435869,ØSTRE TOTEN,Innlandet,Kjørkjevegen 75,2820,NORDRE TOTEN,https://www.nordlia.no,brreg,https://data.brreg.no/enhetsregisteret/oppslag/enheter/997435869,grendelag,2026-04-28
SKREIA UNGDOMSKLUBB,937282710,ØSTRE TOTEN,Innlandet,"c/o Hilde Valler, Fårlundsgutua 3",2848,SKREIA,,brreg,https://data.brreg.no/enhetsregisteret/oppslag/enheter/937282710,ungdomslag,2026-04-28
VALSTADVEGEN GRENDELAG,915273653,ØSTRE TOTEN,Innlandet,"c/o Ingar Moe, Valstadvegen 22",2849,KAPP,,brreg,https://data.brreg.no/enhetsregisteret/oppslag/enheter/915273653,grendelag,2026-04-28
ØSTRE TOTEN BYGDEKVINNELAG,996262898,ØSTRE TOTEN,Innlandet,"c/o Kjersti Vingebakken, Torsætervegen 250",2848,SKREIA,,brreg,https://data.brreg.no/enhetsregisteret/oppslag/enheter/996262898,bygdelag,2026-04-28
MUSDAL GRENDELAG,919577010,ØYER,Innlandet,"c/o Jon Magne Aspelund, Korketrekkeren 58",2635,TRETTEN,,brreg,https://data.brreg.no/enhetsregisteret/oppslag/enheter/919577010,grendelag,2026-04-28
TRETTEN BYGDEKVINNELAG,999584217,ØYER,Innlandet,"c/o Tone Rui, Musdalsvegen 116",2635,TRETTEN,,brreg,https://data.brreg.no/enhetsregisteret/oppslag/enheter/999584217,bygdelag,2026-04-28
ØYER BYGDEKVINNELAG,916531451,ØYER,Innlandet,Måkrudgutua 59,2636,ØYER,,brreg,https://data.brreg.no/enhetsregisteret/oppslag/enheter/916531451,bygdelag,2026-04-28
FRAM UNGDOMSLAG,918603190,ØYSTRE SLIDRE,Innlandet,Kvamsvegen 26,2940,HEGGENES,,brreg,https://data.brreg.no/enhetsregisteret/oppslag/enheter/918603190,ungdomslag,2026-04-28
MELLEHEIM UNGDOMSLAG,988666610,ØYSTRE SLIDRE,Innlandet,Solhaug Samfunnshus,2943,ROGNE,,brreg,https://data.brreg.no/enhetsregisteret/oppslag/enheter/988666610,ungdomslag,2026-04-28
MIDTRE HEGGE OG DALE GRENDELAG,998484391,ØYSTRE SLIDRE,Innlandet,"c/o Knut Arne Jacobsen, Brennevegen 16",2950,SKAMMESTEIN,,brreg,https://data.brreg.no/enhetsregisteret/oppslag/enheter/998484391,grendelag,2026-04-28
VALDRES UNGDOMSLAG,983252826,ØYSTRE SLIDRE,Innlandet,v/Aina Merete Karijord,2943,ROGNE,,brreg,https://data.brreg.no/enhetsregisteret/oppslag/enheter/983252826,ungdomslag,2026-04-28
ØYSTRE SLIDRE BYGDEKVINNELAG,916253923,ØYSTRE SLIDRE,Innlandet,"c/o Marit Jorun Idstad, Nyhagevegen 87",2940,HEGGENES,,brreg,https://data.brreg.no/enhetsregisteret/oppslag/enheter/916253923,bygdelag,2026-04-28
GOSSEN BARNE- OG UNGDOMSSKOLE SKOLESJAKKLAG,928416097,AUKRA,Møre og Romsdal,"c/o Frode Klev, Røysavegen 30",6480,AUKRA,,brreg,https://data.brreg.no/enhetsregisteret/oppslag/enheter/928416097,ungdomslag,2026-04-28
GOSSEN BYGDEKVINNELAG,912160467,AUKRA,Møre og Romsdal,"c/o Katrine Rindarøy, Aukraringen 20",6480,AUKRA,,brreg,https://data.brreg.no/enhetsregisteret/oppslag/enheter/912160467,bygdelag,2026-04-28
GOSSEN FRILYNDE UNGDOMSLAG,996129888,AUKRA,Møre og Romsdal,Nerbøvegen 75,6480,AUKRA,,brreg,https://data.brreg.no/enhetsregisteret/oppslag/enheter/996129888,ungdomslag,2026-04-28
UFO UNGDOMMENS-FRITIDS-ORDNING,994431048,AUKRA,Møre og Romsdal,Falkhytten,6480,AUKRA,,brreg,https://data.brreg.no/enhetsregisteret/oppslag/enheter/994431048,ungdomslag,2026-04-28
AURE BYGDEKVINNELAG,916706790,AURE,Møre og Romsdal,"c/o Judith Bjørk, Skagan 36",6690,AURE,,brreg,https://data.brreg.no/enhetsregisteret/oppslag/enheter/916706790,bygdelag,2026-04-28
BREIDABLIKK U L,971375493,AURE,Møre og Romsdal,Skogvangvegen 9,6690,AURE,,brreg,https://data.brreg.no/enhetsregisteret/oppslag/enheter/971375493,ungdomslag,2026-04-28
FRÅSKÆGGE UNGDOMSKLUBB,997108388,AURE,Møre og Romsdal,"Aure kommune, Rådhuset",6690,AURE,,brreg,https://data.brreg.no/enhetsregisteret/oppslag/enheter/997108388,ungdomslag,2026-04-28
LABAN UNGDOMSKLUBB,914577608,AURE,Møre og Romsdal,Rådhuset,6690,AURE,,brreg,https://data.brreg.no/enhetsregisteret/oppslag/enheter/914577608,ungdomslag,2026-04-28
U.L. PRØVEN,917232911,AURE,Møre og Romsdal,"c/o Inger Kristin Todal Fuglevåg, Nordheim",6590,TUSTNA,,brreg,https://data.brreg.no/enhetsregisteret/oppslag/enheter/917232911,ungdomslag,2026-04-28
U/L HAVSUS,912020010,AURE,Møre og Romsdal,Ramsvikvegen 19,6698,LESUND,,brreg,https://data.brreg.no/enhetsregisteret/oppslag/enheter/912020010,ungdomslag,2026-04-28
UNGDOMSLAGET FREMSKRITT,912430170,AURE,Møre og Romsdal,Indresæter,6590,TUSTNA,,brreg,https://data.brreg.no/enhetsregisteret/oppslag/enheter/912430170,ungdomslag,2026-04-28
UNGDOMSLAGET NORDLYS,893608362,AURE,Møre og Romsdal,Vihalsvegen 27,6697,VIHALS,,brreg,https://data.brreg.no/enhetsregisteret/oppslag/enheter/893608362,ungdomslag,2026-04-28
AVERØY UNGDOMSKLUBB,987086491,AVERØY,Møre og Romsdal,"c/o Tommy Stormo, Kårvågveien 187",6532,AVERØY,,brreg,https://data.brreg.no/enhetsregisteret/oppslag/enheter/987086491,ungdomslag,2026-04-28
AVERØY UNGDOMSKORPS,975726487,AVERØY,Møre og Romsdal,"c/o Aud Skrudland, Øksenvåghøgda 46B",6530,AVERØY,,brreg,https://data.brreg.no/enhetsregisteret/oppslag/enheter/975726487,ungdomslag,2026-04-28
AVERØY UNGDOMSSKOLE POLENTUR,931411381,AVERØY,Møre og Romsdal,"c/o Kari-Anne Forsmo Thygesen, Kvernesveien 1065",6531,AVERØY,,brreg,https://data.brreg.no/enhetsregisteret/oppslag/enheter/931411381,ungdomslag,2026-04-28
BREMSNES BYGDALAG,975599892,AVERØY,Møre og Romsdal,Bremsnes,6530,AVERØY,,brreg,https://data.brreg.no/enhetsregisteret/oppslag/enheter/975599892,bygdelag,2026-04-28
BRUVOLL BYGDALAG,986056831,AVERØY,Møre og Romsdal,"c/o Frode Ressem, Hjelsetveien 217",6531,AVERØY,https://www.bruvollbygdalag.no,brreg,https://data.brreg.no/enhetsregisteret/oppslag/enheter/986056831,bygdelag,2026-04-28
BÅDALEN BYGDALAG,994305395,AVERØY,Møre og Romsdal,Myrsetveien 60,6531,AVERØY,https://www.baadalstun.no,brreg,https://data.brreg.no/enhetsregisteret/oppslag/enheter/994305395,bygdelag,2026-04-28
GAMLE KVERNES BYGDEMUSEUM,971492457,AVERØY,Møre og Romsdal,Kvernesveien 825,6531,AVERØY,https://www.nordmorsmusea.no,brreg,https://data.brreg.no/enhetsregisteret/oppslag/enheter/971492457,bygdelag,2026-04-28
KVERNES BYGDALAG,993092924,AVERØY,Møre og Romsdal,"c/o Ann Tove Kirkevåg Wik, Kvernesveien 504",6531,AVERØY,,brreg,https://data.brreg.no/enhetsregisteret/oppslag/enheter/993092924,bygdelag,2026-04-28
MEEK UNGDOMS- OG FORSAMLINGSHUS,919149892,AVERØY,Møre og Romsdal,"c/o Silje Mork, Kvernesveien 1785",6531,AVERØY,,brreg,https://data.brreg.no/enhetsregisteret/oppslag/enheter/919149892,"ungdomslag,bygdelag",2026-04-28
STEINSGRENDA BYGDALAG,911884550,AVERØY,Møre og Romsdal,"c/o Bjørn Erik Hanisch Aae, Rånesveien 66",6531,AVERØY,,brreg,https://data.brreg.no/enhetsregisteret/oppslag/enheter/911884550,bygdelag,2026-04-28
STENE GRENDEHUS OG LEKEPLASS,998453755,AVERØY,Møre og Romsdal,"c/o Thomas Sørvik, Knausenvegen 10",6531,AVERØY,,brreg,https://data.brreg.no/enhetsregisteret/oppslag/enheter/998453755,grendelag,2026-04-28
UNGDOMSLAGET UTHEIM,984380054,AVERØY,Møre og Romsdal,Kårvåg,6532,AVERØY,,brreg,https://data.brreg.no/enhetsregisteret/oppslag/enheter/984380054,ungdomslag,2026-04-28
EIDSDAL UNGDOMSLAG,923621598,FJORD,Møre og Romsdal,Eidsdalsvegen 359,6215,EIDSDAL,https://www.facebook.com/eidsdalungdomslag/,brreg,https://data.brreg.no/enhetsregisteret/oppslag/enheter/923621598,ungdomslag,2026-04-28
SYLTE UNGDOMSKLUBB,917015856,FJORD,Møre og Romsdal,Frivilligsentralen i Norddal,6210,VALLDAL,,brreg,https://data.brreg.no/enhetsregisteret/oppslag/enheter/917015856,ungdomslag,2026-04-28
TAFJORD UNGDOMSLAG,994465600,FJORD,Møre og Romsdal,,6213,TAFJORD,,brreg,https://data.brreg.no/enhetsregisteret/oppslag/enheter/994465600,ungdomslag,2026-04-28
VALLDAL BYGDEKVINNELAG,993611875,FJORD,Møre og Romsdal,"C/O Bjærg Sætran Kleppe, Murihøgda 24",6210,VALLDAL,,brreg,https://data.brreg.no/enhetsregisteret/oppslag/enheter/993611875,bygdelag,2026-04-28
YSTEREITEN GRENDEHUS,913669274,FJORD,Møre og Romsdal,Valldalsvegen 688,6210,VALLDAL,,brreg,https://data.brreg.no/enhetsregisteret/oppslag/enheter/913669274,grendelag,2026-04-28
ØVRE VALLDAL GRENDELAG,983200931,FJORD,Møre og Romsdal,,6210,VALLDAL,,brreg,https://data.brreg.no/enhetsregisteret/oppslag/enheter/983200931,grendelag,2026-04-28
VALDERØY FRILYNDE UNGDOMSLAG,996720454,GISKE,Møre og Romsdal,Johansbuda,6050,VALDERØYA,,brreg,https://data.brreg.no/enhetsregisteret/oppslag/enheter/996720454,ungdomslag,2026-04-28
VIGRA OG VALDERØY UNGDOMSMUSIKK,978694861,GISKE,Møre og Romsdal,Postboks 109,6058,VALDERØYA,,brreg,https://data.brreg.no/enhetsregisteret/oppslag/enheter/978694861,ungdomslag,2026-04-28
VIKING UNGDOMSLAG,911675919,GISKE,Møre og Romsdal,"c/o Hans Jonny Blindheimsvik, Bureisingsvegen 54",6040,VIGRA,VikingVigra,brreg,https://data.brreg.no/enhetsregisteret/oppslag/enheter/911675919,ungdomslag,2026-04-28
ANGVIK BYGDELAG,988008540,GJEMNES,Møre og Romsdal,,6636,ANGVIK,,brreg,https://data.brreg.no/enhetsregisteret/oppslag/enheter/988008540,bygdelag,2026-04-28
BATNFJORD BYGDELAG,994097903,GJEMNES,Møre og Romsdal,"c/o Karl Thomas Hals, Bakken 11A",6631,BATNFJORDSØRA,,brreg,https://data.brreg.no/enhetsregisteret/oppslag/enheter/994097903,bygdelag,2026-04-28
BATNFJORD UNGDOMSLAG,983831508,GJEMNES,Møre og Romsdal,"c/o Oddgeir Løvold, Skogfaret 8B",6631,BATNFJORDSØRA,,brreg,https://data.brreg.no/enhetsregisteret/oppslag/enheter/983831508,ungdomslag,2026-04-28
BERGSØY UNGDOMSLAG,993495042,GJEMNES,Møre og Romsdal,"c/o Mari Halset, Krokavegen 22",6633,GJEMNES,,brreg,https://data.brreg.no/enhetsregisteret/oppslag/enheter/993495042,ungdomslag,2026-04-28
BJERKELY BYGDALAG,980523632,GJEMNES,Møre og Romsdal,"c/o Lisbet Nisjaløkk Undlien, Gaupsetvegen 619",6631,BATNFJORDSØRA,,brreg,https://data.brreg.no/enhetsregisteret/oppslag/enheter/980523632,bygdelag,2026-04-28
FAGERLI BYGDALAG,913361148,GJEMNES,Møre og Romsdal,"c/o Guri Hoven Fagerlie, Flemsetervegen 46",6637,FLEMMA,,brreg,https://data.brreg.no/enhetsregisteret/oppslag/enheter/913361148,bygdelag,2026-04-28
FLEMMA BYGDALAG,984035187,GJEMNES,Møre og Romsdal,Solbakken 12,6637,FLEMMA,,brreg,https://data.brreg.no/enhetsregisteret/oppslag/enheter/984035187,bygdelag,2026-04-28
OSMARKA BYGDALAG,993974358,GJEMNES,Møre og Romsdal,"c/o Anita Wallør Heggem, Osmarkavegen 1080",6638,OSMARKA,,brreg,https://data.brreg.no/enhetsregisteret/oppslag/enheter/993974358,bygdelag,2026-04-28
ØRE BYGDALAG,975600157,GJEMNES,Møre og Romsdal,Skeisdalen,6631,BATNFJORDSØRA,,brreg,https://data.brreg.no/enhetsregisteret/oppslag/enheter/975600157,bygdelag,2026-04-28
AKTIV BYGD,925877972,HARAM,Møre og Romsdal,"c/o Werner Ellingsæter, Årsundvegen 5",6270,BRATTVÅG,,brreg,https://data.brreg.no/enhetsregisteret/oppslag/enheter/925877972,bygdelag,2026-04-28
HARAM UNGDOMSTEATER,994145118,HARAM,Møre og Romsdal,"v/Tove Kristin Remme Reitan, Krikvegen 17",6280,SØVIK,,brreg,https://data.brreg.no/enhetsregisteret/oppslag/enheter/994145118,ungdomslag,2026-04-28
HELLANDSHAMN BARN OG UNGDOM,931435590,HARAM,Møre og Romsdal,"c/o Julianne H. Silseth, Husfjellvegen 29",6270,BRATTVÅG,,brreg,https://data.brreg.no/enhetsregisteret/oppslag/enheter/931435590,"ungdomslag,bygdelag",2026-04-28
TENNFJORD BYGDELAG,922995974,HARAM,Møre og Romsdal,"c/o Greta K Tenfjord, Tunteigen 43",6264,TENNFJORD,,brreg,https://data.brreg.no/enhetsregisteret/oppslag/enheter/922995974,bygdelag,2026-04-28
UL UREDD,913260929,HARAM,Møre og Romsdal,Fjellvegen,6290,HARAMSØY,,brreg,https://data.brreg.no/enhetsregisteret/oppslag/enheter/913260929,ungdomslag,2026-04-28
ULLA VEL - VELFOREINING FOR ULLA OG ULLA SKULEHUS,894407352,HARAM,Møre og Romsdal,Ullavegen 739,6290,HARAMSØY,,brreg,https://data.brreg.no/enhetsregisteret/oppslag/enheter/894407352,ungdomslag,2026-04-28
UNGDOMSLAGET FRAM,988963291,HARAM,Møre og Romsdal,Oskevegen 64,6293,LONGVA,https://www.facebook.com/UL-Fram-673184256160058/,brreg,https://data.brreg.no/enhetsregisteret/oppslag/enheter/988963291,ungdomslag,2026-04-28
UNGDOMSLAGET SAMHALD LEPSØY,913118901,HARAM,Møre og Romsdal,"c/o Håkon Farstad Brekke, Lepsøyvegen 180",6292,KJERSTAD,,brreg,https://data.brreg.no/enhetsregisteret/oppslag/enheter/913118901,ungdomslag,2026-04-28
UNGDOMSLAGET SOLGLYTT,913913450,HARAM,Møre og Romsdal,"c/o Robert Sævrøy, Hildrestrandvegen 490",6272,HILDRE,,brreg,https://data.brreg.no/enhetsregisteret/oppslag/enheter/913913450,ungdomslag,2026-04-28
VATNE FRILYNDE UNGDOMSLAG,975567532,HARAM,Møre og Romsdal,"c/o Susann Beate Farstad, Trolldalssletta 129",6264,TENNFJORD,,brreg,https://data.brreg.no/enhetsregisteret/oppslag/enheter/975567532,ungdomslag,2026-04-28
VESTREFJORD BYGDEFORENING,811845132,HARAM,Møre og Romsdal,Vestrefjordvegen 611,6265,VATNE,,brreg,https://data.brreg.no/enhetsregisteret/oppslag/enheter/811845132,bygdelag,2026-04-28
BRANDAL GRENDEHUS,912365514,HAREID,Møre og Romsdal,Almestadbakken 13,6062,BRANDAL,https://www.skorgenes.net/~sigurd/grendehus/index.html,brreg,https://data.brreg.no/enhetsregisteret/oppslag/enheter/912365514,grendelag,2026-04-28
ELEVRÅDET YTRE HERØY UNGDOMSSKULE,933678962,HERØY,Møre og Romsdal,Lisjebøvegen 14,6091,FOSNAVÅG,,brreg,https://data.brreg.no/enhetsregisteret/oppslag/enheter/933678962,ungdomslag,2026-04-28
MYRVÅG BARNE- OG UNGDOMSFORENING,916008457,HERØY,Møre og Romsdal,,6080,GURSKØY,https://www.facebook.com/nmsu.kjeldsund,brreg,https://data.brreg.no/enhetsregisteret/oppslag/enheter/916008457,ungdomslag,2026-04-28
BOLLI BYGDALAG,985231397,HUSTADVIKA,Møre og Romsdal,"Bollitun, Nedre Bolli",6493,LYNGSTAD,,brreg,https://data.brreg.no/enhetsregisteret/oppslag/enheter/985231397,bygdelag,2026-04-28
EIDE UNGDOMSKLUBB,993730548,HUSTADVIKA,Møre og Romsdal,Eide Bedehus,6490,EIDE,,brreg,https://data.brreg.no/enhetsregisteret/oppslag/enheter/993730548,ungdomslag,2026-04-28
EIDE VELFORENING OG UNGDOMSHUS,885323332,HUSTADVIKA,Møre og Romsdal,Sentrum,6490,EIDE,,brreg,https://data.brreg.no/enhetsregisteret/oppslag/enheter/885323332,ungdomslag,2026-04-28
FARSTAD FRILYNTE UNGDOMSLAG,984084366,HUSTADVIKA,Møre og Romsdal,"Stemshallen, Stemmavegen 44",6444,FARSTAD,,brreg,https://data.brreg.no/enhetsregisteret/oppslag/enheter/984084366,ungdomslag,2026-04-28
FRÆNA BYGDEMUSEUM,929628578,HUSTADVIKA,Møre og Romsdal,Malmevegen 49,6445,MALMEFJORDEN,,brreg,https://data.brreg.no/enhetsregisteret/oppslag/enheter/929628578,bygdelag,2026-04-28
HUSTAD BYGDEKVINNELAG,986211659,HUSTADVIKA,Møre og Romsdal,,6433,HUSTAD,,brreg,https://data.brreg.no/enhetsregisteret/oppslag/enheter/986211659,bygdelag,2026-04-28
LYNGSTAD UNGDOMSLAG,875494562,HUSTADVIKA,Møre og Romsdal,,6493,LYNGSTAD,,brreg,https://data.brreg.no/enhetsregisteret/oppslag/enheter/875494562,ungdomslag,2026-04-28
SAGATUN BYGDELAG,923301321,HUSTADVIKA,Møre og Romsdal,"c/o Tone Male Vestad, Løsetvegen 26",6440,ELNESVÅGEN,,brreg,https://data.brreg.no/enhetsregisteret/oppslag/enheter/923301321,bygdelag,2026-04-28
SANDSBUKTA BYGDALAG,911879050,HUSTADVIKA,Møre og Romsdal,Sørsidevegen 409,6445,MALMEFJORDEN,,brreg,https://data.brreg.no/enhetsregisteret/oppslag/enheter/911879050,bygdelag,2026-04-28
SYLTE OG MALME UNGDOMSLAG,985187916,HUSTADVIKA,Møre og Romsdal,Malmefjordvegen 238,6445,MALMEFJORDEN,https://www.bygdahusetvonheim.no,brreg,https://data.brreg.no/enhetsregisteret/oppslag/enheter/985187916,ungdomslag,2026-04-28
U.L. HAVBRYN,975611752,HUSTADVIKA,Møre og Romsdal,"c/o Sissel Elisabet Nerland, Skolevegen 48",6494,VEVANG,,brreg,https://data.brreg.no/enhetsregisteret/oppslag/enheter/975611752,ungdomslag,2026-04-28
UL VIDAR,993757136,HUSTADVIKA,Møre og Romsdal,"c/o Even Rødseth, Kirkevegen 4",6430,BUD,,brreg,https://data.brreg.no/enhetsregisteret/oppslag/enheter/993757136,ungdomslag,2026-04-28
VASSENDEN BYGDEKVINNELAG,987066148,HUSTADVIKA,Møre og Romsdal,"c/o Kari Anne Rødal, Hostadvatnvegen 51",6444,FARSTAD,,brreg,https://data.brreg.no/enhetsregisteret/oppslag/enheter/987066148,bygdelag,2026-04-28
VISNESGRENDA BYGDELAG,985180490,HUSTADVIKA,Møre og Romsdal,,6493,LYNGSTAD,,brreg,https://data.brreg.no/enhetsregisteret/oppslag/enheter/985180490,bygdelag,2026-04-28
BAKGÅRDEN UNGDOMSHUS KRISTIANSUND,929662652,KRISTIANSUND,Møre og Romsdal,"c/o Mattis Himo, Kulturenheten Kristiansund kommune, Konsul Knudtzons gate 4C",6509,KRISTIANSUND N,,brreg,https://data.brreg.no/enhetsregisteret/oppslag/enheter/929662652,ungdomslag,2026-04-28
GRØNN UNGDOM MØRE OG ROMSDAL,915727689,KRISTIANSUND,Møre og Romsdal,"c/o Karoline Weum Wessel, Tollinspektør Thues gate 4",6510,KRISTIANSUND N,https://www.gronnungdom.no/,brreg,https://data.brreg.no/enhetsregisteret/oppslag/enheter/915727689,"ungdomslag,bygdelag",2026-04-28
L. C. KRISTIANSUND KRINGSJÅ (DISTRIKT 104 C),987527412,KRISTIANSUND,Møre og Romsdal,"c/o Turid Schjoll Hertzberg, Juulenga 4B",6516,KRISTIANSUND N,,brreg,https://data.brreg.no/enhetsregisteret/oppslag/enheter/987527412,ungdomslag,2026-04-28
MØST UNGDOMSLAG SAMHOLD,995374412,KRISTIANSUND,Møre og Romsdal,"c/o Henning Ove Lyngvik, Møstveien 191",6523,FREI,,brreg,https://data.brreg.no/enhetsregisteret/oppslag/enheter/995374412,ungdomslag,2026-04-28
NORDMØRE OG ROMSDAL UNGDOMSLAG,990494592,KRISTIANSUND,Møre og Romsdal,"c/o Reidun Flatøy, Våttåveien 6",6523,FREI,,brreg,https://data.brreg.no/enhetsregisteret/oppslag/enheter/990494592,ungdomslag,2026-04-28
NORDMØRE UNGDOMSKOR,931705784,KRISTIANSUND,Møre og Romsdal,"c/o Rune Tylden, Stangdraget 2A",6518,KRISTIANSUND N,,brreg,https://data.brreg.no/enhetsregisteret/oppslag/enheter/931705784,ungdomslag,2026-04-28
BOLSØYA BYGDEKVINNELAG,931472631,MOLDE,Møre og Romsdal,"c/o Åshild Nerland Ekmann, Dragetvegen 48",6457,BOLSØYA,,brreg,https://data.brreg.no/enhetsregisteret/oppslag/enheter/931472631,bygdelag,2026-04-28
BONDEUNGDOMSLAGET I MOLDE,993469467,MOLDE,Møre og Romsdal,"Reknes Ungdomshus, Sandvegen 1",6412,MOLDE,,brreg,https://data.brreg.no/enhetsregisteret/oppslag/enheter/993469467,ungdomslag,2026-04-28
BRUNSTAD UNGDOMSKLUBB MOLDE,815369742,MOLDE,Møre og Romsdal,Julsundvegen 905,6411,MOLDE,,brreg,https://data.brreg.no/enhetsregisteret/oppslag/enheter/815369742,ungdomslag,2026-04-28
BUGGE BYGDALAG,998895073,MOLDE,Møre og Romsdal,Boggestranda,6460,EIDSVÅG I ROMSDAL,,brreg,https://data.brreg.no/enhetsregisteret/oppslag/enheter/998895073,bygdelag,2026-04-28
EIDSVÅG UNGDOMSLAG,988461075,MOLDE,Møre og Romsdal,c/o Arild Høsteng,6460,EIDSVÅG I ROMSDAL,https://www.eidsvaag-ungdomslag.no,brreg,https://data.brreg.no/enhetsregisteret/oppslag/enheter/988461075,ungdomslag,2026-04-28
EIDSØRA UNGDOMSLAG,999522440,MOLDE,Møre og Romsdal,Eidsøra,6460,EIDSVÅG I ROMSDAL,,brreg,https://data.brreg.no/enhetsregisteret/oppslag/enheter/999522440,ungdomslag,2026-04-28
EIKESDAL BYGDALAG,993902594,MOLDE,Møre og Romsdal,"c/o Siw Maridal Bugge, Eikesdalsvegen 2120",6472,EIKESDAL,https://eikesdal.no,brreg,https://data.brreg.no/enhetsregisteret/oppslag/enheter/993902594,bygdelag,2026-04-28
EIRA UNGDOMSLAG,996185583,MOLDE,Møre og Romsdal,"c/o Bjørn Magne Øverås, Neråsvegen 60",6470,ERESFJORD,https://www.eresfjord.no,brreg,https://data.brreg.no/enhetsregisteret/oppslag/enheter/996185583,ungdomslag,2026-04-28
GUSSIÅS BYGDALAG,996414728,MOLDE,Møre og Romsdal,Gussiås,6453,KLEIVE,https://www.osvatnet.no,brreg,https://data.brreg.no/enhetsregisteret/oppslag/enheter/996414728,bygdelag,2026-04-28
MEKKEGJENGEN UNGDOMSKLUBB MOLDE,930935271,MOLDE,Møre og Romsdal,"c/o Paul Johan Undheim, Vestre Mellomveg 5",6416,MOLDE,,brreg,https://data.brreg.no/enhetsregisteret/oppslag/enheter/930935271,ungdomslag,2026-04-28
MOLDE SJAKKLUBB UNGDOM,917938997,MOLDE,Møre og Romsdal,"c/o Tor Wetle Wetlesen Hoem, Arnes veg 51D",6429,MOLDE,https://www.facebook.com/MoldeSjakklubb,brreg,https://data.brreg.no/enhetsregisteret/oppslag/enheter/917938997,"ungdomslag,bygdelag",2026-04-28
MØRE OG ROMSDAL BYGDEKVINNELAG,978632920,MOLDE,Møre og Romsdal,Fannestrandvegen 63,6415,MOLDE,,brreg,https://data.brreg.no/enhetsregisteret/oppslag/enheter/978632920,bygdelag,2026-04-28
NESJESTRANDA UNGDOMSLAG,880862502,MOLDE,Møre og Romsdal,Hamnavikvegen 11,6456,SKÅLA,,brreg,https://data.brreg.no/enhetsregisteret/oppslag/enheter/880862502,ungdomslag,2026-04-28
NESSET BYGDEKVINNELAG,919675578,MOLDE,Møre og Romsdal,"c/o Bente Svensli, Tiltereidet 38",6460,EIDSVÅG I ROMSDAL,,brreg,https://data.brreg.no/enhetsregisteret/oppslag/enheter/919675578,bygdelag,2026-04-28
RANVIK BYGDALAG,915130313,MOLDE,Møre og Romsdal,Ranvik,6460,EIDSVÅG I ROMSDAL,,brreg,https://data.brreg.no/enhetsregisteret/oppslag/enheter/915130313,bygdelag,2026-04-28
SEKKEN UNGDOMSLAG,993366986,MOLDE,Møre og Romsdal,Sekken,6418,SEKKEN,,brreg,https://data.brreg.no/enhetsregisteret/oppslag/enheter/993366986,ungdomslag,2026-04-28
SKÅLHEIM GRENDAHUS OG BYGDALAG,913398548,MOLDE,Møre og Romsdal,Nakkvegen 15,6455,KORTGARDEN,,brreg,https://data.brreg.no/enhetsregisteret/oppslag/enheter/913398548,bygdelag,2026-04-28
VISTDAL BYGDEKVINNELAG,920136893,MOLDE,Møre og Romsdal,"c/o Linda Larssen, Vistdalsvegen 1594",6364,VISTDAL,,brreg,https://data.brreg.no/enhetsregisteret/oppslag/enheter/920136893,bygdelag,2026-04-28
VÅGANE UNGDOMSLAG,980595226,MOLDE,Møre og Romsdal,Skålavegen 942,6456,SKÅLA,https://vaagane.com,brreg,https://data.brreg.no/enhetsregisteret/oppslag/enheter/980595226,ungdomslag,2026-04-28
EIDSBYGDA BYGDEKVINNELAG,813817462,RAUMA,Møre og Romsdal,"c/o Monika Frisvold Vågan, Kalveneset 40",6350,EIDSBYGDA,,brreg,https://data.brreg.no/enhetsregisteret/oppslag/enheter/813817462,bygdelag,2026-04-28
EIDSBYGDA BYGDELAG,884968992,RAUMA,Møre og Romsdal,Norvikvegen 277,6350,EIDSBYGDA,,brreg,https://data.brreg.no/enhetsregisteret/oppslag/enheter/884968992,bygdelag,2026-04-28
GRYTTEN BYGDEKVINNELAG,912425622,RAUMA,Møre og Romsdal,Skolegata 11,6300,ÅNDALSNES,,brreg,https://data.brreg.no/enhetsregisteret/oppslag/enheter/912425622,bygdelag,2026-04-28
HOLMEMSTRANDA UNGDOMSLAG,986159541,RAUMA,Møre og Romsdal,Nordsidevegen 2908,6360,ÅFARNES,,brreg,https://data.brreg.no/enhetsregisteret/oppslag/enheter/986159541,ungdomslag,2026-04-28
ISFJORDEN FRILYNTE UNGDOMSLAG,992522828,RAUMA,Møre og Romsdal,Postboks 178,6339,ISFJORDEN,https://www.oddis.net/ifu,brreg,https://data.brreg.no/enhetsregisteret/oppslag/enheter/992522828,ungdomslag,2026-04-28
KORSBAKKEN BYGDELAG,880695622,RAUMA,Møre og Romsdal,Torvik,6320,ISFJORDEN,,brreg,https://data.brreg.no/enhetsregisteret/oppslag/enheter/880695622,bygdelag,2026-04-28
MEDALEN UNGDOMSLAG,911824817,RAUMA,Møre og Romsdal,Marstein,6300,ÅNDALSNES,,brreg,https://data.brreg.no/enhetsregisteret/oppslag/enheter/911824817,ungdomslag,2026-04-28
MÅNDALEN UNGDOMSLAG,993765708,RAUMA,Møre og Romsdal,Skarvegen 164,6386,MÅNDALEN,,brreg,https://data.brreg.no/enhetsregisteret/oppslag/enheter/993765708,ungdomslag,2026-04-28
RØDVEN UNGDOMSLAG,984953380,RAUMA,Møre og Romsdal,"c/o Lars Magne Dønheim, Bakken 56",6350,EIDSBYGDA,,brreg,https://data.brreg.no/enhetsregisteret/oppslag/enheter/984953380,ungdomslag,2026-04-28
UNGDOMSLAGET ROMSDALSHORN,984370539,RAUMA,Møre og Romsdal,Framhald,6300,ÅNDALSNES,,brreg,https://data.brreg.no/enhetsregisteret/oppslag/enheter/984370539,ungdomslag,2026-04-28
ØVERDALEN BYGDEKVINNELAG,918280480,RAUMA,Møre og Romsdal,,6330,VERMA,,brreg,https://data.brreg.no/enhetsregisteret/oppslag/enheter/918280480,bygdelag,2026-04-28
BREIVIKNESET GRENDELAG,921397135,SANDE,Møre og Romsdal,"c/o Mathias Bernhard Gjerde, Larsnesvegen 231",6084,LARSNES,,brreg,https://data.brreg.no/enhetsregisteret/oppslag/enheter/921397135,grendelag,2026-04-28
GAMLEBANKEN UNGDOMSKLUBB,821955882,SANDE,Møre og Romsdal,"c/o Ludvik Brune Leikanger, Legevegen 5",6084,LARSNES,,brreg,https://data.brreg.no/enhetsregisteret/oppslag/enheter/821955882,ungdomslag,2026-04-28
KVAMSØY BYGDE- OG NÆRINGSLAG,994524852,SANDE,Møre og Romsdal,"c/o Tove Cathrine Kvamme, Kvamsvegen 310",6087,KVAMSØY,,brreg,https://data.brreg.no/enhetsregisteret/oppslag/enheter/994524852,bygdelag,2026-04-28
SANDSØY FRILYNDE UNGDOMSLAG,995783762,SANDE,Møre og Romsdal,"c/o Brit Synnøve Våge, Leina 28",6089,SANDSHAMN,,brreg,https://data.brreg.no/enhetsregisteret/oppslag/enheter/995783762,ungdomslag,2026-04-28
FROSTADHEIA BYGDEKVINNELAG,994830589,SMØLA,Møre og Romsdal,,6570,SMØLA,,brreg,https://data.brreg.no/enhetsregisteret/oppslag/enheter/994830589,bygdelag,2026-04-28
HOPEN BYGDALAG,914078741,SMØLA,Møre og Romsdal,Gammelveien 62,6570,SMØLA,,brreg,https://data.brreg.no/enhetsregisteret/oppslag/enheter/914078741,bygdelag,2026-04-28
HVITE BUSSER SMØLA UNGDOMSSKOLE,932392712,SMØLA,Møre og Romsdal,"c/o Else S Olsen, Jettevilla 9",6570,SMØLA,,brreg,https://data.brreg.no/enhetsregisteret/oppslag/enheter/932392712,ungdomslag,2026-04-28
INNSMØLA UNGDOMSLAG,979462360,SMØLA,Møre og Romsdal,Straumaveien 15,6570,SMØLA,,brreg,https://data.brreg.no/enhetsregisteret/oppslag/enheter/979462360,ungdomslag,2026-04-28
SØRSMØLA BYGDALAG,991425659,SMØLA,Møre og Romsdal,Steinsøynes,6570,SMØLA,,brreg,https://data.brreg.no/enhetsregisteret/oppslag/enheter/991425659,bygdelag,2026-04-28
U.L FRAMTIA,994392719,SMØLA,Møre og Romsdal,Jøstølen,6570,SMØLA,,brreg,https://data.brreg.no/enhetsregisteret/oppslag/enheter/994392719,ungdomslag,2026-04-28
GEIRANGER UNGDOMSLAG,911601257,STRANDA,Møre og Romsdal,Geirangervegen 123,6216,GEIRANGER,,brreg,https://data.brreg.no/enhetsregisteret/oppslag/enheter/911601257,ungdomslag,2026-04-28
HELLESYLT UNGDOMSLAG,992792477,STRANDA,Møre og Romsdal,Peer Gynt gata 10,6218,HELLESYLT,,brreg,https://data.brreg.no/enhetsregisteret/oppslag/enheter/992792477,ungdomslag,2026-04-28
LIABYGDA UNGDOMSLAG,914240808,STRANDA,Møre og Romsdal,Lied 1,6212,LIABYGDA,,brreg,https://data.brreg.no/enhetsregisteret/oppslag/enheter/914240808,ungdomslag,2026-04-28
SUNNYLVEN BYGDEKVINNELAG,977556805,STRANDA,Møre og Romsdal,,6218,HELLESYLT,,brreg,https://data.brreg.no/enhetsregisteret/oppslag/enheter/977556805,bygdelag,2026-04-28
GJØRA BYGDEKVINNELAG,995065630,SUNNDAL,Møre og Romsdal,"c/o Merete Bolme, Musgjerdvegen 140",6613,GJØRA,,brreg,https://data.brreg.no/enhetsregisteret/oppslag/enheter/995065630,bygdelag,2026-04-28
"GRENDELAGET HOELSAND, FURU OG MÆHLE",925945536,SUNNDAL,Møre og Romsdal,"c/o Lisbeth Thorsø, Midtvegen 6",6600,SUNNDALSØRA,,brreg,https://data.brreg.no/enhetsregisteret/oppslag/enheter/925945536,grendelag,2026-04-28
GRØA BYGDELAG,916622902,SUNNDAL,Møre og Romsdal,"c/o Ragnhild Næss, Hoåsvegen 347",6612,GRØA,,brreg,https://data.brreg.no/enhetsregisteret/oppslag/enheter/916622902,bygdelag,2026-04-28
JORDALSGRENDA UNGDOMSLAG,913312902,SUNNDAL,Møre og Romsdal,Jordalsgrenda,6610,ØKSENDAL,,brreg,https://data.brreg.no/enhetsregisteret/oppslag/enheter/913312902,ungdomslag,2026-04-28
SUNNDAL UNGDOMSKORPS,971432896,SUNNDAL,Møre og Romsdal,Hoåsvegen 378,6612,GRØA,,brreg,https://data.brreg.no/enhetsregisteret/oppslag/enheter/971432896,ungdomslag,2026-04-28
UL. FRIHUG ÅLVUNDEID,911952521,SUNNDAL,Møre og Romsdal,"c/o Ole Hunnes, Ålvundeid",6620,ÅLVUNDEID,,brreg,https://data.brreg.no/enhetsregisteret/oppslag/enheter/911952521,ungdomslag,2026-04-28
ÅLVUNDEID BYGDALAG,915475086,SUNNDAL,Møre og Romsdal,"c/o Leif Arne Mo, Movegen 8",6620,ÅLVUNDEID,,brreg,https://data.brreg.no/enhetsregisteret/oppslag/enheter/915475086,bygdelag,2026-04-28
ÅLVUNDEID BYGDEKVINNELAG,997628438,SUNNDAL,Møre og Romsdal,Bergvegen 7,6620,ÅLVUNDEID,,brreg,https://data.brreg.no/enhetsregisteret/oppslag/enheter/997628438,bygdelag,2026-04-28
ÅLVUNDFJORD UNGDOMSLAG,915863981,SUNNDAL,Møre og Romsdal,"c/o Kari Grete Røkkum Vevang, Nordmørsvegen 1973",6622,ÅLVUNDFJORD,,brreg,https://data.brreg.no/enhetsregisteret/oppslag/enheter/915863981,ungdomslag,2026-04-28
ØKSENDAL UNGDOMSLAG,920717446,SUNNDAL,Møre og Romsdal,"c/o Tonje Sjølseth Smisethjell, Erstadgeilin 4",6610,ØKSENDAL,,brreg,https://data.brreg.no/enhetsregisteret/oppslag/enheter/920717446,ungdomslag,2026-04-28
ÅSSKARD BYGDEKVINNELAG,933062805,SURNADAL,Møre og Romsdal,"c/o Gunda Bele, Åsskardvegen 1401",6644,BÆVERFJORD,,brreg,https://data.brreg.no/enhetsregisteret/oppslag/enheter/933062805,bygdelag,2026-04-28
KLOKKERHAUG GRENDELAG,924673451,SYKKYLVEN,Møre og Romsdal,"c/o Randi Merete Holm, Smedplassvegen 10",6230,SYKKYLVEN,,brreg,https://data.brreg.no/enhetsregisteret/oppslag/enheter/924673451,grendelag,2026-04-28
SYKKYLVEN FRILYNDE UNGDOMSLAG,996247260,SYKKYLVEN,Møre og Romsdal,"c/o Odd Velle, Haugsetvegen 127",6230,SYKKYLVEN,,brreg,https://data.brreg.no/enhetsregisteret/oppslag/enheter/996247260,ungdomslag,2026-04-28
SØRSTRANDA UNGDOMSLAG,929749774,SYKKYLVEN,Møre og Romsdal,Jarnesvegen 2,6222,IKORNNES,,brreg,https://data.brreg.no/enhetsregisteret/oppslag/enheter/929749774,ungdomslag,2026-04-28
ULL&OMTANKE SYKKYLVEN,913439775,SYKKYLVEN,Møre og Romsdal,"c/o Cathrine Hole, Symrevegen 4",6230,SYKKYLVEN,,brreg,https://data.brreg.no/enhetsregisteret/oppslag/enheter/913439775,ungdomslag,2026-04-28
UNGDOM HJELPER UNGDOM,921353812,SYKKYLVEN,Møre og Romsdal,Kyrkjevegen 6,6230,SYKKYLVEN,,brreg,https://data.brreg.no/enhetsregisteret/oppslag/enheter/921353812,"ungdomslag,bygdelag",2026-04-28
UNGDOMSLAGET SAMHALD,996193578,SYKKYLVEN,Møre og Romsdal,Straumsheimvegen 4,6220,STRAUMGJERDE,,brreg,https://data.brreg.no/enhetsregisteret/oppslag/enheter/996193578,ungdomslag,2026-04-28
VELLEDALEN OG RINGEN F L,984080611,SYKKYLVEN,Møre og Romsdal,Slettegjerde Stadion,6220,STRAUMGJERDE,,brreg,https://data.brreg.no/enhetsregisteret/oppslag/enheter/984080611,ungdomslag,2026-04-28
VELLEDALEN UNGDOMSLAG,993789747,SYKKYLVEN,Møre og Romsdal,Vallavegen 243,6220,STRAUMGJERDE,,brreg,https://data.brreg.no/enhetsregisteret/oppslag/enheter/993789747,ungdomslag,2026-04-28
MEISINGSET BYGDEKVINNELAG,912080587,TINGVOLL,Møre og Romsdal,Vågbøvegen 1430,6628,MEISINGSET,https://www.bygdekvinnelaget.no/lokallag/meisingset-bygdekvinnelag,brreg,https://data.brreg.no/enhetsregisteret/oppslag/enheter/912080587,bygdelag,2026-04-28
STRAUMSNES BYGDEMUSEUM,996605000,TINGVOLL,Møre og Romsdal,,6670,ØYDEGARD,,brreg,https://data.brreg.no/enhetsregisteret/oppslag/enheter/996605000,bygdelag,2026-04-28
STRAUMSNES UNGDOMSLAG,923614397,TINGVOLL,Møre og Romsdal,"c/o Jens Kristian Eikrem, Eikremsvegen 45",6670,ØYDEGARD,,brreg,https://data.brreg.no/enhetsregisteret/oppslag/enheter/923614397,ungdomslag,2026-04-28
TORJULVÅGEN BYGDALAG,994058924,TINGVOLL,Møre og Romsdal,"c/o Knut Rakstang, Osahaugen 13",6629,TORJULVÅGEN,,brreg,https://data.brreg.no/enhetsregisteret/oppslag/enheter/994058924,bygdelag,2026-04-28
UL ODIN,914570158,TINGVOLL,Møre og Romsdal,,6670,ØYDEGARD,,brreg,https://data.brreg.no/enhetsregisteret/oppslag/enheter/914570158,ungdomslag,2026-04-28
EIKSUND BYGDELAG,996218813,ULSTEIN,Møre og Romsdal,Havågvegen 61,6068,EIKSUND,,brreg,https://data.brreg.no/enhetsregisteret/oppslag/enheter/996218813,bygdelag,2026-04-28
FLØ UNGDOMSHUS VONHEIM,912442047,ULSTEIN,Møre og Romsdal,Fløvegen 761,6065,ULSTEINVIK,,brreg,https://data.brreg.no/enhetsregisteret/oppslag/enheter/912442047,ungdomslag,2026-04-28
HASUND OG DIMNØY UNGDOMSMUSIKKORPS,971370122,ULSTEIN,Møre og Romsdal,,6065,ULSTEINVIK,,brreg,https://data.brreg.no/enhetsregisteret/oppslag/enheter/971370122,ungdomslag,2026-04-28
I L HØDD,974245280,ULSTEIN,Møre og Romsdal,Høddvollvegen 30,6065,ULSTEINVIK,,brreg,https://data.brreg.no/enhetsregisteret/oppslag/enheter/974245280,ungdomslag,2026-04-28
MUSIKKLAGET ULF,986284095,ULSTEIN,Møre og Romsdal,,6065,ULSTEINVIK,,brreg,https://data.brreg.no/enhetsregisteret/oppslag/enheter/986284095,ungdomslag,2026-04-28
VERDAS BESTE UNGDOMSKLUBB,830484272,ULSTEIN,Møre og Romsdal,"c/o Knut Einar Tokheim, Onglasætra 37",6065,ULSTEINVIK,,brreg,https://data.brreg.no/enhetsregisteret/oppslag/enheter/830484272,ungdomslag,2026-04-28
FISKÅ FRILYNDE UNGDOMSLAG,975477207,VANYLVEN,Møre og Romsdal,"c/o Linnea Henriksen, Skansen 15",6143,FISKÅ,,brreg,https://data.brreg.no/enhetsregisteret/oppslag/enheter/975477207,ungdomslag,2026-04-28
NORDSTRANDA BYGDALAG,993726532,VANYLVEN,Møre og Romsdal,Sighaug 20,6143,FISKÅ,,brreg,https://data.brreg.no/enhetsregisteret/oppslag/enheter/993726532,bygdelag,2026-04-28
UL FRAM,994006614,VANYLVEN,Møre og Romsdal,c/o Johan Duestøl,6146,ÅHEIM,,brreg,https://data.brreg.no/enhetsregisteret/oppslag/enheter/994006614,ungdomslag,2026-04-28
DAUGSTAD BYGDELAG,993813044,VESTNES,Møre og Romsdal,Daugstadvegen 373,6392,VIKEBUKT,https://www.daugstad.org,brreg,https://data.brreg.no/enhetsregisteret/oppslag/enheter/993813044,bygdelag,2026-04-28
TRESFJORD BYGDEKVINNELAG,993139548,VESTNES,Møre og Romsdal,"c/o Iren Kristin Kjersem Olsen, Øvstedalsvegen 251",6391,TRESFJORD,https://www.bygdekvinnelaget.no/lokallag/tresfjord-bygdekvinnelag,brreg,https://data.brreg.no/enhetsregisteret/oppslag/enheter/993139548,bygdelag,2026-04-28
TRESFJORD BYGDELAG,993953180,VESTNES,Møre og Romsdal,"c/o Thor-Elvin Jøtulhaug, Tresfjordvegen 388",6391,TRESFJORD,,brreg,https://data.brreg.no/enhetsregisteret/oppslag/enheter/993953180,bygdelag,2026-04-28
TRESFJORD UNGDOMSLAG,975808912,VESTNES,Møre og Romsdal,Øvstedalsvegen 54,6391,TRESFJORD,https://www.tresfjordrevyen.no/,brreg,https://data.brreg.no/enhetsregisteret/oppslag/enheter/975808912,ungdomslag,2026-04-28
UNGDOMSLAGET FRIHUG,985982945,VESTNES,Møre og Romsdal,Øveråsvegen 478,6390,VESTNES,https://www.ulfrihug.no,brreg,https://data.brreg.no/enhetsregisteret/oppslag/enheter/985982945,ungdomslag,2026-04-28
VIKE UNGDOMSLAG,988576883,VESTNES,Møre og Romsdal,Kroksetvegen 11,6392,VIKEBUKT,,brreg,https://data.brreg.no/enhetsregisteret/oppslag/enheter/988576883,ungdomslag,2026-04-28
VÅGSTRANDA UNGDOMSLAG,889162422,VESTNES,Møre og Romsdal,Vågstrandsvegen 363,6387,VÅGSTRANDA,,brreg,https://data.brreg.no/enhetsregisteret/oppslag/enheter/889162422,ungdomslag,2026-04-28
AUSTEFJORD BYGDEKVINNELAG,917188246,VOLDA,Møre og Romsdal,"c/o Solvor Heggli, Månanesvegen 237",6110,AUSTEFJORDEN,,brreg,https://data.brreg.no/enhetsregisteret/oppslag/enheter/917188246,bygdelag,2026-04-28
AUSTEFJORD UNGDOMSLAG,998015979,VOLDA,Møre og Romsdal,Norleif Leite Høydal,6110,AUSTEFJORDEN,,brreg,https://data.brreg.no/enhetsregisteret/oppslag/enheter/998015979,ungdomslag,2026-04-28
BJØRKEDAL FRILYNDE UNGDOMSLAG,924898542,VOLDA,Møre og Romsdal,"c/o Andre Bjørkedal Løset, Nørdalsvegen 29",6120,FOLKESTAD,,brreg,https://data.brreg.no/enhetsregisteret/oppslag/enheter/924898542,ungdomslag,2026-04-28
HORNINDAL BYGDEKVINNELAG,923303820,VOLDA,Møre og Romsdal,"c/o Connie T. Radermacher Haugen, Hornindalsvegen 753",6763,HORNINDAL,,brreg,https://data.brreg.no/enhetsregisteret/oppslag/enheter/923303820,bygdelag,2026-04-28
HORNINDAL GRENDEUTVAL,926394339,VOLDA,Møre og Romsdal,"c/o Kommunehuset Smia, Ytrehornsvegen 8",6763,HORNINDAL,,brreg,https://data.brreg.no/enhetsregisteret/oppslag/enheter/926394339,grendelag,2026-04-28
HORNINDAL UNGDOMSLAG,914381878,VOLDA,Møre og Romsdal,"Hornindal ungdomslag - Dølheim, Lødøen 43",6763,HORNINDAL,,brreg,https://data.brreg.no/enhetsregisteret/oppslag/enheter/914381878,ungdomslag,2026-04-28
INDRE HORNINDAL UNGDOMSLAG,994315757,VOLDA,Møre og Romsdal,Hornindalsvegen 535,6763,HORNINDAL,,brreg,https://data.brreg.no/enhetsregisteret/oppslag/enheter/994315757,ungdomslag,2026-04-28
MORK FRILYNDE UNGDOMSLAG,993753904,VOLDA,Møre og Romsdal,"Mork Ungdomshus, Mork",6105,VOLDA,,brreg,https://data.brreg.no/enhetsregisteret/oppslag/enheter/993753904,ungdomslag,2026-04-28
SKJÅSTADDALEN FRILYNDE UNGDOMSLAG,975577759,VOLDA,Møre og Romsdal,Hjørundfjordvegen 5,6190,BJØRKE,,brreg,https://data.brreg.no/enhetsregisteret/oppslag/enheter/975577759,ungdomslag,2026-04-28
SUNNMØRE UNGDOMSSYMFONIORKESTER,920721397,VOLDA,Møre og Romsdal,Stormyra 2,6100,VOLDA,,brreg,https://data.brreg.no/enhetsregisteret/oppslag/enheter/920721397,ungdomslag,2026-04-28
VERDISKULEN BYGDELAGSFOREINING,933071758,VOLDA,Møre og Romsdal,Nørdalsvegen 28,6120,FOLKESTAD,https://verdiskulen.no,brreg,https://data.brreg.no/enhetsregisteret/oppslag/enheter/933071758,bygdelag,2026-04-28
VIKEBYGDA FRILYNDE UNGDOMSLAG,918101888,VOLDA,Møre og Romsdal,"c/o Rannveig Hoggen, Vikebygdvegen 236",6104,VOLDA,,brreg,https://data.brreg.no/enhetsregisteret/oppslag/enheter/918101888,ungdomslag,2026-04-28
VOLDA FRILYNDE UNGDOMSLAG,997173694,VOLDA,Møre og Romsdal,Storgata 14,6102,VOLDA,,brreg,https://data.brreg.no/enhetsregisteret/oppslag/enheter/997173694,ungdomslag,2026-04-28
VOLDA ØRSTA SJAKKLAGS UNGDOM,918712747,VOLDA,Møre og Romsdal,"c/o Egil Arne Standal, Lønnevegen 16",6102,VOLDA,,brreg,https://data.brreg.no/enhetsregisteret/oppslag/enheter/918712747,"ungdomslag,bygdelag",2026-04-28
AALESUNDS SCHAKLAG UNGDOM,896758632,ÅLESUND,Møre og Romsdal,Steinvågvegen 60,6005,ÅLESUND,https://alesundsjakk.no,brreg,https://data.brreg.no/enhetsregisteret/oppslag/enheter/896758632,"ungdomslag,bygdelag",2026-04-28
AALESUNDS UNGDOMSMUSIKKORPS,983415334,ÅLESUND,Møre og Romsdal,Borgundvegen 124,6007,ÅLESUND,https://www.aaum.no,brreg,https://data.brreg.no/enhetsregisteret/oppslag/enheter/983415334,ungdomslag,2026-04-28
ABELSETH OG TØSSE GRENDEHUS,916813449,ÅLESUND,Møre og Romsdal,Ellinggjerdet 19,6240,ØRSKOG,,brreg,https://data.brreg.no/enhetsregisteret/oppslag/enheter/916813449,grendelag,2026-04-28
BRIDGEKLUBBEN GRAND,894883332,ÅLESUND,Møre og Romsdal,Holsmyrvegen 60,6011,ÅLESUND,https://www.bkgrand.com,brreg,https://data.brreg.no/enhetsregisteret/oppslag/enheter/894883332,grendelag,2026-04-28
ENGESETDAL BYGDELAG,996673219,ÅLESUND,Møre og Romsdal,Engsetdalsvegen 663,6260,SKODJE,,brreg,https://data.brreg.no/enhetsregisteret/oppslag/enheter/996673219,bygdelag,2026-04-28
"FAMILIEKRIK ÅLESUND, INDRE BYDEL",920817165,ÅLESUND,Møre og Romsdal,"c/o Elisabeth Hunnes, Ludvikdalen 10",6013,ÅLESUND,,brreg,https://data.brreg.no/enhetsregisteret/oppslag/enheter/920817165,bygdelag,2026-04-28
FAU ELLINGSØY UNGDOMSSKOLE,915434061,ÅLESUND,Møre og Romsdal,"c/o Ålesund kommune, Grønebelgvegen 4",6057,ELLINGSØY,,brreg,https://data.brreg.no/enhetsregisteret/oppslag/enheter/915434061,ungdomslag,2026-04-28
FINNØY UNGDOMSLAG,997297946,ÅLESUND,Møre og Romsdal,Finnøyvegen 126,6296,HARØY,,brreg,https://data.brreg.no/enhetsregisteret/oppslag/enheter/997297946,ungdomslag,2026-04-28
KRIK INDRE BYDEL,920663087,ÅLESUND,Møre og Romsdal,"c/o Solveig Hamnøy, Skaremarka 31",6013,ÅLESUND,,brreg,https://data.brreg.no/enhetsregisteret/oppslag/enheter/920663087,bygdelag,2026-04-28
MENTAL HELSE UNGDOM SUNNMØRE,927556510,ÅLESUND,Møre og Romsdal,"c/o Lasse Alexander Honningsvåg, Fjelltun 23B",6007,ÅLESUND,,brreg,https://data.brreg.no/enhetsregisteret/oppslag/enheter/927556510,"ungdomslag,bygdelag",2026-04-28
NØRVØY UNGDOMSKORPS,975709922,ÅLESUND,Møre og Romsdal,"6. etg, Parkgata 3A",6003,ÅLESUND,https://www.facebook.com/profile.php?id=100063577569133,brreg,https://data.brreg.no/enhetsregisteret/oppslag/enheter/975709922,ungdomslag,2026-04-28
RØSOK BYGDELAG,812087622,ÅLESUND,Møre og Romsdal,Industrivegen 19,6296,HARØY,,brreg,https://data.brreg.no/enhetsregisteret/oppslag/enheter/812087622,bygdelag,2026-04-28
SKODJE FRILYNDE UNGDOMSLAG,990011184,ÅLESUND,Møre og Romsdal,"c/o Kari Grindvik, Myrane 7",6260,SKODJE,,brreg,https://data.brreg.no/enhetsregisteret/oppslag/enheter/990011184,ungdomslag,2026-04-28
SKODJE UNGDOMSKORPS,975595641,ÅLESUND,Møre og Romsdal,Myrane 7,6260,SKODJE,,brreg,https://data.brreg.no/enhetsregisteret/oppslag/enheter/975595641,ungdomslag,2026-04-28
SUNNMØRE FRILYNDE UNGDOMSSAMLAG,975714713,ÅLESUND,Møre og Romsdal,Storevågen 73,6020,ÅLESUND,https://www.sful.no,brreg,https://data.brreg.no/enhetsregisteret/oppslag/enheter/975714713,ungdomslag,2026-04-28
SUNNMØRE UNGDOMS BIG BAND,991063218,ÅLESUND,Møre og Romsdal,"c/o Tom-Harald Meek, Lånavegen 4",6240,ØRSKOG,,brreg,https://data.brreg.no/enhetsregisteret/oppslag/enheter/991063218,"ungdomslag,bygdelag",2026-04-28
UNGDOMSKORET RESPONS,993849081,ÅLESUND,Møre og Romsdal,"c/o Arild Berstad, Hjellhaugvegen 102A",6013,ÅLESUND,https://www.ungdomskoret.com,brreg,https://data.brreg.no/enhetsregisteret/oppslag/enheter/993849081,ungdomslag,2026-04-28
UNGDOMSLAGET IVAR AASEN,979256698,ÅLESUND,Møre og Romsdal,Sorenskriver Bulls gate 4,6002,ÅLESUND,https://www.ulivaraasen.no,brreg,https://data.brreg.no/enhetsregisteret/oppslag/enheter/979256698,ungdomslag,2026-04-28
ØRSKOG BYGDEKVINNELAG,914156912,ÅLESUND,Møre og Romsdal,"c/o Marit Leganger Braute, Haukåsbakken 22",6240,ØRSKOG,,brreg,https://data.brreg.no/enhetsregisteret/oppslag/enheter/914156912,bygdelag,2026-04-28
BONDALEN FRILYNDE UNGDOMSLAG,997508386,ØRSTA,Møre og Romsdal,Grendahuset,6165,SÆBØ,,brreg,https://data.brreg.no/enhetsregisteret/oppslag/enheter/997508386,ungdomslag,2026-04-28
FOLLESTADDALEN UNGDOMSLAG,913567773,ØRSTA,Møre og Romsdal,Follestaddal,6156,ØRSTA,,brreg,https://data.brreg.no/enhetsregisteret/oppslag/enheter/913567773,ungdomslag,2026-04-28
HOVDEBYGDA UNGDOMSLAG,918030670,ØRSTA,Møre og Romsdal,Ytrehovdevegen 39,6160,HOVDEBYGDA,,brreg,https://data.brreg.no/enhetsregisteret/oppslag/enheter/918030670,ungdomslag,2026-04-28
SØRHEIM OG STEINNES GRENDELAG,993818542,ØRSTA,Møre og Romsdal,Sørestranda,6150,ØRSTA,,brreg,https://data.brreg.no/enhetsregisteret/oppslag/enheter/993818542,grendelag,2026-04-28
U.L SLOGEN/UNGDOMSLAGET SLOGEN,999601065,ØRSTA,Møre og Romsdal,Norangdal,6196,NORANGSFJORDEN,,brreg,https://data.brreg.no/enhetsregisteret/oppslag/enheter/999601065,ungdomslag,2026-04-28
ÅMDAL UNGDOMSLAG,975577635,ØRSTA,Møre og Romsdal,Åmdal,6156,ØRSTA,,brreg,https://data.brreg.no/enhetsregisteret/oppslag/enheter/975577635,ungdomslag,2026-04-28
ØRSTA UNGDOMSLAG,982506727,ØRSTA,Møre og Romsdal,"c/o Jeanette Viken, Osgeila 1",6155,ØRSTA,,brreg,https://data.brreg.no/enhetsregisteret/oppslag/enheter/982506727,ungdomslag,2026-04-28
BROBYGGER UNGDOM,928788970,ALSTAHAUG,Nordland - Nordlánnda,Havnegata 3,8800,SANDNESSJØEN,,brreg,https://data.brreg.no/enhetsregisteret/oppslag/enheter/928788970,"ungdomslag,bygdelag",2026-04-28
HESTØY GRENDELAG,977526523,ALSTAHAUG,Nordland - Nordlánnda,Hestøysund,8854,AUSTBØ,,brreg,https://data.brreg.no/enhetsregisteret/oppslag/enheter/977526523,grendelag,2026-04-28
LAUVØYLANDET BYGDELAG,989501151,ALSTAHAUG,Nordland - Nordlánnda,Remmanveien 5,8865,TRO,,brreg,https://data.brreg.no/enhetsregisteret/oppslag/enheter/989501151,bygdelag,2026-04-28
MINDLAND GRENDELAG,912014223,ALSTAHAUG,Nordland - Nordlánnda,"c/o Viktor Gjersvold, Mindtangveien 85",8866,MINDLANDET,,brreg,https://data.brreg.no/enhetsregisteret/oppslag/enheter/912014223,grendelag,2026-04-28
OFFERSØY UNGDOMSLAG,995375826,ALSTAHAUG,Nordland - Nordlánnda,Offersøy,8800,SANDNESSJØEN,,brreg,https://data.brreg.no/enhetsregisteret/oppslag/enheter/995375826,ungdomslag,2026-04-28
SKOGSHOLMEN GRENDELAG,996617793,ALSTAHAUG,Nordland - Nordlánnda,"c/o Beate Kristin Skogsholm, Ibsens gate 24B",8800,SANDNESSJØEN,,brreg,https://data.brreg.no/enhetsregisteret/oppslag/enheter/996617793,grendelag,2026-04-28
UL FRAMSTEG,983977154,ALSTAHAUG,Nordland - Nordlánnda,Vollanveien 2,8854,AUSTBØ,,brreg,https://data.brreg.no/enhetsregisteret/oppslag/enheter/983977154,ungdomslag,2026-04-28
UNGDOMSLAGET HEIMHUG,983900941,ALSTAHAUG,Nordland - Nordlánnda,Søvikveien 171,8804,SANDNESSJØEN,,brreg,https://data.brreg.no/enhetsregisteret/oppslag/enheter/983900941,ungdomslag,2026-04-28
ANDØY UNGDOMSTEATER,925515507,ANDØY,Nordland - Nordlánnda,Raveien 14,8485,DVERBERG,,brreg,https://data.brreg.no/enhetsregisteret/oppslag/enheter/925515507,ungdomslag,2026-04-28
BJØRNSKINN BYGDELAG,996610586,ANDØY,Nordland - Nordlánnda,"c/o Margrethe Dahl, Bjørnskinn",8484,RISØYHAMN,,brreg,https://data.brreg.no/enhetsregisteret/oppslag/enheter/996610586,bygdelag,2026-04-28
BYGDELAGET BØRRA,914007720,ANDØY,Nordland - Nordlánnda,c/o Kirsten Johansen,8488,NØSS,,brreg,https://data.brreg.no/enhetsregisteret/oppslag/enheter/914007720,bygdelag,2026-04-28
"BYGDELAGET FOR FORFJORD, FORNES OG MEDBY",995767449,ANDØY,Nordland - Nordlánnda,"c/o Knut Paulsen, Bureisingsveien 53",8484,RISØYHAMN,,brreg,https://data.brreg.no/enhetsregisteret/oppslag/enheter/995767449,bygdelag,2026-04-28
BYGDELAGET HAVGOLLA,920225896,ANDØY,Nordland - Nordlánnda,"c/o Liv Heidi Paulsen, Bøveien 230",8484,RISØYHAMN,,brreg,https://data.brreg.no/enhetsregisteret/oppslag/enheter/920225896,bygdelag,2026-04-28
GRENDELAGET PRØVEN,999175309,ANDØY,Nordland - Nordlánnda,"C/o Glenn Toft Nilsen, Åknesveien 490",8484,RISØYHAMN,,brreg,https://data.brreg.no/enhetsregisteret/oppslag/enheter/999175309,grendelag,2026-04-28
SKARSTEIN UNGDOMSLAG VÅRBUD,985954682,ANDØY,Nordland - Nordlánnda,"c/o Kurt Inge Nystad, Skarstein",8480,ANDENES,,brreg,https://data.brreg.no/enhetsregisteret/oppslag/enheter/985954682,ungdomslag,2026-04-28
STRANDLAND GRENDEHUS & VEL,993854948,ANDØY,Nordland - Nordlánnda,Øygården 111,8484,RISØYHAMN,,brreg,https://data.brreg.no/enhetsregisteret/oppslag/enheter/993854948,grendelag,2026-04-28
STØTTEFORENINGEN FOR UNGDOM MED UTFORDRINGER I ANDØY,922786437,ANDØY,Nordland - Nordlánnda,"c/o Halvar Rønneberg, Tyttebærveien 2",8480,ANDENES,,brreg,https://data.brreg.no/enhetsregisteret/oppslag/enheter/922786437,"ungdomslag,bygdelag",2026-04-28
UL. SOLGLIMT,923888853,ANDØY,Nordland - Nordlánnda,"c/o Glenn Hansen, Breivik",8480,ANDENES,,brreg,https://data.brreg.no/enhetsregisteret/oppslag/enheter/923888853,ungdomslag,2026-04-28
UNGDOMSLAGET SAMHOLD,929249879,ANDØY,Nordland - Nordlánnda,"c/o Gudrunn Irene Berg, Skjoldehamnveien 1372",8484,RISØYHAMN,,brreg,https://data.brreg.no/enhetsregisteret/oppslag/enheter/929249879,ungdomslag,2026-04-28
ÅNES GRENDEHUS,992528893,ANDØY,Nordland - Nordlánnda,Ånes,8485,DVERBERG,,brreg,https://data.brreg.no/enhetsregisteret/oppslag/enheter/992528893,grendelag,2026-04-28
BEIARN BYGDEKVINNELAG,995070936,BEIARN,Nordland - Nordlánnda,"c/o Bjørg Carlsen, Østre Beiarveien 470",8110,MOLDJORD,,brreg,https://data.brreg.no/enhetsregisteret/oppslag/enheter/995070936,bygdelag,2026-04-28
BEIARN BYGDELISTE,918780408,BEIARN,Nordland - Nordlánnda,"c/o Gudbjørg H. Navjord, Nedre Beiarveien 475",8110,MOLDJORD,,brreg,https://data.brreg.no/enhetsregisteret/oppslag/enheter/918780408,bygdelag,2026-04-28
U.L. ENIGHET,992738286,BEIARN,Nordland - Nordlánnda,"v/Linn Marita Ingvaldsen, Nedre Beiarveien 883",8110,MOLDJORD,,brreg,https://data.brreg.no/enhetsregisteret/oppslag/enheter/992738286,ungdomslag,2026-04-28
UL VÅRLIV,875748602,BEIARN,Nordland - Nordlánnda,Vestre Beiarveien 1015,8114,TOLLÅ,,brreg,https://data.brreg.no/enhetsregisteret/oppslag/enheter/875748602,ungdomslag,2026-04-28
BINDALSEIDET UNGDOMSKLUBB,993314005,BINDAL,Nordland - Nordlánnda,"c/o Robin Hamnes, Inngårdsveien 29",7982,BINDALSEIDET,,brreg,https://data.brreg.no/enhetsregisteret/oppslag/enheter/993314005,ungdomslag,2026-04-28
FØNIX SKOLE OG UNGDOMSKORPS,988139955,BINDAL,Nordland - Nordlánnda,Horsfjord,7982,BINDALSEIDET,,brreg,https://data.brreg.no/enhetsregisteret/oppslag/enheter/988139955,ungdomslag,2026-04-28
HARANGSFJORD GRENDELAG,996082113,BINDAL,Nordland - Nordlánnda,,7981,HARANGSFJORD,,brreg,https://data.brreg.no/enhetsregisteret/oppslag/enheter/996082113,grendelag,2026-04-28
U.L. FRAM,988680222,BINDAL,Nordland - Nordlánnda,"c/o Erling Martinus Helstad, Bangstadveien 113",7980,TERRÅK,,brreg,https://data.brreg.no/enhetsregisteret/oppslag/enheter/988680222,ungdomslag,2026-04-28
UL FREMSKRIDT,920283624,BINDAL,Nordland - Nordlánnda,Skjelsviksjøen,7982,BINDALSEIDET,,brreg,https://data.brreg.no/enhetsregisteret/oppslag/enheter/920283624,ungdomslag,2026-04-28
UNGDOMSLAGET FRAMSTEG,993949426,BINDAL,Nordland - Nordlánnda,Årsandøy 1,7980,TERRÅK,,brreg,https://data.brreg.no/enhetsregisteret/oppslag/enheter/993949426,ungdomslag,2026-04-28
UNGDOMSLAGET FØNIX,988144061,BINDAL,Nordland - Nordlánnda,Gutvikveien 42,7982,BINDALSEIDET,,brreg,https://data.brreg.no/enhetsregisteret/oppslag/enheter/988144061,ungdomslag,2026-04-28
ÅBYGDA UNGDOMSLAG,988073229,BINDAL,Nordland - Nordlánnda,"c/o Torny Myrvang, Åbygdveien 710",7980,TERRÅK,,brreg,https://data.brreg.no/enhetsregisteret/oppslag/enheter/988073229,ungdomslag,2026-04-28
(U)SERIØST,926033549,BODØ,Nordland - Nordlánnda,Universitetsalléen 11,8026,BODØ,,brreg,https://data.brreg.no/enhetsregisteret/oppslag/enheter/926033549,ungdomslag,2026-04-28
BODØ DOMKIRKES UNGDOMSKOR,896824872,BODØ,Nordland - Nordlánnda,Dronningens gate 18,8006,BODØ,https://www.ungdomskoret.no,brreg,https://data.brreg.no/enhetsregisteret/oppslag/enheter/896824872,ungdomslag,2026-04-28
BODØ OG OMEGN FREMSKRITTSPARTIETS UNGDOM (FPU),917860246,BODØ,Nordland - Nordlánnda,Storgata 9,8006,BODØ,https://fpu.no,brreg,https://data.brreg.no/enhetsregisteret/oppslag/enheter/917860246,"ungdomslag,bygdelag",2026-04-28
BONDEUNGDOMSLAGET I BODØ,993881422,BODØ,Nordland - Nordlánnda,"c/o Frode Moen, Brækkahaugen 20",8020,BODØ,,brreg,https://data.brreg.no/enhetsregisteret/oppslag/enheter/993881422,ungdomslag,2026-04-28
FINNØY GRENDEHUS,992637099,BODØ,Nordland - Nordlánnda,"c/o Elin Solvang, Bankgata 31",8005,BODØ,,brreg,https://data.brreg.no/enhetsregisteret/oppslag/enheter/992637099,grendelag,2026-04-28
"GRENDELAGET BREITIND, NEVELSFJORD",912117804,BODØ,Nordland - Nordlánnda,"c/o Geir-Ståle Antonsen, Kirkeveien 31",8009,BODØ,,brreg,https://data.brreg.no/enhetsregisteret/oppslag/enheter/912117804,grendelag,2026-04-28
IDRETTSKLUBBEN GRAND BODØ,975743462,BODØ,Nordland - Nordlánnda,"Nordlandshallen, Plassmyra",8008,BODØ,https://www.grandbodo.no,brreg,https://data.brreg.no/enhetsregisteret/oppslag/enheter/975743462,grendelag,2026-04-28
INDSTRANDENS UNGDOMSLAG,931414046,BODØ,Nordland - Nordlánnda,"c/o Jon Martin Strand, Baggliveien 172",8025,BODØ,,brreg,https://data.brreg.no/enhetsregisteret/oppslag/enheter/931414046,ungdomslag,2026-04-28
KVARVEN UNGDOM OG IDRETTSLAG,876011492,BODØ,Nordland - Nordlánnda,Kjerringøyveien 1253,8093,KJERRINGØY,https://idrett.speaker.no/Organisation.asp?id=56424,brreg,https://data.brreg.no/enhetsregisteret/oppslag/enheter/876011492,"ungdomslag,bygdelag",2026-04-28
KVIKSTAD SKOLE GRENDELAG,914863082,BODØ,Nordland - Nordlánnda,"Erik-Arne Jakobsen, Ljønesveien 300",8100,MISVÆR,,brreg,https://data.brreg.no/enhetsregisteret/oppslag/enheter/914863082,grendelag,2026-04-28
LOFOTEN FREMSKRITTSPARTIETS UNGDOM (FPU),932379031,BODØ,Nordland - Nordlánnda,Sandgata 5A,8006,BODØ,https://fpu.no,brreg,https://data.brreg.no/enhetsregisteret/oppslag/enheter/932379031,"ungdomslag,bygdelag",2026-04-28
MENTAL HELSE UNGDOM BODØ,917282293,BODØ,Nordland - Nordlánnda,Torvgata 16,8005,BODØ,,brreg,https://data.brreg.no/enhetsregisteret/oppslag/enheter/917282293,"ungdomslag,bygdelag",2026-04-28
NAURSTAD GRENDELAG,894420502,BODØ,Nordland - Nordlánnda,Naurstad,8050,TVERLANDET,,brreg,https://data.brreg.no/enhetsregisteret/oppslag/enheter/894420502,grendelag,2026-04-28
NORDLAND BYGDEKVINNELAG,997141172,BODØ,Nordland - Nordlánnda,Havnegata 9,8006,BODØ,https://www.bygdekvinnelaget.no/nordland,brreg,https://data.brreg.no/enhetsregisteret/oppslag/enheter/997141172,bygdelag,2026-04-28
NORDLAND UNGDOMSLAG,993899607,BODØ,Nordland - Nordlánnda,"c/o Morten Nilsen, Gildeskålveien 31B",8003,BODØ,https://www.facebook.com/nordland.ungdomslag/,brreg,https://data.brreg.no/enhetsregisteret/oppslag/enheter/993899607,ungdomslag,2026-04-28
NORSIA BYGDELAG,931406493,BODØ,Nordland - Nordlánnda,"c/o Elin Elstad Karlsen, Skiviklia 39",8014,BODØ,,brreg,https://data.brreg.no/enhetsregisteret/oppslag/enheter/931406493,bygdelag,2026-04-28
NORSIA GRENDEHUS FORENING,926973681,BODØ,Nordland - Nordlánnda,Midnattssolveien 1488,8016,BODØ,,brreg,https://data.brreg.no/enhetsregisteret/oppslag/enheter/926973681,grendelag,2026-04-28
NORSIA UNGDOMSKLUBB,823980922,BODØ,Nordland - Nordlánnda,"Norsia Grendehus, Midnattssolveien 1488",8016,BODØ,,brreg,https://data.brreg.no/enhetsregisteret/oppslag/enheter/823980922,ungdomslag,2026-04-28
OLDEREID GRENDEHUS,993302864,BODØ,Nordland - Nordlánnda,"c/o Linda Marie Rostad, Oldereid 63",8100,MISVÆR,,brreg,https://data.brreg.no/enhetsregisteret/oppslag/enheter/993302864,grendelag,2026-04-28
RANA FREMSKRITTSPARTIETS UNGDOM (FPU),923872086,BODØ,Nordland - Nordlánnda,Storgata 9,8006,BODØ,,brreg,https://data.brreg.no/enhetsregisteret/oppslag/enheter/923872086,"ungdomslag,bygdelag",2026-04-28
SALTSTRAUMEN UNGDOMSLAG,916879148,BODØ,Nordland - Nordlánnda,"c/o Rolf Einar Furre, Straumøyveien 115",8056,SALTSTRAUMEN,,brreg,https://data.brreg.no/enhetsregisteret/oppslag/enheter/916879148,ungdomslag,2026-04-28
SEINES OG OMEGN GRENDELAG,913916271,BODØ,Nordland - Nordlánnda,Seines,8056,SALTSTRAUMEN,,brreg,https://data.brreg.no/enhetsregisteret/oppslag/enheter/913916271,grendelag,2026-04-28
SKEIV UNGDOM BODØ,915191746,BODØ,Nordland - Nordlánnda,"c/o Adriane K. Wollan Bernhof, Roald Amundsens vei 9",8003,BODØ,https://www.skeivungdom.no/lokallag/bodo/,brreg,https://data.brreg.no/enhetsregisteret/oppslag/enheter/915191746,"ungdomslag,bygdelag",2026-04-28
UL BLÅFJELL,934260643,BODØ,Nordland - Nordlánnda,Evjenveien 363,8056,SALTSTRAUMEN,,brreg,https://data.brreg.no/enhetsregisteret/oppslag/enheter/934260643,ungdomslag,2026-04-28
UL FOSSEDUR,897592312,BODØ,Nordland - Nordlánnda,Valnes,8056,SALTSTRAUMEN,,brreg,https://data.brreg.no/enhetsregisteret/oppslag/enheter/897592312,ungdomslag,2026-04-28
UNGDOMSLAGET FREIDIG,912531953,BODØ,Nordland - Nordlánnda,"c/o Marte-Therese Solem, Fjeldbakkan 6",8102,SKJERSTAD,,brreg,https://data.brreg.no/enhetsregisteret/oppslag/enheter/912531953,ungdomslag,2026-04-28
UNGDOMSLAGET FREMAD,987766956,BODØ,Nordland - Nordlánnda,"c/o Eli Johansen, Gjerdesletta 3",8023,BODØ,,brreg,https://data.brreg.no/enhetsregisteret/oppslag/enheter/987766956,ungdomslag,2026-04-28
VESTVATN GRENDEHUS,893854592,BODØ,Nordland - Nordlánnda,Vestvatn,8100,MISVÆR,,brreg,https://data.brreg.no/enhetsregisteret/oppslag/enheter/893854592,grendelag,2026-04-28
KROKÅ GRENDEHUS,993959286,BRØNNØY,Nordland - Nordlánnda,"c/o Tone Bjørnvik, Furuveien 2",8908,BRØNNØYSUND,,brreg,https://data.brreg.no/enhetsregisteret/oppslag/enheter/993959286,grendelag,2026-04-28
NORDBYGDENS UNGDOMSLAG (N.U.L),995318164,BRØNNØY,Nordland - Nordlánnda,"c/o Sigurd Søvik Horn, Horn 50",8908,BRØNNØYSUND,,brreg,https://data.brreg.no/enhetsregisteret/oppslag/enheter/995318164,ungdomslag,2026-04-28
SYLTERN GRENDELAG,996834026,BRØNNØY,Nordland - Nordlánnda,Kjølsøyveien 1,8908,BRØNNØYSUND,,brreg,https://data.brreg.no/enhetsregisteret/oppslag/enheter/996834026,grendelag,2026-04-28
TORGAR GRENDELAG,915562221,BRØNNØY,Nordland - Nordlánnda,Torget,8909,BRØNNØYSUND,,brreg,https://data.brreg.no/enhetsregisteret/oppslag/enheter/915562221,grendelag,2026-04-28
U L FREMGANG,984323085,BRØNNØY,Nordland - Nordlánnda,Toftveien 15,8909,BRØNNØYSUND,,brreg,https://data.brreg.no/enhetsregisteret/oppslag/enheter/984323085,ungdomslag,2026-04-28
U.L ALLTID FREMAD,997952685,BRØNNØY,Nordland - Nordlánnda,"c/o Rita Moe, Mosheimsjøveien 72A",8907,BRØNNØYSUND,,brreg,https://data.brreg.no/enhetsregisteret/oppslag/enheter/997952685,ungdomslag,2026-04-28
U.L. SAMHOLD,993540889,BRØNNØY,Nordland - Nordlánnda,"v/Torbjørn Fredlund, Nevernes",8960,VELFJORD,,brreg,https://data.brreg.no/enhetsregisteret/oppslag/enheter/993540889,ungdomslag,2026-04-28
U/L FORSØK,971391820,BRØNNØY,Nordland - Nordlánnda,Skomo 60,8908,BRØNNØYSUND,,brreg,https://data.brreg.no/enhetsregisteret/oppslag/enheter/971391820,ungdomslag,2026-04-28
VELFJORD FRILYNDE UNGDOMSLAG,917970408,BRØNNØY,Nordland - Nordlánnda,Brattåsveien 61,8960,VELFJORD,,brreg,https://data.brreg.no/enhetsregisteret/oppslag/enheter/917970408,ungdomslag,2026-04-28
BØSTRAND GRENDELAG,992631538,BØ,Nordland - Nordlánnda,Bøveien 213,8470,BØ I VESTERÅLEN,,brreg,https://data.brreg.no/enhetsregisteret/oppslag/enheter/992631538,grendelag,2026-04-28
HAUGEN BYGDELAG,896188992,BØ,Nordland - Nordlánnda,Bøveien 1107,8475,STRAUMSJØEN,,brreg,https://data.brreg.no/enhetsregisteret/oppslag/enheter/896188992,bygdelag,2026-04-28
HOVDEN GRENDELAG,992782560,BØ,Nordland - Nordlánnda,Hovdenveien 164,8475,STRAUMSJØEN,,brreg,https://data.brreg.no/enhetsregisteret/oppslag/enheter/992782560,grendelag,2026-04-28
NYKVÅG GRENDELAG,990697450,BØ,Nordland - Nordlánnda,Nykvåg,8475,STRAUMSJØEN,,brreg,https://data.brreg.no/enhetsregisteret/oppslag/enheter/990697450,grendelag,2026-04-28
RINGSTAD BYGDELAG,992321601,BØ,Nordland - Nordlánnda,Nesveien 7,8475,STRAUMSJØEN,,brreg,https://data.brreg.no/enhetsregisteret/oppslag/enheter/992321601,bygdelag,2026-04-28
U.L. UNGBIRKEN,993031313,BØ,Nordland - Nordlánnda,Bøveien 163,8470,BØ I VESTERÅLEN,,brreg,https://data.brreg.no/enhetsregisteret/oppslag/enheter/993031313,ungdomslag,2026-04-28
UL MIDNATTSOL,984511930,BØ,Nordland - Nordlánnda,Eidet,8475,STRAUMSJØEN,,brreg,https://data.brreg.no/enhetsregisteret/oppslag/enheter/984511930,ungdomslag,2026-04-28
VEA GRENDELAG,927118750,BØ,Nordland - Nordlánnda,"c/o Signor Gunnar Tande, Veaveien 194",8475,STRAUMSJØEN,,brreg,https://data.brreg.no/enhetsregisteret/oppslag/enheter/927118750,grendelag,2026-04-28
BJØRN GRENDELAG,996003612,DØNNA,Nordland - Nordlánnda,"c/o Nils Jenssen, Dønnaveien 27",8820,DØNNA,,brreg,https://data.brreg.no/enhetsregisteret/oppslag/enheter/996003612,grendelag,2026-04-28
DØNNA BARNE- OG UNGDOMSKLUBB,926726072,DØNNA,Nordland - Nordlánnda,"c/o Christina Vang Olsen, Snekkaråsen 3",8820,DØNNA,,brreg,https://data.brreg.no/enhetsregisteret/oppslag/enheter/926726072,ungdomslag,2026-04-28
DØNNES KRISTELIGE UNGDOMSFORENING,923816151,DØNNA,Nordland - Nordlánnda,"c/o Ann-Inger Mortensen, Myrveien 41",8820,DØNNA,,brreg,https://data.brreg.no/enhetsregisteret/oppslag/enheter/923816151,ungdomslag,2026-04-28
GRENDELAGET GLIMT,984162588,DØNNA,Nordland - Nordlánnda,Glein,8820,DØNNA,,brreg,https://data.brreg.no/enhetsregisteret/oppslag/enheter/984162588,grendelag,2026-04-28
GRENDELAGET VÅRBRIS,984002548,DØNNA,Nordland - Nordlánnda,"c/o Jøran Skartun, Skartunveien 53",8820,DØNNA,,brreg,https://data.brreg.no/enhetsregisteret/oppslag/enheter/984002548,grendelag,2026-04-28
HESTAD BYGDELAG,984160941,DØNNA,Nordland - Nordlánnda,Hæstadveien 204,8820,DØNNA,,brreg,https://data.brreg.no/enhetsregisteret/oppslag/enheter/984160941,bygdelag,2026-04-28
MENTAL HELSE UNGDOM DØNNA,921408706,DØNNA,Nordland - Nordlánnda,"c/o Dagny-Elise Johansen, Krunhaugen 18",8820,DØNNA,,brreg,https://data.brreg.no/enhetsregisteret/oppslag/enheter/921408706,"ungdomslag,bygdelag",2026-04-28
UL SOLGLIMT / LØKTA UNGDOMSLAG,993831778,DØNNA,Nordland - Nordlánnda,,8813,LØKTA,,brreg,https://data.brreg.no/enhetsregisteret/oppslag/enheter/993831778,ungdomslag,2026-04-28
UL SOLKVERV,984255497,DØNNA,Nordland - Nordlánnda,Stavseng,8820,DØNNA,,brreg,https://data.brreg.no/enhetsregisteret/oppslag/enheter/984255497,ungdomslag,2026-04-28
VANDVE UNGDOMSLAG,994907700,DØNNA,Nordland - Nordlánnda,Vandve,8830,VANDVE,,brreg,https://data.brreg.no/enhetsregisteret/oppslag/enheter/994907700,ungdomslag,2026-04-28
BYGDEHUSET SOLBAKKEN,913491459,EVENES,Nordland - Nordlánnda,Korsveien 107,8535,TÅRSTAD,,brreg,https://data.brreg.no/enhetsregisteret/oppslag/enheter/913491459,bygdelag,2026-04-28
EVENES U I L,883406672,EVENES,Nordland - Nordlánnda,Postboks 77,8539,BOGEN I OFOTEN,https://idrett.speaker.no/Organisation.asp?id=56542,brreg,https://data.brreg.no/enhetsregisteret/oppslag/enheter/883406672,ungdomslag,2026-04-28
EVENESMARK GRENDELAG,925991171,EVENES,Nordland - Nordlánnda,Liakollveien 31,8534,LILAND,,brreg,https://data.brreg.no/enhetsregisteret/oppslag/enheter/925991171,grendelag,2026-04-28
FORRA GRENDELAG,917427224,EVENES,Nordland - Nordlánnda,Forraveien 767,8533,BOGEN I OFOTEN,,brreg,https://data.brreg.no/enhetsregisteret/oppslag/enheter/917427224,grendelag,2026-04-28
LAKSÅ GRENDELAG,994865781,EVENES,Nordland - Nordlánnda,Laksåveien 3,8534,LILAND,,brreg,https://data.brreg.no/enhetsregisteret/oppslag/enheter/994865781,grendelag,2026-04-28
LENVIK BYGDELAG,929698290,EVENES,Nordland - Nordlánnda,"c/o Hans-Erling Hanssen, Lenvik 314",8533,BOGEN I OFOTEN,,brreg,https://data.brreg.no/enhetsregisteret/oppslag/enheter/929698290,bygdelag,2026-04-28
FAUSKEEIDET BYGDELAG,998373425,FAUSKE,Nordland - Nordlánnda,"v/ Grendehuset, Tverå",8218,FAUSKE,,brreg,https://data.brreg.no/enhetsregisteret/oppslag/enheter/998373425,bygdelag,2026-04-28
GRENDEHUSET FOLKETS HUS JORDBRU,919144106,FAUSKE,Nordland - Nordlánnda,"c/o Roar Tverelv, Kosmoveien 90",8215,VALNESFJORD,,brreg,https://data.brreg.no/enhetsregisteret/oppslag/enheter/919144106,grendelag,2026-04-28
KLUNGSET GRENDELAG,913538153,FAUSKE,Nordland - Nordlánnda,"c/o Tonje Hoem-Lundli, Granveien 34B",8209,FAUSKE,,brreg,https://data.brreg.no/enhetsregisteret/oppslag/enheter/913538153,grendelag,2026-04-28
KVITBLIK GRENDELAG,991692436,FAUSKE,Nordland - Nordlánnda,Kvitblikveien 3,8218,FAUSKE,,brreg,https://data.brreg.no/enhetsregisteret/oppslag/enheter/991692436,grendelag,2026-04-28
MOEN OG VATNBYGDA GRENDELAG,994072404,FAUSKE,Nordland - Nordlánnda,"c/o Marit Bergvoll Hanssen, Saltdalveien 2",8210,FAUSKE,,brreg,https://data.brreg.no/enhetsregisteret/oppslag/enheter/994072404,grendelag,2026-04-28
RØDÅS GRENDELAG,983564178,FAUSKE,Nordland - Nordlánnda,"v/ Frode Martinussen, Rødåsveien 106",8219,FAUSKE,,brreg,https://data.brreg.no/enhetsregisteret/oppslag/enheter/983564178,grendelag,2026-04-28
U.L. FRAMSYN,887815372,FAUSKE,Nordland - Nordlánnda,"c/o Karl Martin Johansen, Sjyveien 7",8215,VALNESFJORD,,brreg,https://data.brreg.no/enhetsregisteret/oppslag/enheter/887815372,ungdomslag,2026-04-28
UNGDOMS & IDRETTSLAGET HÅPET,984124740,FAUSKE,Nordland - Nordlánnda,"c/o Sten Skjellhaug, Leivsetveien 7",8211,FAUSKE,,brreg,https://data.brreg.no/enhetsregisteret/oppslag/enheter/984124740,"ungdomslag,bygdelag",2026-04-28
FREDVANG OG KRYSTAD BYGDELAG,975499650,FLAKSTAD,Nordland - Nordlánnda,,8387,FREDVANG,,brreg,https://data.brreg.no/enhetsregisteret/oppslag/enheter/975499650,bygdelag,2026-04-28
MØLNARODDEN GRENDELAG,984383479,FLAKSTAD,Nordland - Nordlánnda,Berganveien 1,8385,MØLNARODDEN,,brreg,https://data.brreg.no/enhetsregisteret/oppslag/enheter/984383479,grendelag,2026-04-28
NORDBYGDA GRENDELAG,976708350,FLAKSTAD,Nordland - Nordlánnda,,8382,NAPP,,brreg,https://data.brreg.no/enhetsregisteret/oppslag/enheter/976708350,grendelag,2026-04-28
SKJELFJORD GRENDELAG,916622775,FLAKSTAD,Nordland - Nordlánnda,"c/o Edvard Olsen, Skjelfjordveien 54",8380,RAMBERG,,brreg,https://data.brreg.no/enhetsregisteret/oppslag/enheter/916622775,grendelag,2026-04-28
SUND BYGDELAG,976774493,FLAKSTAD,Nordland - Nordlánnda,"c/o Jorunn Sørensen, Sundveien Øst 60",8384,SUND I LOFOTEN,,brreg,https://data.brreg.no/enhetsregisteret/oppslag/enheter/976774493,bygdelag,2026-04-28
U. L. LYSBØEN,986017887,FLAKSTAD,Nordland - Nordlánnda,,8388,RAMBERG,https://www.flakstadnytt.no,brreg,https://data.brreg.no/enhetsregisteret/oppslag/enheter/986017887,ungdomslag,2026-04-28
UNGDOM OG IDRETTSLAGET SAMSTRÆV,995579405,FLAKSTAD,Nordland - Nordlánnda,"c/o Søss-Helen Pettersen, Strandveien 126",8387,FREDVANG,https://idrett.speaker.no/organisation.asp?id=27815,brreg,https://data.brreg.no/enhetsregisteret/oppslag/enheter/995579405,"ungdomslag,bygdelag",2026-04-28
FORSTRANDA UNGDOMSLAG,989677330,GILDESKÅL,Nordland - Nordlánnda,"c/o Marianne Stranden, Inndyrveien 85",8140,INNDYR,,brreg,https://data.brreg.no/enhetsregisteret/oppslag/enheter/989677330,ungdomslag,2026-04-28
GRENDELAGET NORDLYS,994265091,GILDESKÅL,Nordland - Nordlánnda,,8135,SØRARNØY,,brreg,https://data.brreg.no/enhetsregisteret/oppslag/enheter/994265091,grendelag,2026-04-28
NORDLAND NORGESDEMOKRATENES UNGDOM,933259188,GILDESKÅL,Nordland - Nordlánnda,"c/o Ane Sofie Aas, Arnøyveien 56",8135,SØRARNØY,https://ndungdom.no,brreg,https://data.brreg.no/enhetsregisteret/oppslag/enheter/933259188,"ungdomslag,bygdelag",2026-04-28
U L FREMSKRITT,979389264,GILDESKÅL,Nordland - Nordlánnda,Lekanger,8130,SANDHORNØY,,brreg,https://data.brreg.no/enhetsregisteret/oppslag/enheter/979389264,ungdomslag,2026-04-28
U L HAVGULL,984914105,GILDESKÅL,Nordland - Nordlánnda,Saura,8120,NYGÅRDSJØEN,,brreg,https://data.brreg.no/enhetsregisteret/oppslag/enheter/984914105,ungdomslag,2026-04-28
U L SANDHORNET,981972066,GILDESKÅL,Nordland - Nordlánnda,"Sandvik, Sandvikveien 61",8130,SANDHORNØY,,brreg,https://data.brreg.no/enhetsregisteret/oppslag/enheter/981972066,ungdomslag,2026-04-28
U.L. FRAMHUG,997981286,GILDESKÅL,Nordland - Nordlánnda,Kjelling,8120,NYGÅRDSJØEN,,brreg,https://data.brreg.no/enhetsregisteret/oppslag/enheter/997981286,ungdomslag,2026-04-28
U/L SKOGLUND,980664813,GILDESKÅL,Nordland - Nordlánnda,"c/o Gunnar Asle Thommesen Skjelvik, Skjellvik 50",8130,SANDHORNØY,,brreg,https://data.brreg.no/enhetsregisteret/oppslag/enheter/980664813,ungdomslag,2026-04-28
UL HÅPET,920677959,GILDESKÅL,Nordland - Nordlánnda,Vannsletta 1,8140,INNDYR,,brreg,https://data.brreg.no/enhetsregisteret/oppslag/enheter/920677959,ungdomslag,2026-04-28
UL SKJÆRGÅRDEN,986593802,GILDESKÅL,Nordland - Nordlánnda,,8094,FLEINVÆR,,brreg,https://data.brreg.no/enhetsregisteret/oppslag/enheter/986593802,ungdomslag,2026-04-28
UL VÅRSOL,912582949,GILDESKÅL,Nordland - Nordlánnda,Sørfinnset,8140,INNDYR,,brreg,https://data.brreg.no/enhetsregisteret/oppslag/enheter/912582949,ungdomslag,2026-04-28
UNGDOMMENS FISKARLAG,928076334,GILDESKÅL,Nordland - Nordlánnda,"c/o Sander Nicolai Hansen Pedersen, Mårnessjyen 13",8130,SANDHORNØY,https://ungdommensfiskarlag.no,brreg,https://data.brreg.no/enhetsregisteret/oppslag/enheter/928076334,ungdomslag,2026-04-28
UNGDOMSLAGET LYS,994383558,GILDESKÅL,Nordland - Nordlánnda,,8145,STORVIK,,brreg,https://data.brreg.no/enhetsregisteret/oppslag/enheter/994383558,ungdomslag,2026-04-28
VELFORENINGEN U.L. LYKKENS PRØVE,819252122,GILDESKÅL,Nordland - Nordlánnda,Sandhornøyveien 144,8130,SANDHORNØY,,brreg,https://data.brreg.no/enhetsregisteret/oppslag/enheter/819252122,ungdomslag,2026-04-28
FRAMSTIG UNGDOMSLAG,817790712,GRANE,Nordland - Nordlánnda,"Framstig ungdomslag, c/o Marie Lund Aas, Granevegen 598",8658,MOSJØEN,,brreg,https://data.brreg.no/enhetsregisteret/oppslag/enheter/817790712,ungdomslag,2026-04-28
GRANE BYGDEBLAD,986018204,GRANE,Nordland - Nordlánnda,"c/o Bjørg Ludvigsen Thuseth, Svenningdalsvegen 350",8685,TROFORS,,brreg,https://data.brreg.no/enhetsregisteret/oppslag/enheter/986018204,bygdelag,2026-04-28
GRANE UNGDOMSLAG,993896810,GRANE,Nordland - Nordlánnda,Granevegen 361,8684,TROFORS,,brreg,https://data.brreg.no/enhetsregisteret/oppslag/enheter/993896810,ungdomslag,2026-04-28
MAJAVATN BYGDELAG (SIJTIE),884162572,GRANE,Nordland - Nordlánnda,"c/o Betty Kappfjell, Majavassvegen 79",8685,TROFORS,,brreg,https://data.brreg.no/enhetsregisteret/oppslag/enheter/884162572,bygdelag,2026-04-28
SVENNINGDAL BYGDELAG,919111275,GRANE,Nordland - Nordlánnda,"c/o Bjørg Thuseth, Svenningdalsvegen 350",8685,TROFORS,,brreg,https://data.brreg.no/enhetsregisteret/oppslag/enheter/919111275,bygdelag,2026-04-28
BREIVIK BYGDELAG,919788917,HADSEL,Nordland - Nordlánnda,"c/o Gry Okan, Vatndalsveien 134",8450,STOKMARKNES,,brreg,https://data.brreg.no/enhetsregisteret/oppslag/enheter/919788917,bygdelag,2026-04-28
BYGDELAGET NORDLYS,992552344,HADSEL,Nordland - Nordlánnda,Kalsnes,8450,STOKMARKNES,,brreg,https://data.brreg.no/enhetsregisteret/oppslag/enheter/992552344,bygdelag,2026-04-28
BYGDELAGET POLARSTJERNEN,994661973,HADSEL,Nordland - Nordlánnda,Moen,8450,STOKMARKNES,,brreg,https://data.brreg.no/enhetsregisteret/oppslag/enheter/994661973,bygdelag,2026-04-28
KVITNES BYGDEFORENING,919336250,HADSEL,Nordland - Nordlánnda,Møysalveien 2673,8413,KVITNES,,brreg,https://data.brreg.no/enhetsregisteret/oppslag/enheter/919336250,bygdelag,2026-04-28
LEKANG SKI OG BYGDELAG,993877654,HADSEL,Nordland - Nordlánnda,Lekangveien,8450,STOKMARKNES,https://idrett.speaker.no/Organisation.asp?id=64421,brreg,https://data.brreg.no/enhetsregisteret/oppslag/enheter/993877654,bygdelag,2026-04-28
LOVIK GRENDELAG,998386500,HADSEL,Nordland - Nordlánnda,"c/o Siv Andersen, Kirkegata 25B",8445,MELBU,,brreg,https://data.brreg.no/enhetsregisteret/oppslag/enheter/998386500,grendelag,2026-04-28
MYRLAND GRENDELAG,914379601,HADSEL,Nordland - Nordlánnda,,8326,MYRLAND,,brreg,https://data.brreg.no/enhetsregisteret/oppslag/enheter/914379601,grendelag,2026-04-28
REINSTAD GRENDELAG,992623020,HADSEL,Nordland - Nordlánnda,"c/o Aina Stabell, Idrettsveien 21A",8445,MELBU,,brreg,https://data.brreg.no/enhetsregisteret/oppslag/enheter/992623020,grendelag,2026-04-28
TAEN BYGDELAG,913709691,HADSEL,Nordland - Nordlánnda,Yttersida 1120,8445,MELBU,,brreg,https://data.brreg.no/enhetsregisteret/oppslag/enheter/913709691,bygdelag,2026-04-28
U.L. NYBROTT,992925973,HADSEL,Nordland - Nordlánnda,Bitterstadveien 35,8450,STOKMARKNES,https://www.ulnybrott.com,brreg,https://data.brreg.no/enhetsregisteret/oppslag/enheter/992925973,ungdomslag,2026-04-28
UL FRAM,994032372,HADSEL,Nordland - Nordlánnda,Hennes,8414,HENNES,,brreg,https://data.brreg.no/enhetsregisteret/oppslag/enheter/994032372,ungdomslag,2026-04-28
UL LYSGLIMT,912815862,HADSEL,Nordland - Nordlánnda,"c/o Elisabeth Ongstad, Ongstad",8445,MELBU,,brreg,https://data.brreg.no/enhetsregisteret/oppslag/enheter/912815862,ungdomslag,2026-04-28
BUVÅG LOKALUTVALG OG VESTERBYGDA GRENDEHUS,995794101,HAMARØY,Nordland - Nordlánnda,"c/o Berit Liland, Bjørnvågveien 33",8294,HAMARØY,,brreg,https://data.brreg.no/enhetsregisteret/oppslag/enheter/995794101,grendelag,2026-04-28
BYGDEHEIMSFORENINGEN OPTIMISTEN,992604239,HAMARØY,Nordland - Nordlánnda,"v/Asbjørn Eirik Hopland, Løitnant Glahns vei 12",8294,HAMARØY,,brreg,https://data.brreg.no/enhetsregisteret/oppslag/enheter/992604239,bygdelag,2026-04-28
INNHAVET UNGDOMSKLUBB,919896701,HAMARØY,Nordland - Nordlánnda,"c/o Tina Andersen, Sabelstrasse 13",8260,INNHAVET,,brreg,https://data.brreg.no/enhetsregisteret/oppslag/enheter/919896701,ungdomslag,2026-04-28
SKOGHOLT GRENDEKLUBB,994051717,HAMARØY,Nordland - Nordlánnda,"v/May Lisa Storå, Hamarøyveien 7253",8275,STORJORDA I TYSFJORDEN,,brreg,https://data.brreg.no/enhetsregisteret/oppslag/enheter/994051717,grendelag,2026-04-28
UL SOLKVERV,999302033,HAMARØY,Nordland - Nordlánnda,Hellandsveien 272,8270,DRAG,,brreg,https://data.brreg.no/enhetsregisteret/oppslag/enheter/999302033,ungdomslag,2026-04-28
ELSVATN GRENDELAG,989144324,HATTFJELLDAL,Nordland - Nordlánnda,Elsvatn Grendehus,8695,HATTFJELLDAL,,brreg,https://data.brreg.no/enhetsregisteret/oppslag/enheter/989144324,grendelag,2026-04-28
SUSENDAL BYGDELAG,995064235,HATTFJELLDAL,Nordland - Nordlánnda,"c/o Trine Thorsen Bolstad, Sørsiveien 864",8696,HATTFJELLDAL,,brreg,https://data.brreg.no/enhetsregisteret/oppslag/enheter/995064235,bygdelag,2026-04-28
SUSENDAL IDRETTS- OG UNGDOMSLAG,974358247,HATTFJELLDAL,Nordland - Nordlánnda,"c/o Asle Håkon Vollan, Sørsiveien 143",8696,HATTFJELLDAL,,brreg,https://data.brreg.no/enhetsregisteret/oppslag/enheter/974358247,ungdomslag,2026-04-28
VARNTRESK GRENDELAG,975746275,HATTFJELLDAL,Nordland - Nordlánnda,"c/o Sigbjørn Sæterstad,, Varntreskveien 2565B",8695,HATTFJELLDAL,,brreg,https://data.brreg.no/enhetsregisteret/oppslag/enheter/975746275,grendelag,2026-04-28
ÅKERVIK GRENDELAG,922824681,HATTFJELLDAL,Nordland - Nordlánnda,"c/o Evelina Tallbom, Villmarksveien 1895",8694,HATTFJELLDAL,,brreg,https://data.brreg.no/enhetsregisteret/oppslag/enheter/922824681,grendelag,2026-04-28
BAKLANDET BYGDELAG,993759155,HEMNES,Nordland - Nordlánnda,,8646,KORGEN,,brreg,https://data.brreg.no/enhetsregisteret/oppslag/enheter/993759155,bygdelag,2026-04-28
BJERKADALENS U.L. BREIDABLIKK,916195788,HEMNES,Nordland - Nordlánnda,Bjerkadalen,8643,BJERKA,,brreg,https://data.brreg.no/enhetsregisteret/oppslag/enheter/916195788,ungdomslag,2026-04-28
BLEIKVASSLI BYGDELAG,912194671,HEMNES,Nordland - Nordlánnda,Bleikvasslia,8647,BLEIKVASSLIA,,brreg,https://data.brreg.no/enhetsregisteret/oppslag/enheter/912194671,bygdelag,2026-04-28
BLEIKVASSLI UNGDOMSLAG,920631037,HEMNES,Nordland - Nordlánnda,"c/o Mona Sakrine Heggedal, Bleikvasslia",8647,BLEIKVASSLIA,,brreg,https://data.brreg.no/enhetsregisteret/oppslag/enheter/920631037,ungdomslag,2026-04-28
BYGDELAGET I LEIRSKARDALEN,912263932,HEMNES,Nordland - Nordlánnda,"Leirskardalen, Leirskardveien 71",8646,KORGEN,,brreg,https://data.brreg.no/enhetsregisteret/oppslag/enheter/912263932,bygdelag,2026-04-28
FINNEIDFJORD BYGDELAG,824341672,HEMNES,Nordland - Nordlánnda,"c/o Thor Aksel Ulriksen, Fjellvegen 14",8642,FINNEIDFJORD,,brreg,https://data.brreg.no/enhetsregisteret/oppslag/enheter/824341672,bygdelag,2026-04-28
LEIRSKAR UNGDOMSLAG,995068273,HEMNES,Nordland - Nordlánnda,"c/o Trine-Lise Skreslett, Sørfjellveien 85",8646,KORGEN,,brreg,https://data.brreg.no/enhetsregisteret/oppslag/enheter/995068273,ungdomslag,2026-04-28
HERØY UNGDOMSLAG,936594298,HERØY,Nordland - Nordlánnda,Sør-Herøyveien 214,8850,HERØY,,brreg,https://data.brreg.no/enhetsregisteret/oppslag/enheter/936594298,ungdomslag,2026-04-28
HUSVÆR UNGDOMSLAG,928092372,HERØY,Nordland - Nordlánnda,Kjørarveien 68,8842,BRASØY,,brreg,https://data.brreg.no/enhetsregisteret/oppslag/enheter/928092372,ungdomslag,2026-04-28
UL BØLGEN,915152465,HERØY,Nordland - Nordlánnda,Brasøyveien 127,8842,BRASØY,,brreg,https://data.brreg.no/enhetsregisteret/oppslag/enheter/915152465,ungdomslag,2026-04-28
UL FREMAD,996358429,HERØY,Nordland - Nordlánnda,"c/o Isabell Näs, Flatøyveien 50",8845,SELØY,,brreg,https://data.brreg.no/enhetsregisteret/oppslag/enheter/996358429,ungdomslag,2026-04-28
ØKSNINGAN UNGDOMSLAG,984092997,HERØY,Nordland - Nordlánnda,"c/o Odd Arne Svinøy, Finnbogveien 21",8850,HERØY,,brreg,https://data.brreg.no/enhetsregisteret/oppslag/enheter/984092997,ungdomslag,2026-04-28
BARDAL UNGDOMSLAG,990972117,LEIRFJORD,Nordland - Nordlánnda,Remmaveien 81,8897,BARDAL,,brreg,https://data.brreg.no/enhetsregisteret/oppslag/enheter/990972117,ungdomslag,2026-04-28
LEINES GRENDEHUS,993298921,LEIRFJORD,Nordland - Nordlánnda,Leinesveien 12,8890,LEIRFJORD,,brreg,https://data.brreg.no/enhetsregisteret/oppslag/enheter/993298921,grendelag,2026-04-28
UL FRAM,915303528,LEIRFJORD,Nordland - Nordlánnda,"c/o Randi Olga Olsen, Ottingsveien 57",8890,LEIRFJORD,,brreg,https://data.brreg.no/enhetsregisteret/oppslag/enheter/915303528,ungdomslag,2026-04-28
UL FRAM STØTTEFORENING,918801065,LEIRFJORD,Nordland - Nordlánnda,"c/o Sigrun Bårdgård, Gamle Mosjøveien 171",8890,LEIRFJORD,,brreg,https://data.brreg.no/enhetsregisteret/oppslag/enheter/918801065,ungdomslag,2026-04-28
UL FRAMSTEG FAGERVIK,994661426,LEIRFJORD,Nordland - Nordlánnda,"c/o Elin Jørgensen, Fagervikveien 556",8890,LEIRFJORD,,brreg,https://data.brreg.no/enhetsregisteret/oppslag/enheter/994661426,ungdomslag,2026-04-28
UL HØGTUN,894586982,LEIRFJORD,Nordland - Nordlánnda,Tovåsveien 6,8890,LEIRFJORD,,brreg,https://data.brreg.no/enhetsregisteret/oppslag/enheter/894586982,ungdomslag,2026-04-28
UL NYBROT,995000431,LEIRFJORD,Nordland - Nordlánnda,"c/o Roy-Åge Edvardsen, Fagervikveien 99",8890,LEIRFJORD,,brreg,https://data.brreg.no/enhetsregisteret/oppslag/enheter/995000431,ungdomslag,2026-04-28
UNGDOMSLAGET FRAMSTEG,994643975,LEIRFJORD,Nordland - Nordlánnda,Åsveien 26,8890,LEIRFJORD,,brreg,https://data.brreg.no/enhetsregisteret/oppslag/enheter/994643975,ungdomslag,2026-04-28
HESTMANNEN UNGDOMS- OG IDRETTSLAG,994884344,LURØY,Nordland - Nordlánnda,"c/o Anders Isachsen, Polarsirkelveien 17",8197,STORSELSØYA,,brreg,https://data.brreg.no/enhetsregisteret/oppslag/enheter/994884344,"ungdomslag,bygdelag",2026-04-28
KVARØY UNGDOMSLAG,988177482,LURØY,Nordland - Nordlánnda,,8743,INDRE KVARØY,,brreg,https://data.brreg.no/enhetsregisteret/oppslag/enheter/988177482,ungdomslag,2026-04-28
LOVUND UNGDOMS- OG IDRETTSLAG,993880531,LURØY,Nordland - Nordlánnda,Lovund,8764,LOVUND,https://www.luil.no,brreg,https://data.brreg.no/enhetsregisteret/oppslag/enheter/993880531,"ungdomslag,bygdelag",2026-04-28
NYBROTT UNGDOMSLAG,930131172,LURØY,Nordland - Nordlánnda,"c/o Steinar Ranheim, Hauglandsveien 23",8730,ALDERSUNDET,,brreg,https://data.brreg.no/enhetsregisteret/oppslag/enheter/930131172,ungdomslag,2026-04-28
SELNES UNGDOMSLAG,922902941,LURØY,Nordland - Nordlánnda,Aldersundveien 121,8735,STOKKVÅGEN,,brreg,https://data.brreg.no/enhetsregisteret/oppslag/enheter/922902941,ungdomslag,2026-04-28
UL NOR,914606101,LURØY,Nordland - Nordlánnda,Lurøy,8766,LURØY,,brreg,https://data.brreg.no/enhetsregisteret/oppslag/enheter/914606101,ungdomslag,2026-04-28
UL SAMHOLD,913115635,LURØY,Nordland - Nordlánnda,Tonnesveien 124,8752,KONSVIKOSEN,,brreg,https://data.brreg.no/enhetsregisteret/oppslag/enheter/913115635,ungdomslag,2026-04-28
LØYPSKOGVEGEN GRENDEHUSLAG,994078321,LØDINGEN,Nordland - Nordlánnda,Løypskogvegen,8412,VESTBYGDA,,brreg,https://data.brreg.no/enhetsregisteret/oppslag/enheter/994078321,grendelag,2026-04-28
NAUSTVIK BYGDELAG,993877891,LØDINGEN,Nordland - Nordlánnda,"v/ Torunn Rinø, Rinøyvegen 44",8412,VESTBYGDA,https://www.vestbygd.no/?id=18,brreg,https://data.brreg.no/enhetsregisteret/oppslag/enheter/993877891,bygdelag,2026-04-28
ALT FØRR BYGDA 8170,932525488,MELØY,Nordland - Nordlánnda,"c/o Sissel Elisabeth Meløysund, Lavhallen 7",8170,ENGAVÅGEN,,brreg,https://data.brreg.no/enhetsregisteret/oppslag/enheter/932525488,bygdelag,2026-04-28
BJÆRANGFJORD GRENDELAG,995619318,MELØY,Nordland - Nordlánnda,Bjærangfjord,8178,HALSA,,brreg,https://data.brreg.no/enhetsregisteret/oppslag/enheter/995619318,grendelag,2026-04-28
BOLGA GRENDEUTVALG,917842582,MELØY,Nordland - Nordlánnda,"c/o Jorunn Asheim Sagstad, Øverveien 81",8158,BOLGA,,brreg,https://data.brreg.no/enhetsregisteret/oppslag/enheter/917842582,grendelag,2026-04-28
ENGAVÅGEN GRENDELAG,917639078,MELØY,Nordland - Nordlánnda,Oldra 83,8170,ENGAVÅGEN,,brreg,https://data.brreg.no/enhetsregisteret/oppslag/enheter/917639078,grendelag,2026-04-28
GLOMFJORD GRENDEUTVALG,997040538,MELØY,Nordland - Nordlánnda,Postboks 46,8161,GLOMFJORD,,brreg,https://data.brreg.no/enhetsregisteret/oppslag/enheter/997040538,grendelag,2026-04-28
HALSA GRENDELAG,998609542,MELØY,Nordland - Nordlánnda,,8178,HALSA,,brreg,https://data.brreg.no/enhetsregisteret/oppslag/enheter/998609542,grendelag,2026-04-28
I. L. HALSAKAMERATENE,975508633,MELØY,Nordland - Nordlánnda,Halsa,8178,HALSA,https://halsakameratene.no,brreg,https://data.brreg.no/enhetsregisteret/oppslag/enheter/975508633,ungdomslag,2026-04-28
MELØY GRENDEUTVALG,971532874,MELØY,Nordland - Nordlánnda,"c/o Marianne Hegge Skogsholm, Meløysjøveien 44",8157,MELØY,,brreg,https://data.brreg.no/enhetsregisteret/oppslag/enheter/971532874,grendelag,2026-04-28
MESØY GRENDELAG,994827286,MELØY,Nordland - Nordlánnda,Mesøya,8150,ØRNES,,brreg,https://data.brreg.no/enhetsregisteret/oppslag/enheter/994827286,grendelag,2026-04-28
"MUIL, MELØY UNGDOMS- OG IDRETTSLAG",993842753,MELØY,Nordland - Nordlánnda,Urd,8157,MELØY,,brreg,https://data.brreg.no/enhetsregisteret/oppslag/enheter/993842753,"ungdomslag,bygdelag",2026-04-28
NEVERDAL UNGDOMS OG IDRETTSLAG,975626350,MELØY,Nordland - Nordlánnda,Fjellmyra 8,8149,NEVERDAL,,brreg,https://data.brreg.no/enhetsregisteret/oppslag/enheter/975626350,"ungdomslag,bygdelag",2026-04-28
REIPÅ GRENDELAG,922947082,MELØY,Nordland - Nordlánnda,Tuvveien 150,8146,REIPÅ,,brreg,https://data.brreg.no/enhetsregisteret/oppslag/enheter/922947082,grendelag,2026-04-28
STØTT GRENDELAG,895970212,MELØY,Nordland - Nordlánnda,"c/o Vivi-Ann Olsen Dagfinsen, Foreveien 186",8146,REIPÅ,,brreg,https://data.brreg.no/enhetsregisteret/oppslag/enheter/895970212,grendelag,2026-04-28
"U. L. SAMHOLD, BJÆRANGFJORD",928140970,MELØY,Nordland - Nordlánnda,Bjærangen 22,8178,HALSA,,brreg,https://data.brreg.no/enhetsregisteret/oppslag/enheter/928140970,ungdomslag,2026-04-28
UL BOLGTIND (UNGDOMSLAGET BOLGTIND),931161261,MELØY,Nordland - Nordlánnda,Nerveien 116,8158,BOLGA,,brreg,https://data.brreg.no/enhetsregisteret/oppslag/enheter/931161261,ungdomslag,2026-04-28
ÅG GRENDELAG,917294631,MELØY,Nordland - Nordlánnda,"c/o Aud Eline Angell, Tømmervikveien 86",8184,ÅGSKARDET,,brreg,https://data.brreg.no/enhetsregisteret/oppslag/enheter/917294631,grendelag,2026-04-28
ØRNES GRENDELAG,913328264,MELØY,Nordland - Nordlánnda,Fjellveien 25,8150,ØRNES,,brreg,https://data.brreg.no/enhetsregisteret/oppslag/enheter/913328264,grendelag,2026-04-28
SØRVÅGEN GRENDEHUS,913394569,MOSKENES,Nordland - Nordlánnda,"c/o Arne Frank Korneliussen, Moskenesveien 860",8392,SØRVÅGEN,,brreg,https://data.brreg.no/enhetsregisteret/oppslag/enheter/913394569,grendelag,2026-04-28
VINDSTAD GRENDELAG,991934456,MOSKENES,Nordland - Nordlánnda,Vindstad 13,8390,REINE,,brreg,https://data.brreg.no/enhetsregisteret/oppslag/enheter/991934456,grendelag,2026-04-28
ARNES GRENDELAG,999087396,NARVIK,Nordland - Nordlánnda,"c/o Anne Kristensen, Arnes",8540,BALLANGEN,,brreg,https://data.brreg.no/enhetsregisteret/oppslag/enheter/999087396,grendelag,2026-04-28
BYGDELAGET VILJEN,821511372,NARVIK,Nordland - Nordlánnda,Langvågpollen,8540,BALLANGEN,,brreg,https://data.brreg.no/enhetsregisteret/oppslag/enheter/821511372,bygdelag,2026-04-28
BØSTRAND TUR OG GRENDELAG,994669206,NARVIK,Nordland - Nordlánnda,"c/o Anita Warem Pettersen, Bøveien 2",8540,BALLANGEN,,brreg,https://data.brreg.no/enhetsregisteret/oppslag/enheter/994669206,grendelag,2026-04-28
DJUPÅSEN GRENDELAG,994036092,NARVIK,Nordland - Nordlánnda,Djupåsen,8540,BALLANGEN,,brreg,https://data.brreg.no/enhetsregisteret/oppslag/enheter/994036092,grendelag,2026-04-28
DYPDALÅS GRENDELAG,929699513,NARVIK,Nordland - Nordlánnda,"c/o Grethe Amundsen, Kvitforsveien 1373",8540,BALLANGEN,,brreg,https://data.brreg.no/enhetsregisteret/oppslag/enheter/929699513,grendelag,2026-04-28
EFJORD GRENDELAG,915088147,NARVIK,Nordland - Nordlánnda,"c/o Marith Aronsen, Efjordveien 1374",8540,BALLANGEN,,brreg,https://data.brreg.no/enhetsregisteret/oppslag/enheter/915088147,grendelag,2026-04-28
HAMNESSTRAND GRENDELAG,912118770,NARVIK,Nordland - Nordlánnda,Hamnesstrand,8543,KJELDEBOTN,,brreg,https://data.brreg.no/enhetsregisteret/oppslag/enheter/912118770,grendelag,2026-04-28
HERGOT KAPELL BYGDEFORENING,922071845,NARVIK,Nordland - Nordlánnda,"co/Lisbeth Sæther, Trældalsveien 110",8519,NARVIK,,brreg,https://data.brreg.no/enhetsregisteret/oppslag/enheter/922071845,bygdelag,2026-04-28
HERJANGEN GRENDEHUS,912648117,NARVIK,Nordland - Nordlánnda,"c/o Elsa Johansen, Herjangen 101",8530,BJERKVIK,,brreg,https://data.brreg.no/enhetsregisteret/oppslag/enheter/912648117,grendelag,2026-04-28
HULLØY GRENDELAG,988545082,NARVIK,Nordland - Nordlánnda,"c/o Geir Borg, Sminesveien 9",8590,KJØPSVIK,,brreg,https://data.brreg.no/enhetsregisteret/oppslag/enheter/988545082,grendelag,2026-04-28
HUNDHOLMEN GRENDELAG,919516178,NARVIK,Nordland - Nordlánnda,"c/o Hilde Yvonne Johansen, Smineslia 21",8590,KJØPSVIK,,brreg,https://data.brreg.no/enhetsregisteret/oppslag/enheter/919516178,grendelag,2026-04-28
KJELKVIKA GRENDELAG,935313805,NARVIK,Nordland - Nordlánnda,Kjelkvikveien 115,8590,KJØPSVIK,,brreg,https://data.brreg.no/enhetsregisteret/oppslag/enheter/935313805,grendelag,2026-04-28
KVITFORS OG OMEGN BYGDELAG,827576662,NARVIK,Nordland - Nordlánnda,"c/o Kirsti Fjellfors, Ankenesveien 369",8520,ANKENES,,brreg,https://data.brreg.no/enhetsregisteret/oppslag/enheter/827576662,bygdelag,2026-04-28
NARVIK KIRKES BARNE- OG UNGDOMSKANTORI,996175499,NARVIK,Nordland - Nordlánnda,Frydenlundgata 9,8516,NARVIK,,brreg,https://data.brreg.no/enhetsregisteret/oppslag/enheter/996175499,ungdomslag,2026-04-28
SKJOMDALEN GRENDELAG,920631797,NARVIK,Nordland - Nordlánnda,Gamnes,8523,SKJOMEN,,brreg,https://data.brreg.no/enhetsregisteret/oppslag/enheter/920631797,grendelag,2026-04-28
TRIVSEL I BYGDA - KJØPSVIK,918180451,NARVIK,Nordland - Nordlánnda,"c/o Helene Berg-Jørgnesen, Hestnesveien 12",8590,KJØPSVIK,,brreg,https://data.brreg.no/enhetsregisteret/oppslag/enheter/918180451,bygdelag,2026-04-28
UNGDOMSLAGET FREMSKRITT,923186883,NARVIK,Nordland - Nordlánnda,"c/o Kjell Martin Martinussen, Villaveien 67",8516,NARVIK,,brreg,https://data.brreg.no/enhetsregisteret/oppslag/enheter/923186883,ungdomslag,2026-04-28
VASSDAL GRENDELAG,999248357,NARVIK,Nordland - Nordlánnda,Vassdalsveien / Áravuomebállgis 436,8530,BJERKVIK,,brreg,https://data.brreg.no/enhetsregisteret/oppslag/enheter/999248357,grendelag,2026-04-28
VEGGEN GRENDELAG,916332351,NARVIK,Nordland - Nordlánnda,"c/o Jørn Mathisen, Elias Blix vei 8",8517,NARVIK,,brreg,https://data.brreg.no/enhetsregisteret/oppslag/enheter/916332351,grendelag,2026-04-28
VIDREK GRENDELAG,995777460,NARVIK,Nordland - Nordlánnda,Virak-E6 71,8523,SKJOMEN,https://www.vidrek.no,brreg,https://data.brreg.no/enhetsregisteret/oppslag/enheter/995777460,grendelag,2026-04-28
TOMMA BYGDELAG,994105256,NESNA,Nordland - Nordlánnda,,8723,HUSBY,,brreg,https://data.brreg.no/enhetsregisteret/oppslag/enheter/994105256,bygdelag,2026-04-28
U L HUGLTIND,998424208,NESNA,Nordland - Nordlánnda,U L Hugltind,8720,VIKHOLMEN,,brreg,https://data.brreg.no/enhetsregisteret/oppslag/enheter/998424208,ungdomslag,2026-04-28
UNGDOMSLAGET PRØVEN,915895379,NESNA,Nordland - Nordlánnda,Øbø,8724,SAURA,,brreg,https://data.brreg.no/enhetsregisteret/oppslag/enheter/915895379,ungdomslag,2026-04-28
BUL MO,984404735,RANA,Nordland - Nordlánnda,Gamle Nesnaveien 112,8616,MO I RANA,,brreg,https://data.brreg.no/enhetsregisteret/oppslag/enheter/984404735,ungdomslag,2026-04-28
GRUBEN BARNE- OG UNGDOMSKOR,912501477,RANA,Nordland - Nordlánnda,Øvre Steinbakken 21,8610,MO I RANA,,brreg,https://data.brreg.no/enhetsregisteret/oppslag/enheter/912501477,ungdomslag,2026-04-28
GRØNFJELLDAL UNGDOMSLAG,893876472,RANA,Nordland - Nordlánnda,Grønfjelldalsveien 284,8630,STORFORSHEIA,,brreg,https://data.brreg.no/enhetsregisteret/oppslag/enheter/893876472,ungdomslag,2026-04-28
HAMMEREN UNGDOMSLAG,993772909,RANA,Nordland - Nordlánnda,Regnbuen 13,8626,MO I RANA,,brreg,https://data.brreg.no/enhetsregisteret/oppslag/enheter/993772909,ungdomslag,2026-04-28
LANGVASSGRENDA BYGDE- OG UNGDOMSLAG,994074016,RANA,Nordland - Nordlánnda,Ravnådalen 11,8615,SKONSENG,,brreg,https://data.brreg.no/enhetsregisteret/oppslag/enheter/994074016,"ungdomslag,bygdelag",2026-04-28
NORD RANA BYGDEKVINNELAG,916781962,RANA,Nordland - Nordlánnda,"c/o Grethe Jorunn Skar, Plurdalsveien 1211",8615,SKONSENG,https://bygdekvinnelaget.no/lokallag/nord-rana-bygdekvinnelag,brreg,https://data.brreg.no/enhetsregisteret/oppslag/enheter/916781962,bygdelag,2026-04-28
PLURDALEN UNGDOMSLAG,994455222,RANA,Nordland - Nordlánnda,"Langfjell Gamle Skole, Plurdalsveien 637",8615,SKONSENG,,brreg,https://data.brreg.no/enhetsregisteret/oppslag/enheter/994455222,ungdomslag,2026-04-28
RØVASSDALEN BYGDE OG UNGDOMSLAG,998338050,RANA,Nordland - Nordlánnda,Røvassdalen Skole,8615,SKONSENG,,brreg,https://data.brreg.no/enhetsregisteret/oppslag/enheter/998338050,"ungdomslag,bygdelag",2026-04-28
SELFORS UNGDOMSLAG,884034922,RANA,Nordland - Nordlánnda,Sjøforsgata 2,8613,MO I RANA,https://www.selfors.com,brreg,https://data.brreg.no/enhetsregisteret/oppslag/enheter/884034922,ungdomslag,2026-04-28
SKONSENG SKOLE- OG UNGDOMSKORPS,979298579,RANA,Nordland - Nordlánnda,"c/o Eileen Fredriksen, Langfjellveien 66",8615,SKONSENG,,brreg,https://data.brreg.no/enhetsregisteret/oppslag/enheter/979298579,ungdomslag,2026-04-28
SKONSENG UNGDOMSLAG,884034442,RANA,Nordland - Nordlánnda,Sagheiveien 3,8615,SKONSENG,https://www.skonsengul.no,brreg,https://data.brreg.no/enhetsregisteret/oppslag/enheter/884034442,ungdomslag,2026-04-28
U.L. FREIDIG,996697185,RANA,Nordland - Nordlánnda,Villen,8610,MO I RANA,https://www.freidigstua.no,brreg,https://data.brreg.no/enhetsregisteret/oppslag/enheter/996697185,ungdomslag,2026-04-28
UL DAGGRY,993973831,RANA,Nordland - Nordlánnda,"c/o Marion Brun, Nesnaveien 400",8616,MO I RANA,https://www.uldaggry.no,brreg,https://data.brreg.no/enhetsregisteret/oppslag/enheter/993973831,ungdomslag,2026-04-28
UNGDOMSLAGET HEIM,911638886,RANA,Nordland - Nordlánnda,"c/o Emil Lorentzen, Nesnaveien 886",8725,UTSKARPEN,,brreg,https://data.brreg.no/enhetsregisteret/oppslag/enheter/911638886,ungdomslag,2026-04-28
UTSKARPEN BYGDELAG,913398300,RANA,Nordland - Nordlánnda,"c/o Utskarpen Ungdomshus, Nesnaveien 1156",8725,UTSKARPEN,https://www.facebook.com/UtskarpenUngdomshus,brreg,https://data.brreg.no/enhetsregisteret/oppslag/enheter/913398300,bygdelag,2026-04-28
GJERØY UL/IL,995562499,RØDØY,Nordland - Nordlánnda,c/o Finvald Karlsen,8195,GJERDØYA,https://www.gjerøy.net,brreg,https://data.brreg.no/enhetsregisteret/oppslag/enheter/995562499,ungdomslag,2026-04-28
"NORDNESØY IDRETTS OG UNGDOMSLAG, MIDNATTSOL",913860888,RØDØY,Nordland - Nordlánnda,"Nordnesøy Idretts-og ungdomslag, Nesøyveien 190",8198,NORDNESØYA,https://idrett.speaker.no/Organisation.asp?id=27654,brreg,https://data.brreg.no/enhetsregisteret/oppslag/enheter/913860888,ungdomslag,2026-04-28
RØDØY UNGDOMS- OG IDRETTSLAG,993970565,RØDØY,Nordland - Nordlánnda,Buøyveien 14,8193,RØDØY,,brreg,https://data.brreg.no/enhetsregisteret/oppslag/enheter/993970565,"ungdomslag,bygdelag",2026-04-28
UL SOLOPPGANG,998270812,RØDØY,Nordland - Nordlánnda,,8187,JEKTVIK,,brreg,https://data.brreg.no/enhetsregisteret/oppslag/enheter/998270812,ungdomslag,2026-04-28
UNGDOM/IDRETTSLAGET REGNBUEN,993330558,RØDØY,Nordland - Nordlánnda,Rangsund,8196,SELSØYVIK,,brreg,https://data.brreg.no/enhetsregisteret/oppslag/enheter/993330558,"ungdomslag,bygdelag",2026-04-28
ØRESVIK UNGDOMS OG IDRETTSLAG,876264722,RØDØY,Nordland - Nordlánnda,,8754,ØRESVIK,,brreg,https://data.brreg.no/enhetsregisteret/oppslag/enheter/876264722,"ungdomslag,bygdelag",2026-04-28
FORENINGEN SAKSENVIK/BOTN/ BOTNVANN GRENDEHUS,915895816,SALTDAL,Nordland - Nordlánnda,"V/Roger Jensen, Sjyveien 25",8253,ROGNAN,,brreg,https://data.brreg.no/enhetsregisteret/oppslag/enheter/915895816,grendelag,2026-04-28
I L OG U L  HEIMHUG,985370001,SALTDAL,Nordland - Nordlánnda,Gammelveien 883,8255,RØKLAND,https://heimhug.com,brreg,https://data.brreg.no/enhetsregisteret/oppslag/enheter/985370001,ungdomslag,2026-04-28
I L VINGER,984507348,SALTDAL,Nordland - Nordlánnda,"c/o Inge Ingvaldsen, Evenesdalveien 214",8255,RØKLAND,,brreg,https://data.brreg.no/enhetsregisteret/oppslag/enheter/984507348,ungdomslag,2026-04-28
JUNKERDAL GRENDELAG,995309289,SALTDAL,Nordland - Nordlánnda,Junkerdal,8255,RØKLAND,,brreg,https://data.brreg.no/enhetsregisteret/oppslag/enheter/995309289,grendelag,2026-04-28
SALTDAL UNGDOMSKOR,922245274,SALTDAL,Nordland - Nordlánnda,"Mariell Elise Meløysund, Dalveien 9",8250,ROGNAN,,brreg,https://data.brreg.no/enhetsregisteret/oppslag/enheter/922245274,ungdomslag,2026-04-28
U.L. FREMAD,977055296,SALTDAL,Nordland - Nordlánnda,"Sundby, Gammelveien 217",8252,ROGNAN,,brreg,https://data.brreg.no/enhetsregisteret/oppslag/enheter/977055296,ungdomslag,2026-04-28
UL HEIMSYN,919007060,SALTDAL,Nordland - Nordlánnda,"v/Madsens Regnskap AS, Osveien 8",8250,ROGNAN,,brreg,https://data.brreg.no/enhetsregisteret/oppslag/enheter/919007060,ungdomslag,2026-04-28
UL SAMHOLD,985275165,SALTDAL,Nordland - Nordlánnda,Nestby,8250,ROGNAN,,brreg,https://data.brreg.no/enhetsregisteret/oppslag/enheter/985275165,ungdomslag,2026-04-28
VIK GRENDEHUS,994273612,SALTDAL,Nordland - Nordlánnda,Vik,8253,ROGNAN,,brreg,https://data.brreg.no/enhetsregisteret/oppslag/enheter/994273612,grendelag,2026-04-28
AUSTERLANDET GRENDELAG,993092088,SORTLAND,Nordland - Nordlánnda,Austerlandet 221,8407,SORTLAND,,brreg,https://data.brreg.no/enhetsregisteret/oppslag/enheter/993092088,grendelag,2026-04-28
BYGDELAGET DALHEIM BLOKKEN,993976164,SORTLAND,Nordland - Nordlánnda,Teingardsveien 34,8406,SORTLAND,,brreg,https://data.brreg.no/enhetsregisteret/oppslag/enheter/993976164,bygdelag,2026-04-28
BYGDELAGET FOLKVANG,914594472,SORTLAND,Nordland - Nordlánnda,Langøyveien 184,8404,SORTLAND,,brreg,https://data.brreg.no/enhetsregisteret/oppslag/enheter/914594472,bygdelag,2026-04-28
HOGNFJORD GRENDEHUS,911926636,SORTLAND,Nordland - Nordlánnda,Hognfjordveien 22,8407,SORTLAND,,brreg,https://data.brreg.no/enhetsregisteret/oppslag/enheter/911926636,grendelag,2026-04-28
KLEIVA BYGDEHUS,975419398,SORTLAND,Nordland - Nordlánnda,Risevegen 2,8404,SORTLAND,,brreg,https://data.brreg.no/enhetsregisteret/oppslag/enheter/975419398,bygdelag,2026-04-28
NORDBØ BYGDELAG,918497846,SORTLAND,Nordland - Nordlánnda,"c/o Paul Daljord, Øver-Bø 31",8404,SORTLAND,,brreg,https://data.brreg.no/enhetsregisteret/oppslag/enheter/918497846,bygdelag,2026-04-28
SORTLAND BYGDEKVINNELAG,996515044,SORTLAND,Nordland - Nordlánnda,Sandstrand,8416,SORTLAND,,brreg,https://data.brreg.no/enhetsregisteret/oppslag/enheter/996515044,bygdelag,2026-04-28
STRAND UNGDOMSLAG,994334794,SORTLAND,Nordland - Nordlánnda,"c/o Ove Nygård, Kringelveien 183",8407,SORTLAND,,brreg,https://data.brreg.no/enhetsregisteret/oppslag/enheter/994334794,ungdomslag,2026-04-28
U.L. SAMHOLD,912859525,SORTLAND,Nordland - Nordlánnda,Frøskeland,8416,SORTLAND,,brreg,https://data.brreg.no/enhetsregisteret/oppslag/enheter/912859525,ungdomslag,2026-04-28
UL SOLVENDING,993397806,SORTLAND,Nordland - Nordlánnda,Eidsfjordveien 530,8415,SORTLAND,,brreg,https://data.brreg.no/enhetsregisteret/oppslag/enheter/993397806,ungdomslag,2026-04-28
UNGDOMSLAGET STORTIND U.L. STORTIND,995302020,SORTLAND,Nordland - Nordlánnda,"c/o Toni Ridderseth, Grindhaugveien 20",8406,SORTLAND,,brreg,https://data.brreg.no/enhetsregisteret/oppslag/enheter/995302020,ungdomslag,2026-04-28
ALVENES GRENDELAG,934163451,STEIGEN,Nordland - Nordlánnda,"c/o Aslaug Bartholsen, Kalvgjerdet 13",8288,BOGØY,,brreg,https://data.brreg.no/enhetsregisteret/oppslag/enheter/934163451,grendelag,2026-04-28
BOGEN OG OMENG GRENDELAG,923731059,STEIGEN,Nordland - Nordlánnda,"c/o Anders Pedersen, Bogveien 37",8288,BOGØY,,brreg,https://data.brreg.no/enhetsregisteret/oppslag/enheter/923731059,grendelag,2026-04-28
DYPING GRENDELAG,995538792,STEIGEN,Nordland - Nordlánnda,Dypingveien 25,8288,BOGØY,,brreg,https://data.brreg.no/enhetsregisteret/oppslag/enheter/995538792,grendelag,2026-04-28
ENGELØY GRENDELAG,916902743,STEIGEN,Nordland - Nordlánnda,,8289,ENGELØYA,,brreg,https://data.brreg.no/enhetsregisteret/oppslag/enheter/916902743,grendelag,2026-04-28
FOLLSTRANDA GRENDELAG,995753448,STEIGEN,Nordland - Nordlánnda,Stamsvik,8286,NORDFOLD,,brreg,https://data.brreg.no/enhetsregisteret/oppslag/enheter/995753448,grendelag,2026-04-28
HOLKESTAD GRENDELAG,925830755,STEIGEN,Nordland - Nordlánnda,"c/o Even Danielsen, Holkestadveien 481",8288,BOGØY,,brreg,https://data.brreg.no/enhetsregisteret/oppslag/enheter/925830755,grendelag,2026-04-28
LEINES GRENDELAG,993414646,STEIGEN,Nordland - Nordlánnda,"c/o Evy Røymo, Oterstien 2",8285,LEINES,,brreg,https://data.brreg.no/enhetsregisteret/oppslag/enheter/993414646,grendelag,2026-04-28
MARHAUG OG BOTN UNGDOMSLAG,993424722,STEIGEN,Nordland - Nordlánnda,Marhaug,8286,NORDFOLD,,brreg,https://data.brreg.no/enhetsregisteret/oppslag/enheter/993424722,ungdomslag,2026-04-28
NORDFOLD OG OMEGN GRENDELAG,923632077,STEIGEN,Nordland - Nordlánnda,"c/o  Mari Wattum, Nordfoldveien 97",8286,NORDFOLD,,brreg,https://data.brreg.no/enhetsregisteret/oppslag/enheter/923632077,grendelag,2026-04-28
NORDSKOT OG OMEGN BYGDELAG,991436529,STEIGEN,Nordland - Nordlánnda,Nordskotveien 263,8283,LEINESFJORD,,brreg,https://data.brreg.no/enhetsregisteret/oppslag/enheter/991436529,bygdelag,2026-04-28
SANDBAKK OG HELDAL GRENDEHUS,925341789,STEIGEN,Nordland - Nordlánnda,Heldal,8286,NORDFOLD,,brreg,https://data.brreg.no/enhetsregisteret/oppslag/enheter/925341789,grendelag,2026-04-28
STEIGEN BYGDEKVINNELAG,995667185,STEIGEN,Nordland - Nordlánnda,Vågsveien 43,8289,ENGELØYA,,brreg,https://data.brreg.no/enhetsregisteret/oppslag/enheter/995667185,bygdelag,2026-04-28
UNDERÅS GRENDELAG,919198559,STEIGEN,Nordland - Nordlánnda,"c/o Per Arne Andreassen, Skotsfjordveien 184",8288,BOGØY,,brreg,https://data.brreg.no/enhetsregisteret/oppslag/enheter/919198559,grendelag,2026-04-28
UNGDOMSLAGET VESTFJORD,992951419,STEIGEN,Nordland - Nordlánnda,Bø,8289,ENGELØYA,,brreg,https://data.brreg.no/enhetsregisteret/oppslag/enheter/992951419,ungdomslag,2026-04-28
VINKENES GRENDELAG,994546546,STEIGEN,Nordland - Nordlánnda,Vinkenes,8286,NORDFOLD,,brreg,https://data.brreg.no/enhetsregisteret/oppslag/enheter/994546546,grendelag,2026-04-28
SANDVÅG GRENDEHUS,930967025,SØMNA,Nordland - Nordlánnda,Kystveien 42,8920,SØMNA,,brreg,https://data.brreg.no/enhetsregisteret/oppslag/enheter/930967025,grendelag,2026-04-28
U.L. LYSINGEN,971391456,SØMNA,Nordland - Nordlánnda,Berg i Helgeland,8920,SØMNA,,brreg,https://data.brreg.no/enhetsregisteret/oppslag/enheter/971391456,ungdomslag,2026-04-28
UL FRAMHEIM,996802469,SØMNA,Nordland - Nordlánnda,Vik,8920,SØMNA,,brreg,https://data.brreg.no/enhetsregisteret/oppslag/enheter/996802469,ungdomslag,2026-04-28
DJUPVIK GRENDEFORENING,995114054,SØRFOLD,Nordland - Nordlánnda,"c/o Jostein Dverseth, Røsvikveien 199",8220,RØSVIK,,brreg,https://data.brreg.no/enhetsregisteret/oppslag/enheter/995114054,grendelag,2026-04-28
MØRSVIKBOTN GRENDELAG,824947112,SØRFOLD,Nordland - Nordlánnda,"c/o Liv Reffhaug, Storeidveien 31",8266,MØRSVIKBOTN,,brreg,https://data.brreg.no/enhetsregisteret/oppslag/enheter/824947112,grendelag,2026-04-28
STRAUMEN GRENDELAG,936738877,SØRFOLD,Nordland - Nordlánnda,"c/o Eva S. Winther, Krokveien 1A",8226,STRAUMEN,,brreg,https://data.brreg.no/enhetsregisteret/oppslag/enheter/936738877,grendelag,2026-04-28
STRAUMEN SKOLE- OG UNGDOMSKORPS,993823775,SØRFOLD,Nordland - Nordlánnda,"c/o Britt Karolin Døving, Reitvollveien 8",8226,STRAUMEN,https://www.ssuk.no,brreg,https://data.brreg.no/enhetsregisteret/oppslag/enheter/993823775,ungdomslag,2026-04-28
STRØKSNES BYGDELAG,815356012,SØRFOLD,Nordland - Nordlánnda,Strøksnesveien 148,8264,ENGAN,,brreg,https://data.brreg.no/enhetsregisteret/oppslag/enheter/815356012,bygdelag,2026-04-28
U L FREMTID,984970196,SØRFOLD,Nordland - Nordlánnda,"c/o Tørfjorden Grendehus, Megården 20",8226,STRAUMEN,,brreg,https://data.brreg.no/enhetsregisteret/oppslag/enheter/984970196,ungdomslag,2026-04-28
UL FOSSEDUREN,914489180,SØRFOLD,Nordland - Nordlánnda,Nordfjord,8226,STRAUMEN,,brreg,https://data.brreg.no/enhetsregisteret/oppslag/enheter/914489180,ungdomslag,2026-04-28
UNGDOMSLAGET FRAM,915166970,SØRFOLD,Nordland - Nordlánnda,"c/o Marius Wiik Johansen, Ånsvik",8220,RØSVIK,,brreg,https://data.brreg.no/enhetsregisteret/oppslag/enheter/915166970,ungdomslag,2026-04-28
UNGDOMSLAGET VAAREN,996741117,SØRFOLD,Nordland - Nordlánnda,Kvarv/Gyltvik,8226,STRAUMEN,,brreg,https://data.brreg.no/enhetsregisteret/oppslag/enheter/996741117,ungdomslag,2026-04-28
BYGDEFORENINGEN VÅGHALS,993543551,VEFSN,Nordland - Nordlánnda,"c/o Stefan J. Johnsen, Austerbygdvegen 39",8657,MOSJØEN,,brreg,https://data.brreg.no/enhetsregisteret/oppslag/enheter/993543551,bygdelag,2026-04-28
ELSFJORD BYGDELAG,993460427,VEFSN,Nordland - Nordlánnda,Elsfjordvegen 284,8672,ELSFJORD,,brreg,https://data.brreg.no/enhetsregisteret/oppslag/enheter/993460427,bygdelag,2026-04-28
GRANMOEN UNGDOMSKLUBB,930794112,VEFSN,Nordland - Nordlánnda,"c/o Elin Granmo, Granmovegen 2",8664,MOSJØEN,,brreg,https://data.brreg.no/enhetsregisteret/oppslag/enheter/930794112,ungdomslag,2026-04-28
HELLFJELL UNGDOMSLAG,983788157,VEFSN,Nordland - Nordlánnda,Fustvassvegen 323,8664,MOSJØEN,,brreg,https://data.brreg.no/enhetsregisteret/oppslag/enheter/983788157,ungdomslag,2026-04-28
HERRINGEN BYGDELAG,826316292,VEFSN,Nordland - Nordlánnda,"Herringen Bygdahus, Herringvegen 1071",8659,MOSJØEN,,brreg,https://data.brreg.no/enhetsregisteret/oppslag/enheter/826316292,bygdelag,2026-04-28
HUNDÅLA UNGDOMSLAG,912876144,VEFSN,Nordland - Nordlánnda,Hundålvegen 170,8666,MOSJØEN,,brreg,https://data.brreg.no/enhetsregisteret/oppslag/enheter/912876144,ungdomslag,2026-04-28
KOR UTEN GRENSER,993772984,VEFSN,Nordland - Nordlánnda,Fearnleys gate 17,8656,MOSJØEN,https://www.dolstad.no,brreg,https://data.brreg.no/enhetsregisteret/oppslag/enheter/993772984,grendelag,2026-04-28
KVALFORS BYGDELAG,917368708,VEFSN,Nordland - Nordlánnda,Vestersidvegen 1134,8658,MOSJØEN,,brreg,https://data.brreg.no/enhetsregisteret/oppslag/enheter/917368708,bygdelag,2026-04-28
LUKTVATN UNGDOMSLAG,984142005,VEFSN,Nordland - Nordlánnda,Luktvatnet 130,8672,ELSFJORD,,brreg,https://data.brreg.no/enhetsregisteret/oppslag/enheter/984142005,ungdomslag,2026-04-28
MENTAL HELSE UNGDOM MOSJØEN,912100561,VEFSN,Nordland - Nordlánnda,Chr. Qvales gate 36,8656,MOSJØEN,,brreg,https://data.brreg.no/enhetsregisteret/oppslag/enheter/912100561,"ungdomslag,bygdelag",2026-04-28
MOSJØEN UNGDOMSLAG,992916737,VEFSN,Nordland - Nordlánnda,"c/o Kristine Forsback, Trastvegen 10",8665,MOSJØEN,,brreg,https://data.brreg.no/enhetsregisteret/oppslag/enheter/992916737,ungdomslag,2026-04-28
NER-DREVJO BYGDELAG,984109563,VEFSN,Nordland - Nordlánnda,Drevjavegen 20,8664,MOSJØEN,,brreg,https://data.brreg.no/enhetsregisteret/oppslag/enheter/984109563,bygdelag,2026-04-28
REMMA BYGDEHUS,998900263,VEFSN,Nordland - Nordlánnda,Formyråsen 1,8658,MOSJØEN,,brreg,https://data.brreg.no/enhetsregisteret/oppslag/enheter/998900263,bygdelag,2026-04-28
SØRNES GRENDELAG,925048445,VEFSN,Nordland - Nordlánnda,"c/o Dagfrid Eliassen, Sørnes",8666,MOSJØEN,,brreg,https://data.brreg.no/enhetsregisteret/oppslag/enheter/925048445,grendelag,2026-04-28
ULL I TULL,919611634,VEFSN,Nordland - Nordlánnda,"c/o Jelena Ingeborg Langvatn, Langvassvegen 460A",8658,MOSJØEN,,brreg,https://data.brreg.no/enhetsregisteret/oppslag/enheter/919611634,ungdomslag,2026-04-28
ØMMERVATN BYGDELAG,993767425,VEFSN,Nordland - Nordlánnda,Hattvegen 174,8664,MOSJØEN,,brreg,https://data.brreg.no/enhetsregisteret/oppslag/enheter/993767425,bygdelag,2026-04-28
ØVRE DREVJA BYGDALAG,992891319,VEFSN,Nordland - Nordlánnda,Blåfjellvegen 408,8664,MOSJØEN,,brreg,https://data.brreg.no/enhetsregisteret/oppslag/enheter/992891319,bygdelag,2026-04-28
HONGSET GRENDEHUS,921965109,VEGA,Nordland - Nordlánnda,Hongsetveien 65,8986,VEGA,,brreg,https://data.brreg.no/enhetsregisteret/oppslag/enheter/921965109,grendelag,2026-04-28
NES HOLAND GRENDELAG,975776301,VEGA,Nordland - Nordlánnda,"c/o Kristin Fredriksen, Gardsøyveien 28",8984,VEGA,,brreg,https://data.brreg.no/enhetsregisteret/oppslag/enheter/975776301,grendelag,2026-04-28
U/L SKOGHOLT,995694522,VEGA,Nordland - Nordlánnda,Himmelblåveien 165,8985,YLVINGEN,,brreg,https://data.brreg.no/enhetsregisteret/oppslag/enheter/995694522,ungdomslag,2026-04-28
ÅSEN OG MARKEN GRENDELAG,918143491,VEGA,Nordland - Nordlánnda,"c/o Lars Lindbakk, Åsveien 72",8984,VEGA,,brreg,https://data.brreg.no/enhetsregisteret/oppslag/enheter/918143491,grendelag,2026-04-28
ALSTAD OG OMEGN GRENDELAG,985541221,VESTVÅGØY,Nordland - Nordlánnda,,8360,BØSTAD,,brreg,https://data.brreg.no/enhetsregisteret/oppslag/enheter/985541221,grendelag,2026-04-28
BALLSTAD UNGDOMS- OG IDRETTSLAG,975751384,VESTVÅGØY,Nordland - Nordlánnda,Borgosveien 4,8373,BALLSTAD,https://www.buil.no,brreg,https://data.brreg.no/enhetsregisteret/oppslag/enheter/975751384,"ungdomslag,bygdelag",2026-04-28
BUKSNES OG HOL BYGDEKVINNELAG,918714626,VESTVÅGØY,Nordland - Nordlánnda,"c/o Brita Johansen, Reppeveien 61",8370,LEKNES,,brreg,https://data.brreg.no/enhetsregisteret/oppslag/enheter/918714626,bygdelag,2026-04-28
BUKSNES SKOLE OG UNGDOMSMUSIKK,983596975,VESTVÅGØY,Nordland - Nordlánnda,Postboks 12,8377,GRAVDAL,,brreg,https://data.brreg.no/enhetsregisteret/oppslag/enheter/983596975,ungdomslag,2026-04-28
BØSTAD SKOLE OG UNGDOMSKORPS,985756392,VESTVÅGØY,Nordland - Nordlánnda,Vikingveien 459,8360,BØSTAD,,brreg,https://data.brreg.no/enhetsregisteret/oppslag/enheter/985756392,ungdomslag,2026-04-28
EGGUM BYGDELAG,919455136,VESTVÅGØY,Nordland - Nordlánnda,"c/o Ronny Johansen, Eggumsveien 871",8360,BØSTAD,,brreg,https://data.brreg.no/enhetsregisteret/oppslag/enheter/919455136,bygdelag,2026-04-28
EGGUM BYGDEMUSEUM,993615951,VESTVÅGØY,Nordland - Nordlánnda,"v/ Sander Krogh, Steinfjordveien 59",8360,BØSTAD,,brreg,https://data.brreg.no/enhetsregisteret/oppslag/enheter/993615951,bygdelag,2026-04-28
"GRENDELAGET OSTAD, SKJERPEN OG NYKMARK",918401288,VESTVÅGØY,Nordland - Nordlánnda,"c/o Stian Fossan, Skjerpveien 184",8360,BØSTAD,,brreg,https://data.brreg.no/enhetsregisteret/oppslag/enheter/918401288,grendelag,2026-04-28
GRENDELAGET SKOGSTJERNA,993778753,VESTVÅGØY,Nordland - Nordlánnda,Valbergsveien 2518,8357,VALBERG,,brreg,https://data.brreg.no/enhetsregisteret/oppslag/enheter/993778753,grendelag,2026-04-28
HAUKLAND GRENDELAG,917440808,VESTVÅGØY,Nordland - Nordlánnda,"c/o Ole Kristian Fjelltun-Larsen, Haukland 22",8370,LEKNES,,brreg,https://data.brreg.no/enhetsregisteret/oppslag/enheter/917440808,grendelag,2026-04-28
HAUKLAND SKOLE- OG UNGDOMSKORPS,987438541,VESTVÅGØY,Nordland - Nordlánnda,Haukland,8370,LEKNES,,brreg,https://data.brreg.no/enhetsregisteret/oppslag/enheter/987438541,ungdomslag,2026-04-28
KULTUR OVER GRENSER,913422678,VESTVÅGØY,Nordland - Nordlánnda,"c/o Karolina Baryga, Vardeveien 21",8370,LEKNES,,brreg,https://data.brreg.no/enhetsregisteret/oppslag/enheter/913422678,grendelag,2026-04-28
LEKNES SKOLE-OG UNGDOMSKORPS,875695932,VESTVÅGØY,Nordland - Nordlánnda,"c/o Nabil Altaie, Meieriet Kultursenter, Storgata 27",8370,LEKNES,,brreg,https://data.brreg.no/enhetsregisteret/oppslag/enheter/875695932,ungdomslag,2026-04-28
MORTSUND - BERG GRENDELAG,994052691,VESTVÅGØY,Nordland - Nordlánnda,"v/ Anne Lise Haakestad, Mortsundveien 180",8370,LEKNES,,brreg,https://data.brreg.no/enhetsregisteret/oppslag/enheter/994052691,grendelag,2026-04-28
RØNSVOLL GRENDELAG,917236895,VESTVÅGØY,Nordland - Nordlánnda,"c/o Bengt Gulb4andsen, Rønsvoll 8",8370,LEKNES,,brreg,https://data.brreg.no/enhetsregisteret/oppslag/enheter/917236895,grendelag,2026-04-28
SENNESVIK GRENDELAG,995712342,VESTVÅGØY,Nordland - Nordlánnda,"c/o Vigdis Helen Unstad, Kvanndalen 11",8352,SENNESVIK,,brreg,https://data.brreg.no/enhetsregisteret/oppslag/enheter/995712342,grendelag,2026-04-28
SKARSJYEN BYGDELAG,917293120,VESTVÅGØY,Nordland - Nordlánnda,"c/o Bjørn Stensen, Fjordveien 1",8372,GRAVDAL,,brreg,https://data.brreg.no/enhetsregisteret/oppslag/enheter/917293120,bygdelag,2026-04-28
STEINE GRENDELAG,993762148,VESTVÅGØY,Nordland - Nordlánnda,"c/o May Perly Langstrand Hansen, Akebakken 1",8340,STAMSUND,,brreg,https://data.brreg.no/enhetsregisteret/oppslag/enheter/993762148,grendelag,2026-04-28
STORFJORD OG OMEGN GRENDELAG,994916645,VESTVÅGØY,Nordland - Nordlánnda,"c/o Marit Eck, Steineveien 154",8340,STAMSUND,,brreg,https://data.brreg.no/enhetsregisteret/oppslag/enheter/994916645,grendelag,2026-04-28
SUND GRENDELAG,990971560,VESTVÅGØY,Nordland - Nordlánnda,"c/o Brita Arctander Rist, Sundsveien 248",8372,GRAVDAL,,brreg,https://data.brreg.no/enhetsregisteret/oppslag/enheter/990971560,grendelag,2026-04-28
SVARHOLT SKOLE OG UNGDOMSKORPS,975533441,VESTVÅGØY,Nordland - Nordlánnda,,8378,STAMSUND,,brreg,https://data.brreg.no/enhetsregisteret/oppslag/enheter/975533441,ungdomslag,2026-04-28
UL MIDNATTSOL,983547915,VESTVÅGØY,Nordland - Nordlánnda,Haverringen 1419,8360,BØSTAD,,brreg,https://data.brreg.no/enhetsregisteret/oppslag/enheter/983547915,ungdomslag,2026-04-28
UL ØRNEN,971397152,VESTVÅGØY,Nordland - Nordlánnda,Sjøveien 19,8370,LEKNES,,brreg,https://data.brreg.no/enhetsregisteret/oppslag/enheter/971397152,ungdomslag,2026-04-28
UNSTAD GRENDELAG,993455407,VESTVÅGØY,Nordland - Nordlánnda,"c/o Linda Hansen, Unstadsjøveien 58",8360,BØSTAD,,brreg,https://data.brreg.no/enhetsregisteret/oppslag/enheter/993455407,grendelag,2026-04-28
UNSTAD LIV OG LYST (ULL),931065939,VESTVÅGØY,Nordland - Nordlánnda,"c/o Hermann Odd Kåre Knutsen, Unstadveien 112",8360,BØSTAD,,brreg,https://data.brreg.no/enhetsregisteret/oppslag/enheter/931065939,ungdomslag,2026-04-28
UTTAKLEIV GRENDELAG,988580627,VESTVÅGØY,Nordland - Nordlánnda,Uttakleivveien 240,8370,LEKNES,,brreg,https://data.brreg.no/enhetsregisteret/oppslag/enheter/988580627,grendelag,2026-04-28
VESTRESAND OG OMEGN GRENDELAG,993745936,VESTVÅGØY,Nordland - Nordlánnda,Sandveien 35,8360,BØSTAD,https://vestresand.no/,brreg,https://data.brreg.no/enhetsregisteret/oppslag/enheter/993745936,grendelag,2026-04-28
HAMNØENS UNGDOMSLAG,993895539,VEVELSTAD,Nordland - Nordlánnda,Hamnøyveien 41,8976,VEVELSTAD,https://www.hesstun.no,brreg,https://data.brreg.no/enhetsregisteret/oppslag/enheter/993895539,ungdomslag,2026-04-28
HØYHOLM GRENDEHUS,920563961,VEVELSTAD,Nordland - Nordlánnda,Nerveien 12,8976,VEVELSTAD,,brreg,https://data.brreg.no/enhetsregisteret/oppslag/enheter/920563961,grendelag,2026-04-28
STOKKA GRENDELAG,993890316,VEVELSTAD,Nordland - Nordlánnda,Stokkasjøen,8870,VISTHUS,,brreg,https://data.brreg.no/enhetsregisteret/oppslag/enheter/993890316,grendelag,2026-04-28
UL-ENIGHET,916105894,VEVELSTAD,Nordland - Nordlánnda,Ausa,8870,VISTHUS,,brreg,https://data.brreg.no/enhetsregisteret/oppslag/enheter/916105894,ungdomslag,2026-04-28
UNGDOMSLAGET FREMSKRITT,993802735,VEVELSTAD,Nordland - Nordlánnda,Visthus,8870,VISTHUS,,brreg,https://data.brreg.no/enhetsregisteret/oppslag/enheter/993802735,ungdomslag,2026-04-28
DIGERMULEN SKOLE UNGDOMSKLUBB,928682099,VÅGAN,Nordland - Nordlánnda,Digermulveien 364,8324,DIGERMULEN,,brreg,https://data.brreg.no/enhetsregisteret/oppslag/enheter/928682099,ungdomslag,2026-04-28
GIMSØY SKOLE- OG UNGDOMSKORPS,994166298,VÅGAN,Nordland - Nordlánnda,"c/o Sissel Bøhlerengen Moe, Statsveien 659",8314,GIMSØYSAND,,brreg,https://data.brreg.no/enhetsregisteret/oppslag/enheter/994166298,ungdomslag,2026-04-28
SKROVA SKOLE- OG UNGDOMSKORPS,999072917,VÅGAN,Nordland - Nordlánnda,Været,8320,SKROVA,,brreg,https://data.brreg.no/enhetsregisteret/oppslag/enheter/999072917,ungdomslag,2026-04-28
STORFJELL BYGDELAG,995044951,VÅGAN,Nordland - Nordlánnda,"c/o Kirsti Anne Sommerseth, Storfjellveien 589",8323,STORFJELL,,brreg,https://data.brreg.no/enhetsregisteret/oppslag/enheter/995044951,bygdelag,2026-04-28
SYDAL SKOLE- OG UNGDOMSKORPS,979182589,VÅGAN,Nordland - Nordlánnda,"c/o Gunn Jørgensen, Brennaveien 693",8313,KLEPPSTAD,,brreg,https://data.brreg.no/enhetsregisteret/oppslag/enheter/979182589,ungdomslag,2026-04-28
U L DØNNING,986513620,VÅGAN,Nordland - Nordlánnda,,8313,KLEPPSTAD,,brreg,https://data.brreg.no/enhetsregisteret/oppslag/enheter/986513620,ungdomslag,2026-04-28
UL NØKKÅSEN,996182010,VÅGAN,Nordland - Nordlánnda,Gravermark,8313,KLEPPSTAD,https://www.strauman.no,brreg,https://data.brreg.no/enhetsregisteret/oppslag/enheter/996182010,ungdomslag,2026-04-28
UL RULTEN,984476841,VÅGAN,Nordland - Nordlánnda,"c/o Asbjørn Nilsen, Jektveien 3",8300,SVOLVÆR,,brreg,https://data.brreg.no/enhetsregisteret/oppslag/enheter/984476841,ungdomslag,2026-04-28
UL SNETIND,996674975,VÅGAN,Nordland - Nordlánnda,Breidablikk,8324,DIGERMULEN,,brreg,https://data.brreg.no/enhetsregisteret/oppslag/enheter/996674975,ungdomslag,2026-04-28
UNGDOMSLAGET GODT HÅP,996847446,VÅGAN,Nordland - Nordlánnda,"V/ Torunn Johansen, Lilandveien 65",8316,LAUPSTAD,,brreg,https://data.brreg.no/enhetsregisteret/oppslag/enheter/996847446,ungdomslag,2026-04-28
UNGDOMSLAGET KVELDSOL,921651899,VÅGAN,Nordland - Nordlánnda,Digermulveien 951,8324,DIGERMULEN,,brreg,https://data.brreg.no/enhetsregisteret/oppslag/enheter/921651899,ungdomslag,2026-04-28
UNGDOMSLAGET SVEIN,995977222,VÅGAN,Nordland - Nordlánnda,,8322,BRETTESNES,https://ul-svein.org,brreg,https://data.brreg.no/enhetsregisteret/oppslag/enheter/995977222,ungdomslag,2026-04-28
UNGDOMSLAGET VESTFJORD,998812054,VÅGAN,Nordland - Nordlánnda,Randebekken 2,8320,SKROVA,,brreg,https://data.brreg.no/enhetsregisteret/oppslag/enheter/998812054,ungdomslag,2026-04-28
VÅGAKALLEN GRENDELAG,994861522,VÅGAN,Nordland - Nordlánnda,"c/o Roy Arvid Dahl, Åsveien 45A",8310,KABELVÅG,,brreg,https://data.brreg.no/enhetsregisteret/oppslag/enheter/994861522,grendelag,2026-04-28
KLO GRENDERÅD,984524811,ØKSNES,Nordland - Nordlánnda,"c/o Ørjan Fæster, Kloveien 110",8430,MYRE,,brreg,https://data.brreg.no/enhetsregisteret/oppslag/enheter/984524811,grendelag,2026-04-28
MORILD I L,837284562,ØKSNES,Nordland - Nordlánnda,Storgata 50,8430,MYRE,,brreg,https://data.brreg.no/enhetsregisteret/oppslag/enheter/837284562,ungdomslag,2026-04-28
SKIPNES GRENDELAG,917413495,ØKSNES,Nordland - Nordlánnda,Skipnes,8426,BARKESTAD,,brreg,https://data.brreg.no/enhetsregisteret/oppslag/enheter/917413495,grendelag,2026-04-28
STEINLANDSFJORD GRENDERÅD -FJORDSTUA,913781287,ØKSNES,Nordland - Nordlánnda,Steinlandsfjord,8430,MYRE,,brreg,https://data.brreg.no/enhetsregisteret/oppslag/enheter/913781287,grendelag,2026-04-28
STRENGELVÅG VEL OG BYGDEHUS,931676202,ØKSNES,Nordland - Nordlánnda,"Strengelvågveien 85, c/o Vigdis Indregard, Strengelvågveien 104",8430,MYRE,,brreg,https://data.brreg.no/enhetsregisteret/oppslag/enheter/931676202,bygdelag,2026-04-28
U.L. NYBROTT,993737410,ØKSNES,Nordland - Nordlánnda,"c/o Steinar Hansen, Laksraveien 35",8432,ALSVÅG,,brreg,https://data.brreg.no/enhetsregisteret/oppslag/enheter/993737410,ungdomslag,2026-04-28
ABILDSØ BYGDEKOR,884196922,OSLO,Oslo,"c/o Vidar Webjørnsen, Vallefaret 2",0663,OSLO,https://www.abildsobygdekor.no,brreg,https://data.brreg.no/enhetsregisteret/oppslag/enheter/884196922,bygdelag,2026-04-28
AGDER FREMSKRITTSPARTIETS UNGDOM (FPU),814262812,OSLO,Oslo,Karl Johans gate 25,0159,OSLO,https://fpu.no,brreg,https://data.brreg.no/enhetsregisteret/oppslag/enheter/814262812,"ungdomslag,bygdelag",2026-04-28
AGDER UNGDOM MOT EU,932339307,OSLO,Oslo,"c/o Ungdom mot EU, Schweigaards gate 34B",0191,OSLO,,brreg,https://data.brreg.no/enhetsregisteret/oppslag/enheter/932339307,"ungdomslag,bygdelag",2026-04-28
AKERSHUS BYGDEKVINNELAG,943681058,OSLO,Oslo,"c/o Marie Helene Lund, Irisveien 9",0870,OSLO,https://www.bygdekvinnelaget.no/akershus,brreg,https://data.brreg.no/enhetsregisteret/oppslag/enheter/943681058,bygdelag,2026-04-28
AKERSHUS FREMSKRITTSPARTIETS UNGDOM (FPU),932712520,OSLO,Oslo,Karl Johans gate 25,0159,OSLO,https://fpu.no,brreg,https://data.brreg.no/enhetsregisteret/oppslag/enheter/932712520,"ungdomslag,bygdelag",2026-04-28
ALBANSK UNGDOM- OG STUDENTFORENING,986819053,OSLO,Oslo,"H0316, c/o Bled Maliqi, Trimveien 6",0372,OSLO,https://www.albung.no/odt/,brreg,https://data.brreg.no/enhetsregisteret/oppslag/enheter/986819053,"ungdomslag,bygdelag",2026-04-28
ALTA OG OMEGN FREMSKRITTSPARTIETS UNGDOM (FPU),920442765,OSLO,Oslo,Karl Johans gate 25,0159,OSLO,https://www.fpu.no,brreg,https://data.brreg.no/enhetsregisteret/oppslag/enheter/920442765,"ungdomslag,bygdelag",2026-04-28
ARBEIDERNES UNGDOMSFYLKING,950132388,OSLO,Oslo,"8. etasje, Youngstorget 2A",0181,OSLO,https://www.auf.no,brreg,https://data.brreg.no/enhetsregisteret/oppslag/enheter/950132388,ungdomslag,2026-04-28
ARENDAL OG OMEGN FREMSKRITTSPARTIETS UNGDOM (FPU),914962145,OSLO,Oslo,Karl Johans gate 25,0159,OSLO,https://fpu.no,brreg,https://data.brreg.no/enhetsregisteret/oppslag/enheter/914962145,"ungdomslag,bygdelag",2026-04-28
ARKITEKTER UTEN GRENSER STI,926676741,OSLO,Oslo,"c/o Alfonso Daniel Rengifo Gomez, Storkenebbveien 4B",0860,OSLO,,brreg,https://data.brreg.no/enhetsregisteret/oppslag/enheter/926676741,grendelag,2026-04-28
ASKER FREMSKRITTSPARTIETS UNGDOM,994854313,OSLO,Oslo,"c/o Fremskrittspartiets Ungdom, Karl Johans gate 25",0159,OSLO,https://www.fpu.no,brreg,https://data.brreg.no/enhetsregisteret/oppslag/enheter/994854313,"ungdomslag,bygdelag",2026-04-28
BARN OG UNGDOMS FLERKULTURELLE AKTIVITETSSENTER,915619304,OSLO,Oslo,"v/ Bashir Ahmad, Lindebergveien 3A",1069,OSLO,,brreg,https://data.brreg.no/enhetsregisteret/oppslag/enheter/915619304,"ungdomslag,bygdelag",2026-04-28
BARNE- OG UNGDOMSSENTERET PÅ HOLMLIA AS,841785312,OSLO,Oslo,Dyretråkket 30,1251,OSLO,,brreg,https://data.brreg.no/enhetsregisteret/oppslag/enheter/841785312,ungdomslag,2026-04-28
BJØLSEN UNGDOMSKORPS,974235137,OSLO,Oslo,Postboks 3417 Bjølsen,0406,OSLO,,brreg,https://data.brreg.no/enhetsregisteret/oppslag/enheter/974235137,ungdomslag,2026-04-28
BONDEUNGDOMSLAGET I OSLO,938619417,OSLO,Oslo,Rosenkrantz' gate 8,0159,OSLO,https://www.bul.no,brreg,https://data.brreg.no/enhetsregisteret/oppslag/enheter/938619417,ungdomslag,2026-04-28
BRUNSTAD UNGDOMSKLUBB OSLO OG FOLLO,822325602,OSLO,Oslo,Jens Bjelkes gate 72,0652,OSLO,,brreg,https://data.brreg.no/enhetsregisteret/oppslag/enheter/822325602,ungdomslag,2026-04-28
BUSKERUD FREMSKRITTSPARTIET UNGDOM (FPU),932794640,OSLO,Oslo,Karl Johans gate 25,0159,OSLO,,brreg,https://data.brreg.no/enhetsregisteret/oppslag/enheter/932794640,"ungdomslag,bygdelag",2026-04-28
BY OG BYGDELAGSFORBUNDET,940358868,OSLO,Oslo,Benneches gate 4,0169,OSLO,,brreg,https://data.brreg.no/enhetsregisteret/oppslag/enheter/940358868,bygdelag,2026-04-28
BYDEL FROGNER BEDRIFTSIDRETTSLAG,930333271,OSLO,Oslo,"c/o Ahmad Dowlatabadi, Smalgangen 25",0188,OSLO,,brreg,https://data.brreg.no/enhetsregisteret/oppslag/enheter/930333271,bygdelag,2026-04-28
BYDELSMØDRE I BYDEL GAMLE OSLO,932551527,OSLO,Oslo,"Tøyen, Kolstadgata 7",0652,OSLO,,brreg,https://data.brreg.no/enhetsregisteret/oppslag/enheter/932551527,bygdelag,2026-04-28
BYGDELAGSKORET BLÅNE,975504999,OSLO,Oslo,Nordahl Bruns gate 22,0165,OSLO,https://www.bygdelagskoret.org,brreg,https://data.brreg.no/enhetsregisteret/oppslag/enheter/975504999,bygdelag,2026-04-28
BYGDELAGSSAMSKIPNADEN,939099816,OSLO,Oslo,Nordahl Brunsg 22,0165,OSLO,https://www.bls.no,brreg,https://data.brreg.no/enhetsregisteret/oppslag/enheter/939099816,bygdelag,2026-04-28
BYGDØ ALLÉ BÅTFORENING,988782831,OSLO,Oslo,Dronning Blancas vei 1,0287,OSLO,https://www.babinfo.no,brreg,https://data.brreg.no/enhetsregisteret/oppslag/enheter/988782831,bygdelag,2026-04-28
BYGDØ BADMINTONKLUBB,993621358,OSLO,Oslo,Huk aveny 45,0287,OSLO,https://www.bygdobadminton.no,brreg,https://data.brreg.no/enhetsregisteret/oppslag/enheter/993621358,bygdelag,2026-04-28
BYGDØ FEKTEKLUBB,968022148,OSLO,Oslo,Huk aveny 45,0287,OSLO,,brreg,https://data.brreg.no/enhetsregisteret/oppslag/enheter/968022148,bygdelag,2026-04-28
BYGDØ IDRETTSLAG,997633164,OSLO,Oslo,Mellbyedalen 9,0287,OSLO,https://bygdoil.no,brreg,https://data.brreg.no/enhetsregisteret/oppslag/enheter/997633164,bygdelag,2026-04-28
BYGDØ TENNISKLUBB,988236683,OSLO,Oslo,Huk aveny 45,0287,OSLO,https://www.bygdotk.no,brreg,https://data.brreg.no/enhetsregisteret/oppslag/enheter/988236683,bygdelag,2026-04-28
BYGDØY BLANDET KOR,934618793,OSLO,Oslo,Graahbakken 5B,0286,OSLO,,brreg,https://data.brreg.no/enhetsregisteret/oppslag/enheter/934618793,bygdelag,2026-04-28
BYGDØY CURLING CLUB,983381170,OSLO,Oslo,Huk aveny 45,0287,OSLO,https://www.bygdøycurling.no,brreg,https://data.brreg.no/enhetsregisteret/oppslag/enheter/983381170,bygdelag,2026-04-28
BYGDØY KAMPSPORTKLUBB,932987228,OSLO,Oslo,Schiøtts vei 7B,0286,OSLO,,brreg,https://data.brreg.no/enhetsregisteret/oppslag/enheter/932987228,bygdelag,2026-04-28
BYGDØY KODEKLUBB,918575421,OSLO,Oslo,"c/o Hagen Clemens Graf, Bygdøynesveien 8C",0286,OSLO,,brreg,https://data.brreg.no/enhetsregisteret/oppslag/enheter/918575421,bygdelag,2026-04-28
BYGDØY LOPPEMARKED,915225969,OSLO,Oslo,"c/o Astrid Morken, Lovisenlund 3",0287,OSLO,,brreg,https://data.brreg.no/enhetsregisteret/oppslag/enheter/915225969,bygdelag,2026-04-28
BYGDØY SANITETSFORENING,915371388,OSLO,Oslo,"c/o Norunn Skorgen, Olav Kyrres gate 6F",0273,OSLO,,brreg,https://data.brreg.no/enhetsregisteret/oppslag/enheter/915371388,bygdelag,2026-04-28
BYGDØY SENIORSENTER,971474149,OSLO,Oslo,Huk aveny 45,0287,OSLO,,brreg,https://data.brreg.no/enhetsregisteret/oppslag/enheter/971474149,bygdelag,2026-04-28
BYGDØY SKOLEKOR,917886652,OSLO,Oslo,"c/o Therese V. Stavseth, Huk aveny 34",0287,OSLO,,brreg,https://data.brreg.no/enhetsregisteret/oppslag/enheter/917886652,bygdelag,2026-04-28
BYGDØY SKOLES MUSIKKORPS,971271442,OSLO,Oslo,Strømsborgveien 12,0287,OSLO,,brreg,https://data.brreg.no/enhetsregisteret/oppslag/enheter/971271442,bygdelag,2026-04-28
BYGDØY SKOLES VENNER,917500258,OSLO,Oslo,Konsul Schjelderups vei 15,0286,OSLO,,brreg,https://data.brreg.no/enhetsregisteret/oppslag/enheter/917500258,bygdelag,2026-04-28
BYGDØY SKØYTEBANEKLUBB,999213448,OSLO,Oslo,"c/o Marius Flygind, Langviksveien 25C",0286,OSLO,,brreg,https://data.brreg.no/enhetsregisteret/oppslag/enheter/999213448,bygdelag,2026-04-28
BYGDØY SPEIDERGRUPPE,923080295,OSLO,Oslo,"c/o Speiderhuset, Huk aveny 55",0287,OSLO,https://bygdoy.speiding.no,brreg,https://data.brreg.no/enhetsregisteret/oppslag/enheter/923080295,bygdelag,2026-04-28
BYGDØY-FROGNER ARBEIDERPARTILAG,984063172,OSLO,Oslo,"Postboks 8794 Youngstorget, co Oslo AP",0028,OSLO,,brreg,https://data.brreg.no/enhetsregisteret/oppslag/enheter/984063172,bygdelag,2026-04-28
BÆRUM FREMSKRITTSPARTIETS UNGDOM (FPU),893793992,OSLO,Oslo,"c/o Fremskrittspartiets Ungdom, Karl Johans gate 25",0159,OSLO,https://akershus.fpu.no,brreg,https://data.brreg.no/enhetsregisteret/oppslag/enheter/893793992,"ungdomslag,bygdelag",2026-04-28
DEN NORSKE GRAND PRIX KLUBBEN/OGAE NORWAY,997317785,OSLO,Oslo,"v/Morten Thomassen, Lørenveien 18",0585,OSLO,https://www.grandprixklubben.no,brreg,https://data.brreg.no/enhetsregisteret/oppslag/enheter/997317785,grendelag,2026-04-28
DEN RUMENSKE BARNE- OG UNGDOMSFORENING,998047412,OSLO,Oslo,Grønliveien 39B,1056,OSLO,,brreg,https://data.brreg.no/enhetsregisteret/oppslag/enheter/998047412,ungdomslag,2026-04-28
DRAGULF OSLO UNGDOMSSJAKKLUBB,911921103,OSLO,Oslo,"c/o Simen Agdestein, Wessels gate 13",0165,OSLO,,brreg,https://data.brreg.no/enhetsregisteret/oppslag/enheter/911921103,ungdomslag,2026-04-28
DRAMMEN FREMSKRITTSPARTIETS UNGDOM (FPU),916379552,OSLO,Oslo,Karl Johans gate 25,0159,OSLO,https://fpu.no,brreg,https://data.brreg.no/enhetsregisteret/oppslag/enheter/916379552,"ungdomslag,bygdelag",2026-04-28
"DUGER - DIGITAL UNGDOM, GRUNNLEGGENDE ERFARING OG RESSURSER",926710214,OSLO,Oslo,"c/o Miguel Alfredo Mendez, Refstad allé 16",0586,OSLO,,brreg,https://data.brreg.no/enhetsregisteret/oppslag/enheter/926710214,"ungdomslag,bygdelag",2026-04-28
ELVETOPPEN GRENDELAG,916008058,OSLO,Oslo,"c/o Sidsel Hauff, Rektorhaugen 49",0876,OSLO,,brreg,https://data.brreg.no/enhetsregisteret/oppslag/enheter/916008058,grendelag,2026-04-28
EUROPEISK UNGDOM,948001632,OSLO,Oslo,Prinsens gate 2,0152,OSLO,https://europeiskungdom.no,brreg,https://data.brreg.no/enhetsregisteret/oppslag/enheter/948001632,"ungdomslag,bygdelag",2026-04-28
FARMASØYTER UTEN GRENSER NORGE,988889717,OSLO,Oslo,"c/o Legemiddelindustrien, att: Kjetil Ø. Evensen, Postboks 5094 Majorstua",0301,OSLO,https://www.fugnorge.no,brreg,https://data.brreg.no/enhetsregisteret/oppslag/enheter/988889717,grendelag,2026-04-28
FLERKULTURELL BARNE- OG UNGDOM LÆRINGSSENTER,917231664,OSLO,Oslo,"c/o Nadarajah Pulendran, Harald Sohlbergs vei 2",1064,OSLO,,brreg,https://data.brreg.no/enhetsregisteret/oppslag/enheter/917231664,"ungdomslag,bygdelag",2026-04-28
FORENINGEN FOR MUSIKALSK UTVIKLING AV BARN OG UNGDOM,919944609,OSLO,Oslo,"c/o Marius Smemo, Maridalsveien 54A",0458,OSLO,,brreg,https://data.brreg.no/enhetsregisteret/oppslag/enheter/919944609,"ungdomslag,bygdelag",2026-04-28
FREDRIKSTAD FREMSKRITTSPARTIETS UNGDOM,994092154,OSLO,Oslo,"c/o Fremskrittspartiet, Karl Johans gate 25",0159,OSLO,https://fpu.no,brreg,https://data.brreg.no/enhetsregisteret/oppslag/enheter/994092154,"ungdomslag,bygdelag",2026-04-28
FREMSKRITTSPARTIETS UNGDOM (FPU),974262428,OSLO,Oslo,Karl Johans gate 25,0159,OSLO,https://fpu.no,brreg,https://data.brreg.no/enhetsregisteret/oppslag/enheter/974262428,"ungdomslag,bygdelag",2026-04-28
FRØYA OG HITRA FREMSKRITTSPARTIETS UNGDOM,933713350,OSLO,Oslo,Karl Johans gate 25,0159,OSLO,https://fpu.no,brreg,https://data.brreg.no/enhetsregisteret/oppslag/enheter/933713350,"ungdomslag,bygdelag",2026-04-28
GAMLE OSLO BARN OG UNGDOMS SENTER,920151361,OSLO,Oslo,Jens Bjelkes gate 62B,0652,OSLO,,brreg,https://data.brreg.no/enhetsregisteret/oppslag/enheter/920151361,"ungdomslag,bygdelag",2026-04-28
GRANDE ETHIOPIA RENAISSANCE DAM COUNCIL,919931663,OSLO,Oslo,"c/o Kassahun Alemayehu, Stockholmgata 26A",0566,OSLO,https://www.ethiorc.com,brreg,https://data.brreg.no/enhetsregisteret/oppslag/enheter/919931663,grendelag,2026-04-28
GRENDA HUSEIERFORENING,917425558,OSLO,Oslo,"c/o Kjetil Fyrand, Bernhard Herres vei 46",0376,OSLO,,brreg,https://data.brreg.no/enhetsregisteret/oppslag/enheter/917425558,grendelag,2026-04-28
GRINDA HK (GRINDA HESTESKOKASTERKLUBB),828529072,OSLO,Oslo,"c/o Vegard Sørebø, Øvre Skjoldvei 21",0881,OSLO,,brreg,https://data.brreg.no/enhetsregisteret/oppslag/enheter/828529072,grendelag,2026-04-28
GRØNN UNGDOM,993860875,OSLO,Oslo,Hausmanns gate 19A,0182,OSLO,https://www.gronnungdom.no/,brreg,https://data.brreg.no/enhetsregisteret/oppslag/enheter/993860875,"ungdomslag,bygdelag",2026-04-28
HAGESELSKAPET BYGDØY,916759436,OSLO,Oslo,"c/o Anne E Bull, P. T. Mallings vei 22",0286,OSLO,,brreg,https://data.brreg.no/enhetsregisteret/oppslag/enheter/916759436,bygdelag,2026-04-28
HALLINGDAL FREMSKRITTSPARTIETS UNGDOM (FPU),926707728,OSLO,Oslo,Karl Johans gate 25,0159,OSLO,https://www.fpu.no,brreg,https://data.brreg.no/enhetsregisteret/oppslag/enheter/926707728,"ungdomslag,bygdelag",2026-04-28
HAMMERFEST OG OMEGN FREMSKRITTSPARTIETS UNGDOM,918372717,OSLO,Oslo,Karl Johans gate 25,0159,OSLO,,brreg,https://data.brreg.no/enhetsregisteret/oppslag/enheter/918372717,"ungdomslag,bygdelag",2026-04-28
HARSTAD OG OMEGN FREMSKRITTSPARTIETS UNGDOM (FPU),997476859,OSLO,Oslo,"c/o Fremskrittspartiets Ungdom, Karl Johans gate 25",0159,OSLO,https://www.fpu.no,brreg,https://data.brreg.no/enhetsregisteret/oppslag/enheter/997476859,"ungdomslag,bygdelag",2026-04-28
HAUGALAND FREMSKRITTSPARTIETS UNGDOM,914961963,OSLO,Oslo,Karl Johans gate 25,0159,OSLO,https://fpu.no,brreg,https://data.brreg.no/enhetsregisteret/oppslag/enheter/914961963,"ungdomslag,bygdelag",2026-04-28
HEKTA - TROSOPPLÆRING FOR UNGDOM,898865762,OSLO,Oslo,Rådhusgata 1,0151,OSLO,https://HEKTA.NO,brreg,https://data.brreg.no/enhetsregisteret/oppslag/enheter/898865762,"ungdomslag,bygdelag",2026-04-28
HELGELAND FREMSKRITTSPARTIETS UNGDOM (FPU),934979311,OSLO,Oslo,Karl Johans gate 25,0159,OSLO,https://fpu.no,brreg,https://data.brreg.no/enhetsregisteret/oppslag/enheter/934979311,"ungdomslag,bygdelag",2026-04-28
HJELP UTEN GRENSER,925950033,OSLO,Oslo,"c/o Alex Ismail Öztürk, Sletteløkka 18B",0597,OSLO,,brreg,https://data.brreg.no/enhetsregisteret/oppslag/enheter/925950033,grendelag,2026-04-28
HOLMLIA BARNE OG UNGDOMSKOR,981407962,OSLO,Oslo,"c/o Randi Aass, Gamlelinja 11A",1254,OSLO,,brreg,https://data.brreg.no/enhetsregisteret/oppslag/enheter/981407962,ungdomslag,2026-04-28
HUMANISTISK UNGDOM,991837604,OSLO,Oslo,Storgata 8,0155,OSLO,https://humanistiskungdom.no,brreg,https://data.brreg.no/enhetsregisteret/oppslag/enheter/991837604,"ungdomslag,bygdelag",2026-04-28
"HUMANISTISK UNGDOM, OSLO LOKALLAG",812625152,OSLO,Oslo,Brugata 19,0186,OSLO,https://www.humanistiskungdom.no/oslo,brreg,https://data.brreg.no/enhetsregisteret/oppslag/enheter/812625152,"ungdomslag,bygdelag",2026-04-28
IDROTTSLAGET I BUL,969990091,OSLO,Oslo,Rosenkrantz' gate 8,0159,OSLO,https://www.bul.no/idrottslaget/,brreg,https://data.brreg.no/enhetsregisteret/oppslag/enheter/969990091,ungdomslag,2026-04-28
INFEKSJONSMEDISINSK VELFERDSFORENING ULLEVÅL (IVU),932206692,OSLO,Oslo,"c/o Ove Bøe-Fjogstad, Schultz' gate 15C",0365,OSLO,,brreg,https://data.brreg.no/enhetsregisteret/oppslag/enheter/932206692,ungdomslag,2026-04-28
INGENIØRER UTEN GRENSER NORGE,996548651,OSLO,Oslo,Møllergata 8,0179,OSLO,https://iug.no,brreg,https://data.brreg.no/enhetsregisteret/oppslag/enheter/996548651,grendelag,2026-04-28
INNLANDET FREMSKRITTSPARTIET UNGDOM (FPU),993131792,OSLO,Oslo,Karl Johans gate 25,0159,OSLO,https://fpu.no,brreg,https://data.brreg.no/enhetsregisteret/oppslag/enheter/993131792,"ungdomslag,bygdelag",2026-04-28
INNLANDET UNGDOM MOT EU,934416929,OSLO,Oslo,"c/o Ungdom mot EU, Grønlandsleiret 31",0190,OSLO,,brreg,https://data.brreg.no/enhetsregisteret/oppslag/enheter/934416929,"ungdomslag,bygdelag",2026-04-28
INNVANDRERE BARN OG UNGDOM (IBU),994357980,OSLO,Oslo,"c/o Mohamed Abdirazak Mohamed, Storgata 83",0182,OSLO,,brreg,https://data.brreg.no/enhetsregisteret/oppslag/enheter/994357980,"ungdomslag,bygdelag",2026-04-28
IRN UNGDOM,933903702,OSLO,Oslo,Åkebergveien 30,0650,OSLO,,brreg,https://data.brreg.no/enhetsregisteret/oppslag/enheter/933903702,"ungdomslag,bygdelag",2026-04-28
ISMG UNGDOM,916498853,OSLO,Oslo,Tvetenveien 152,0671,OSLO,,brreg,https://data.brreg.no/enhetsregisteret/oppslag/enheter/916498853,"ungdomslag,bygdelag",2026-04-28
JAMIAH BAAB UL ILM,996074234,OSLO,Oslo,Jorines vei 27,0980,OSLO,,brreg,https://data.brreg.no/enhetsregisteret/oppslag/enheter/996074234,ungdomslag,2026-04-28
JAMIS UNGDOM,935205190,OSLO,Oslo,Tokerudberget 27,0986,OSLO,,brreg,https://data.brreg.no/enhetsregisteret/oppslag/enheter/935205190,"ungdomslag,bygdelag",2026-04-28
JØDISK UNGDOMSFORENING,932591006,OSLO,Oslo,"c/o Simon Ingebrigt Golombek, Flesåstunet 11",0860,OSLO,,brreg,https://data.brreg.no/enhetsregisteret/oppslag/enheter/932591006,ungdomslag,2026-04-28
KAMPEN BARNE OG UNGDOMSTEATER,984231172,OSLO,Oslo,"c/o Marte Reinsborg Kristoffersen, Malerhaugveien 3",0661,OSLO,https://www.kampenbarneteater.no,brreg,https://data.brreg.no/enhetsregisteret/oppslag/enheter/984231172,ungdomslag,2026-04-28
KI UNGDOM,933438317,OSLO,Oslo,"c/o Ronit Batra, Bekkevollveien 12G",1087,OSLO,,brreg,https://data.brreg.no/enhetsregisteret/oppslag/enheter/933438317,"ungdomslag,bygdelag",2026-04-28
"KONGSBERG, SIGDAL OG OMEGN FREMMSKRITTSPARTIETS UNGDOM (FPU)",932969076,OSLO,Oslo,Karl Johans gate 25,0159,OSLO,,brreg,https://data.brreg.no/enhetsregisteret/oppslag/enheter/932969076,"ungdomslag,bygdelag",2026-04-28
KRISTELIG FOLKEPARTIS UNGDOM,992329211,OSLO,Oslo,Nedre Vollgate 5,0158,OSLO,https://www.krfu.no,brreg,https://data.brreg.no/enhetsregisteret/oppslag/enheter/992329211,"ungdomslag,bygdelag",2026-04-28
KRISTIANSAND FREMSKRITTSPARTIETS UNGDOM (FPU),992017104,OSLO,Oslo,"c/o Fremskrittspartiets Ungdom, Karl Johans gate 25",0159,OSLO,https://fpu.no,brreg,https://data.brreg.no/enhetsregisteret/oppslag/enheter/992017104,"ungdomslag,bygdelag",2026-04-28
KULTUR UTEN GRENSER,993025909,OSLO,Oslo,Grønliveien 43,1056,OSLO,https://www.kulturutengrenser.org,brreg,https://data.brreg.no/enhetsregisteret/oppslag/enheter/993025909,grendelag,2026-04-28
"KVINNER KAN, UNGDOM VIL",929635787,OSLO,Oslo,Aslakveien 14E,0753,OSLO,,brreg,https://data.brreg.no/enhetsregisteret/oppslag/enheter/929635787,"ungdomslag,bygdelag",2026-04-28
LAMBERTSETER UNGDOMSKORPS,981328043,OSLO,Oslo,Lambertseter,1101,OSLO,https://www.luk.no,brreg,https://data.brreg.no/enhetsregisteret/oppslag/enheter/981328043,ungdomslag,2026-04-28
LEGER UTEN GRENSER NORGE MEDECINS SANS FRONTIERES NORWAY,977097495,OSLO,Oslo,Hausmanns gate 6,0186,OSLO,https://www.legerutengrenser.no,brreg,https://data.brreg.no/enhetsregisteret/oppslag/enheter/977097495,grendelag,2026-04-28
LEIKARRINGEN I BONDEUNGDOMSLAGET I OSLO,929510445,OSLO,Oslo,Rosenkrantz' gate 8,0159,OSLO,https://bul.no/leikarringen/,brreg,https://data.brreg.no/enhetsregisteret/oppslag/enheter/929510445,ungdomslag,2026-04-28
LIBERALISTISK UNGDOM INNLANDET,930975737,OSLO,Oslo,Selma Ellefsens vei 2,0581,OSLO,,brreg,https://data.brreg.no/enhetsregisteret/oppslag/enheter/930975737,"ungdomslag,bygdelag",2026-04-28
LIBERALISTISK UNGDOM NORDLAND,830975632,OSLO,Oslo,Selma Ellefsens vei 2,0581,OSLO,,brreg,https://data.brreg.no/enhetsregisteret/oppslag/enheter/830975632,"ungdomslag,bygdelag",2026-04-28
LIBERALISTISK UNGDOM OSLO,818348622,OSLO,Oslo,Selma Ellefsens vei 2,0581,OSLO,https://libung.no,brreg,https://data.brreg.no/enhetsregisteret/oppslag/enheter/818348622,"ungdomslag,bygdelag",2026-04-28
LIBERALISTISK UNGDOM VESTFOLD OG TELEMARK,918437096,OSLO,Oslo,"c/o Jørgen Veisanen Karlsen, Lønnhaugen allé 4",0374,OSLO,https://www.libung.no,brreg,https://data.brreg.no/enhetsregisteret/oppslag/enheter/918437096,"ungdomslag,bygdelag",2026-04-28
LIER FREMSKRITTSPARTIETS UNGDOM (FPU),931006606,OSLO,Oslo,Karl Johans gate 25,0159,OSLO,https://fpu.no,brreg,https://data.brreg.no/enhetsregisteret/oppslag/enheter/931006606,"ungdomslag,bygdelag",2026-04-28
LIONS CLUB OSLO - BYGDØY,983977189,OSLO,Oslo,Strømsborgveien 59,0287,OSLO,,brreg,https://data.brreg.no/enhetsregisteret/oppslag/enheter/983977189,bygdelag,2026-04-28
LISTER FREMSKRITTSPARTIETS UNGDOM (FPU),925504718,OSLO,Oslo,Karl Johans gate 25,0159,OSLO,https://agder.fpu.no,brreg,https://data.brreg.no/enhetsregisteret/oppslag/enheter/925504718,"ungdomslag,bygdelag",2026-04-28
LIVSMESTRING MED UNGDOM I FOKUS,933909204,OSLO,Oslo,Kantarellen terrasse 15,1286,OSLO,,brreg,https://data.brreg.no/enhetsregisteret/oppslag/enheter/933909204,"ungdomslag,bygdelag",2026-04-28
LONGSHIP GROUP 41.OSLO ULLEVÅL SPEIDERGRUPPE,989338366,OSLO,Oslo,Vestgrensa 15,0851,OSLO,https://www.longship.org,brreg,https://data.brreg.no/enhetsregisteret/oppslag/enheter/989338366,ungdomslag,2026-04-28
MADINA UNGDOM,934953797,OSLO,Oslo,Hagelundveien 2B,0963,OSLO,,brreg,https://data.brreg.no/enhetsregisteret/oppslag/enheter/934953797,"ungdomslag,bygdelag",2026-04-28
MAJLISUL ULAMA NORWAY,993793337,OSLO,Oslo,Trondheimsveien 163,0570,OSLO,,brreg,https://data.brreg.no/enhetsregisteret/oppslag/enheter/993793337,ungdomslag,2026-04-28
MAJORSTUEN BARNE OG UNGDOMSKOR,992591293,OSLO,Oslo,"c/o Fagerborg skole, Pilestredet 109",0358,OSLO,https://www.mbuk.no,brreg,https://data.brreg.no/enhetsregisteret/oppslag/enheter/992591293,ungdomslag,2026-04-28
MARIENLYST OG ULLEVÅL SKOLEORKESTER,875434012,OSLO,Oslo,Hartmanns vei 25B,0284,OSLO,https://www.muso.no,brreg,https://data.brreg.no/enhetsregisteret/oppslag/enheter/875434012,ungdomslag,2026-04-28
MARIENLYST OG ULLEVÅL SMÅSTRYKERE,984807430,OSLO,Oslo,"c/o Lars Schrader Kristiansen, Tyrihansveien 28",0851,OSLO,https://www.smastrykerne.no,brreg,https://data.brreg.no/enhetsregisteret/oppslag/enheter/984807430,ungdomslag,2026-04-28
MARIENLYST UNGDOMSSKOLE KLASSETUR -KLASSE D,920995667,OSLO,Oslo,Blindernveien 12,0361,OSLO,,brreg,https://data.brreg.no/enhetsregisteret/oppslag/enheter/920995667,ungdomslag,2026-04-28
MARKAZ-UL-MUSLIMEEN,913492625,OSLO,Oslo,Ole Brumms vei 7,0979,OSLO,,brreg,https://data.brreg.no/enhetsregisteret/oppslag/enheter/913492625,ungdomslag,2026-04-28
MENTAL HELSE UNGDOM,991267360,OSLO,Oslo,Prinsens gate 5,0152,OSLO,https://www.mhu.no,brreg,https://data.brreg.no/enhetsregisteret/oppslag/enheter/991267360,"ungdomslag,bygdelag",2026-04-28
MENTAL HELSE UNGDOM OSLO,991866191,OSLO,Oslo,Dronningens gate 17,0154,OSLO,https://www.facebook.com/MentalHelseUngdomOslo/?locale=nb_NO,brreg,https://data.brreg.no/enhetsregisteret/oppslag/enheter/991866191,"ungdomslag,bygdelag",2026-04-28
MIDT TROMS UNGDOM MOT EU,832386022,OSLO,Oslo,"c/o Ungdom mot EU, Schweigaards gate 34B",0191,OSLO,,brreg,https://data.brreg.no/enhetsregisteret/oppslag/enheter/832386022,"ungdomslag,bygdelag",2026-04-28
MIDT-TROMS FREMSKRITTSPARTIETS UNGDOM (FPU),995499495,OSLO,Oslo,Karl Johans gate 25,0159,OSLO,https://www.fpu.no,brreg,https://data.brreg.no/enhetsregisteret/oppslag/enheter/995499495,"ungdomslag,bygdelag",2026-04-28
MINHAJ UL QURAN INTERNATIONAL NORWAY,971280301,OSLO,Oslo,Enebakkveien 36B,0657,OSLO,https://www.minhaj.no,brreg,https://data.brreg.no/enhetsregisteret/oppslag/enheter/971280301,ungdomslag,2026-04-28
MINHAJ UNGDOM,992134518,OSLO,Oslo,Enebakkveien 36B,0657,OSLO,https://www.minhajungdom.no,brreg,https://data.brreg.no/enhetsregisteret/oppslag/enheter/992134518,"ungdomslag,bygdelag",2026-04-28
MOSS OG OMEGN FREMSKRITTSPARTIETS UNGDOM (FPU),995324571,OSLO,Oslo,Karl Johans gate 25,0159,OSLO,https://FpU.no,brreg,https://data.brreg.no/enhetsregisteret/oppslag/enheter/995324571,"ungdomslag,bygdelag",2026-04-28
MØDRE UTEN GRENSER,924763434,OSLO,Oslo,"c/o Fam M Irvoll, Tromsøgata 13B",0565,OSLO,,brreg,https://data.brreg.no/enhetsregisteret/oppslag/enheter/924763434,grendelag,2026-04-28
MØLLAREN UNGDOMSKLUBB,919785330,OSLO,Oslo,"c/o Espen Tveitevåg, Haslekroken 7B",0575,OSLO,,brreg,https://data.brreg.no/enhetsregisteret/oppslag/enheter/919785330,ungdomslag,2026-04-28
MØRE OG ROMSDAL FREMSKRITTSPARTIETS UNGDOM (FPU),993900052,OSLO,Oslo,Karl Johans gate 25,0159,OSLO,https://fpu.no,brreg,https://data.brreg.no/enhetsregisteret/oppslag/enheter/993900052,"ungdomslag,bygdelag",2026-04-28
NARVIK FREMSKRITTSPARTIETS UNGDOM (FPU),934971612,OSLO,Oslo,Karl Johans gate 25,0159,OSLO,https://fpu.no,brreg,https://data.brreg.no/enhetsregisteret/oppslag/enheter/934971612,"ungdomslag,bygdelag",2026-04-28
NATUR OG UNGDOM,970261451,OSLO,Oslo,Myrens verksted 3C,0476,OSLO,https://www.nu.no,brreg,https://data.brreg.no/enhetsregisteret/oppslag/enheter/970261451,"ungdomslag,bygdelag",2026-04-28
NEDRE GLOMMA FREMSKRITTSPARTIETS UNGDOM (FPU),930994650,OSLO,Oslo,Karl Johans gate 25,0159,OSLO,https://fpu.no,brreg,https://data.brreg.no/enhetsregisteret/oppslag/enheter/930994650,"ungdomslag,bygdelag",2026-04-28
NEDRE ROMERIKE FREMSKRITTSPARTIETS UNGDOM (FPU),927790149,OSLO,Oslo,Karl Johans gate 25,0159,OSLO,https://fpu.no,brreg,https://data.brreg.no/enhetsregisteret/oppslag/enheter/927790149,"ungdomslag,bygdelag",2026-04-28
NFU ULLERN LOKALLAG,923303138,OSLO,Oslo,"c/o Helene Knævelsrud, Jarlsborgveien 1D",0377,OSLO,,brreg,https://data.brreg.no/enhetsregisteret/oppslag/enheter/923303138,ungdomslag,2026-04-28
NORDBERG STRYKEORKESTER UNGDOMSORKESTER,928576310,OSLO,Oslo,"c/o Anders Aardal, Hansemyrveien 10",0880,OSLO,,brreg,https://data.brreg.no/enhetsregisteret/oppslag/enheter/928576310,ungdomslag,2026-04-28
NORDBERG TÅSEN ULLEVÅL HISTORIELAG,997605411,OSLO,Oslo,Postboks 11   Tåsen,0801,OSLO,https://www.sognhistorielag.no,brreg,https://data.brreg.no/enhetsregisteret/oppslag/enheter/997605411,ungdomslag,2026-04-28
NORDLAND FREMSKRITTSPARTIETS UNGDOM (FPU),994665596,OSLO,Oslo,"c/o Fremskrittspartiets Ungdom, Karl Johans gate 25",0159,OSLO,https://fpu.no,brreg,https://data.brreg.no/enhetsregisteret/oppslag/enheter/994665596,"ungdomslag,bygdelag",2026-04-28
NORDMØRE OG ROMSDAL FREMSKRITTSPARTIETS UNGDOM,921981414,OSLO,Oslo,Karl Johans gate 25,0159,OSLO,https://fpu.no,brreg,https://data.brreg.no/enhetsregisteret/oppslag/enheter/921981414,"ungdomslag,bygdelag",2026-04-28
NORDSTRAND SJAKKLUBBS UNGDOM,980617319,OSLO,Oslo,"c/o Espen Løken, Seterveien 9E",1162,OSLO,https://nsku.no,brreg,https://data.brreg.no/enhetsregisteret/oppslag/enheter/980617319,"ungdomslag,bygdelag",2026-04-28
NORDSTRAND UNGDOMSSYMFONIORKESTER,971549335,OSLO,Oslo,"c/o Torunn Salomonsen Holmberg, Ingiers vei 16",1167,OSLO,https://nosus.no,brreg,https://data.brreg.no/enhetsregisteret/oppslag/enheter/971549335,ungdomslag,2026-04-28
NOREGS UNGDOMSLAG,939550550,OSLO,Oslo,Øvre Slottsgate 2B,0157,OSLO,https://www.ungdomslag.no,brreg,https://data.brreg.no/enhetsregisteret/oppslag/enheter/939550550,ungdomslag,2026-04-28
NORGES ASERBAJDSJANSKE UNGDOMSFORENING - NAYO,991986758,OSLO,Oslo,Tvetenveien 32,0666,OSLO,https://www.nayo.no,brreg,https://data.brreg.no/enhetsregisteret/oppslag/enheter/991986758,ungdomslag,2026-04-28
NORGES BLINDEFORBUNDS UNGDOM,985277745,OSLO,Oslo,Sporveisgata 10,0354,OSLO,https://www.nbfu.no,brreg,https://data.brreg.no/enhetsregisteret/oppslag/enheter/985277745,"ungdomslag,bygdelag",2026-04-28
NORGES BLINDEFORBUNDS UNGDOM REGION HEDMARK OG OPPLAND,990471517,OSLO,Oslo,Sporveisgata 10,0354,OSLO,https://blindeforbundet.no,brreg,https://data.brreg.no/enhetsregisteret/oppslag/enheter/990471517,"ungdomslag,bygdelag",2026-04-28
NORGES BLINDEFORBUNDS UNGDOM REGION MIDT,998728991,OSLO,Oslo,Postboks 5900 Majorstuen,0308,OSLO,,brreg,https://data.brreg.no/enhetsregisteret/oppslag/enheter/998728991,"ungdomslag,bygdelag",2026-04-28
NORGES BLINDEFORBUNDS UNGDOM REGION NORD,917613729,OSLO,Oslo,Sporveisgata 10,0354,OSLO,,brreg,https://data.brreg.no/enhetsregisteret/oppslag/enheter/917613729,"ungdomslag,bygdelag",2026-04-28
NORGES BLINDEFORBUNDS UNGDOM REGION SØR,926172174,OSLO,Oslo,Sporveisgata 10,0354,OSLO,https://www.nbfu.no/,brreg,https://data.brreg.no/enhetsregisteret/oppslag/enheter/926172174,"ungdomslag,bygdelag",2026-04-28
NORGES BLINDEFORBUNDS UNGDOM REGION ØST,995509458,OSLO,Oslo,Postboks 5900 Majorstuen,0308,OSLO,https://www.nbfu.no,brreg,https://data.brreg.no/enhetsregisteret/oppslag/enheter/995509458,"ungdomslag,bygdelag",2026-04-28
NORGES BYGDEKVINNELAG,940590310,OSLO,Oslo,Hollendergata 5,0190,OSLO,https://www.bygdekvinnelaget.no,brreg,https://data.brreg.no/enhetsregisteret/oppslag/enheter/940590310,bygdelag,2026-04-28
NORGES DØVEFORBUNDS UNGDOM,955337123,OSLO,Oslo,Grensen 9,0159,OSLO,https://www.ndfu.no,brreg,https://data.brreg.no/enhetsregisteret/oppslag/enheter/955337123,"ungdomslag,bygdelag",2026-04-28
NORGES HANDIKAPFORBUND (NHF) ULLERN,996889319,OSLO,Oslo,"c/o Rolf Eie, Ove Kristiansens vei 13A",0751,OSLO,,brreg,https://data.brreg.no/enhetsregisteret/oppslag/enheter/996889319,ungdomslag,2026-04-28
NORGES HANDIKAPFORBUND UNGDOM ØST,990338728,OSLO,Oslo,"c/o NHF Øst, Postboks 9219 Grønland",0134,OSLO,,brreg,https://data.brreg.no/enhetsregisteret/oppslag/enheter/990338728,"ungdomslag,bygdelag",2026-04-28
NORGES HANDIKAPFORBUNDS UNGDOM,971527641,OSLO,Oslo,Schweigaards gate 12,0185,OSLO,,brreg,https://data.brreg.no/enhetsregisteret/oppslag/enheter/971527641,"ungdomslag,bygdelag",2026-04-28
NORGES HANDIKAPFORBUNDS UNGDOM OSLO,995562618,OSLO,Oslo,"NHFU Oslo, Schweigaards gate 12",0185,OSLO,,brreg,https://data.brreg.no/enhetsregisteret/oppslag/enheter/995562618,"ungdomslag,bygdelag",2026-04-28
NORSK CØLIAKIFORENINGS UNGDOM,986066322,OSLO,Oslo,Torggata 10,0181,OSLO,https://www.ncfu.no,brreg,https://data.brreg.no/enhetsregisteret/oppslag/enheter/986066322,"ungdomslag,bygdelag",2026-04-28
NORSK EPILEPSIFORBUNDS UNGDOM,985454906,OSLO,Oslo,Karl Johans gate 7,0154,OSLO,https://www.nefu.no,brreg,https://data.brreg.no/enhetsregisteret/oppslag/enheter/985454906,"ungdomslag,bygdelag",2026-04-28
NORSK UNGDOMSBRASSBAND,935920191,OSLO,Oslo,"c/o Anne Gunn Grimerud, Mor Go'hjertas vei 17",0469,OSLO,,brreg,https://data.brreg.no/enhetsregisteret/oppslag/enheter/935920191,ungdomslag,2026-04-28
NORSK-SOMALISK-UNGDOM,923268618,OSLO,Oslo,"c/o Adnan Abdulle Mohamed, Ullevålsalléen 2E",0850,OSLO,,brreg,https://data.brreg.no/enhetsregisteret/oppslag/enheter/923268618,"ungdomslag,bygdelag",2026-04-28
NORSKE BARNE- OG UNGDOMSBOK- FORFATTERE,971439580,OSLO,Oslo,Kronprinsens gate 17,0251,OSLO,https://www.nbuforfattere.no,brreg,https://data.brreg.no/enhetsregisteret/oppslag/enheter/971439580,ungdomslag,2026-04-28
OPPLYST UNGDOM,914935105,OSLO,Oslo,Jens Bjelkes gate 60,0652,OSLO,,brreg,https://data.brreg.no/enhetsregisteret/oppslag/enheter/914935105,"ungdomslag,bygdelag",2026-04-28
ORLAUG L. MERKESDALS LEGAT STI,919874864,OSLO,Oslo,"c/o UNIFOR, Postboks 1131 Blindern",0317,OSLO,,brreg,https://data.brreg.no/enhetsregisteret/oppslag/enheter/919874864,ungdomslag,2026-04-28
OSLO BYGDEKVINNELAG,994025015,OSLO,Oslo,Tollbugata 32,0157,OSLO,https://www.bygdekvinnelaget.no,brreg,https://data.brreg.no/enhetsregisteret/oppslag/enheter/994025015,bygdelag,2026-04-28
OSLO DOMKIRKES UNGDOMSKOR,976055926,OSLO,Oslo,Stortorvet 1,0155,OSLO,https://www.oslodomkirkesungdomskor.no,brreg,https://data.brreg.no/enhetsregisteret/oppslag/enheter/976055926,ungdomslag,2026-04-28
OSLO FREMSKRITTSPARTIETS UNGDOM (FPU),981527755,OSLO,Oslo,Karl Johans gate 25,0159,OSLO,https://oslo.fpu.no,brreg,https://data.brreg.no/enhetsregisteret/oppslag/enheter/981527755,"ungdomslag,bygdelag",2026-04-28
OSLO NATUR OG UNGDOM,974338424,OSLO,Oslo,Myrens verksted 3C,0476,OSLO,https://nu.no/lokallag/oslo,brreg,https://data.brreg.no/enhetsregisteret/oppslag/enheter/974338424,"ungdomslag,bygdelag",2026-04-28
OSLO RØD UNGDOM,914526779,OSLO,Oslo,Storgata 33,0184,OSLO,https://www.rødungdom.no,brreg,https://data.brreg.no/enhetsregisteret/oppslag/enheter/914526779,"ungdomslag,bygdelag",2026-04-28
OSLO RØD UNGDOM STUDENT OG ARBEIDERLAG,934665554,OSLO,Oslo,Storgata 33,0184,OSLO,,brreg,https://data.brreg.no/enhetsregisteret/oppslag/enheter/934665554,"ungdomslag,bygdelag",2026-04-28
OSLO SCHAKSELSKAPS UNGDOM,980134822,OSLO,Oslo,Bogstadveien 30B,0355,OSLO,https://www.ossu.no/,brreg,https://data.brreg.no/enhetsregisteret/oppslag/enheter/980134822,"ungdomslag,bygdelag",2026-04-28
OSLO SJAKKRETS UNGDOM,977032180,OSLO,Oslo,"v/Arne-Birger Lund, Sars' gate 72",0564,OSLO,,brreg,https://data.brreg.no/enhetsregisteret/oppslag/enheter/977032180,"ungdomslag,bygdelag",2026-04-28
OSLO UNGDOMSMUSIKK,929119991,OSLO,Oslo,Lillevannsveien 14,0788,OSLO,,brreg,https://data.brreg.no/enhetsregisteret/oppslag/enheter/929119991,ungdomslag,2026-04-28
OSLO VEST FREMSKRITTSPARTIETS UNGDOM (FPU),989386999,OSLO,Oslo,Karl Johans gate 25,0159,OSLO,https://fpu.no,brreg,https://data.brreg.no/enhetsregisteret/oppslag/enheter/989386999,"ungdomslag,bygdelag",2026-04-28
OSLO ØST FREMSKRITTSPARTIETS UNGDOM (FPU),987780681,OSLO,Oslo,Karl Johans gate 25,0159,OSLO,https://fpu.no,brreg,https://data.brreg.no/enhetsregisteret/oppslag/enheter/987780681,"ungdomslag,bygdelag",2026-04-28
OYAO OROMO UNGDOMSFORENING I OSLO,920892817,OSLO,Oslo,Ravnkollbakken 20,0971,OSLO,,brreg,https://data.brreg.no/enhetsregisteret/oppslag/enheter/920892817,ungdomslag,2026-04-28
PRESS - REDD BARNA UNGDOM,881408112,OSLO,Oslo,Bøkkerveien 2,0579,OSLO,https://www.press.no,brreg,https://data.brreg.no/enhetsregisteret/oppslag/enheter/881408112,"ungdomslag,bygdelag",2026-04-28
PSYKOLOGISTUDENTER UTEN GRENSER OSLO,917791473,OSLO,Oslo,"Harald Schjelderups hus, Forskningsveien 3A",0373,OSLO,,brreg,https://data.brreg.no/enhetsregisteret/oppslag/enheter/917791473,grendelag,2026-04-28
REDD ULLEVÅL SYKEHUS,920907091,OSLO,Oslo,"c/o Lene Christine Sundfær Haug, Waldemar Thranes gate 62D",0173,OSLO,,brreg,https://data.brreg.no/enhetsregisteret/oppslag/enheter/920907091,ungdomslag,2026-04-28
RINGERIKE OG HADELAND FREMSKRITTSPARTIETS UNGDOM,915280056,OSLO,Oslo,"c/o Fremskrittspartiets Ungdom, Karl Johans gate 25",0159,OSLO,https://fpu.no,brreg,https://data.brreg.no/enhetsregisteret/oppslag/enheter/915280056,"ungdomslag,bygdelag",2026-04-28
ROGALAND EUROPEISK UNGDOM,997522176,OSLO,Oslo,"Europeisk Ungdom, Prinsens gate 2",0152,OSLO,https://www.europeiskungdom.no/rogaland,brreg,https://data.brreg.no/enhetsregisteret/oppslag/enheter/997522176,"ungdomslag,bygdelag",2026-04-28
ROGALAND FREMSKRITSPRATIETS UNGDOM (FPU),992353457,OSLO,Oslo,Karl Johans gate 25,0159,OSLO,https://rogaland.fpu.no,brreg,https://data.brreg.no/enhetsregisteret/oppslag/enheter/992353457,"ungdomslag,bygdelag",2026-04-28
ROGALAND UNGDOM MOT EU,931791001,OSLO,Oslo,Schweigaards gate 34B,0191,OSLO,,brreg,https://data.brreg.no/enhetsregisteret/oppslag/enheter/931791001,"ungdomslag,bygdelag",2026-04-28
RØD UNGDOM,975507033,OSLO,Oslo,Storgata 33,0184,OSLO,https://www.rødungdom.no,brreg,https://data.brreg.no/enhetsregisteret/oppslag/enheter/975507033,"ungdomslag,bygdelag",2026-04-28
SALANGAI NARTHANALAYAM TAMILSK DANSE GRUPPE FOR BARN OG UNGDOM,993389862,OSLO,Oslo,Morells vei 7,0487,OSLO,,brreg,https://data.brreg.no/enhetsregisteret/oppslag/enheter/993389862,"ungdomslag,bygdelag",2026-04-28
SAMFUNNSSTIFTELSEN UNGDOM MOT VOLD,985648069,OSLO,Oslo,Torggata 10,0181,OSLO,https://www.umv.no,brreg,https://data.brreg.no/enhetsregisteret/oppslag/enheter/985648069,"ungdomslag,bygdelag",2026-04-28
SANDEFJORD OG LARVIK FREMSKRITTSPARTIETS UNGDOM (FPU),997559738,OSLO,Oslo,Karl Johans gate 25,0159,OSLO,https://fpu.no,brreg,https://data.brreg.no/enhetsregisteret/oppslag/enheter/997559738,"ungdomslag,bygdelag",2026-04-28
SANDNES OG JÆREN FREMSKRITTSPARTIETS UNGDOM,993336874,OSLO,Oslo,"c/o Fremskrittspartiets Ungdom, Karl Johans gate 25",0159,OSLO,https://fpu.no,brreg,https://data.brreg.no/enhetsregisteret/oppslag/enheter/993336874,"ungdomslag,bygdelag",2026-04-28
SENTER FOR FLERKULTURELL UNGDOM,992116102,OSLO,Oslo,Pottemakerveien 4,0954,OSLO,https://www.sffu.no,brreg,https://data.brreg.no/enhetsregisteret/oppslag/enheter/992116102,"ungdomslag,bygdelag",2026-04-28
SENTER FOR FLERKULTURELL UNGDOM I LØKKA,998254620,OSLO,Oslo,Sverdrups gate 5A,0559,OSLO,,brreg,https://data.brreg.no/enhetsregisteret/oppslag/enheter/998254620,"ungdomslag,bygdelag",2026-04-28
SENTER FOR FLERKULTURELL UNGDOM I OSLO,996877396,OSLO,Oslo,Pottemakerveien 4,0954,OSLO,https://www.sffu.no,brreg,https://data.brreg.no/enhetsregisteret/oppslag/enheter/996877396,"ungdomslag,bygdelag",2026-04-28
SENTER FOR FRIVILLIG UNGDOM (SFU),997021002,OSLO,Oslo,Drøbakgata 1,0463,OSLO,https://www.sfu-sagene.no,brreg,https://data.brreg.no/enhetsregisteret/oppslag/enheter/997021002,"ungdomslag,bygdelag",2026-04-28
SINSEN UNGDOMSKORPS,976031822,OSLO,Oslo,Lørenveien 7,0585,OSLO,,brreg,https://data.brreg.no/enhetsregisteret/oppslag/enheter/976031822,ungdomslag,2026-04-28
SJAKKLUBBEN KAMPEN PÅ BRETTETS UNGDOM,993306932,OSLO,Oslo,Bøgata 21,0655,OSLO,https://sites.google.com/site/sjakklubbenkampenpaabrettet/home,brreg,https://data.brreg.no/enhetsregisteret/oppslag/enheter/993306932,"ungdomslag,bygdelag",2026-04-28
SKEIV UNGDOM,987184086,OSLO,Oslo,Mariboes gate 13,0183,OSLO,https://www.skeivungdom.no,brreg,https://data.brreg.no/enhetsregisteret/oppslag/enheter/987184086,"ungdomslag,bygdelag",2026-04-28
SKEIV UNGDOM OSLO OG VIKEN,996865703,OSLO,Oslo,Mariboes gate 13,0183,OSLO,https://www.skeivungdom.no/lokallag/oslo/,brreg,https://data.brreg.no/enhetsregisteret/oppslag/enheter/996865703,"ungdomslag,bygdelag",2026-04-28
SKOLEHAGEFORENING I BYDEL GRORUD,923267352,OSLO,Oslo,"c/o Anne Galand, Vestbysvingen 14",0976,OSLO,,brreg,https://data.brreg.no/enhetsregisteret/oppslag/enheter/923267352,bygdelag,2026-04-28
SNU- SEKSUALPOLITISK NETTVERK FOR UNGDOM,915168809,OSLO,Oslo,Christian Krohgs gate 34,0186,OSLO,https://snuorg.no,brreg,https://data.brreg.no/enhetsregisteret/oppslag/enheter/915168809,"ungdomslag,bygdelag",2026-04-28
SOMALISK BARN OG UNGDOMSSENTER,921182406,OSLO,Oslo,Tøyenbekken 1,0188,OSLO,,brreg,https://data.brreg.no/enhetsregisteret/oppslag/enheter/921182406,ungdomslag,2026-04-28
SOMMERFRYDLØKKEN UNGDOMSKLUBB,818961162,OSLO,Oslo,Lindebergveien 13A,1069,OSLO,,brreg,https://data.brreg.no/enhetsregisteret/oppslag/enheter/818961162,ungdomslag,2026-04-28
SONGLAGET I BUL,911981149,OSLO,Oslo,Rosenkrantz' gate 8,0159,OSLO,,brreg,https://data.brreg.no/enhetsregisteret/oppslag/enheter/911981149,ungdomslag,2026-04-28
"SOSIALARBEIDERE UTEN GRENSER, NORGE",913706439,OSLO,Oslo,"c/o Startblokka, Østre Aker vei 90",0596,OSLO,https://www.sosialarbeidere.no,brreg,https://data.brreg.no/enhetsregisteret/oppslag/enheter/913706439,grendelag,2026-04-28
SOSIALISTISK UNGDOM,971524669,OSLO,Oslo,Møllergata 4,0179,OSLO,https://www.su.no,brreg,https://data.brreg.no/enhetsregisteret/oppslag/enheter/971524669,"ungdomslag,bygdelag",2026-04-28
ST HANSHAUGEN ULLEVÅL ARBEIDERPARTILAG,984061390,OSLO,Oslo,"c/o Oslo Arbeiderparti, 4. Etasje, Youngstorget 2",0181,OSLO,,brreg,https://data.brreg.no/enhetsregisteret/oppslag/enheter/984061390,ungdomslag,2026-04-28
ST. JOHANNES UNGDOMSKOR,917985421,OSLO,Oslo,Bredtvetveien 12,0950,OSLO,,brreg,https://data.brreg.no/enhetsregisteret/oppslag/enheter/917985421,ungdomslag,2026-04-28
STARTUP GRIND NORWAY,923213147,OSLO,Oslo,Christian Krohgs gate 1,0186,OSLO,https://www.startupgrind.com/oslo,brreg,https://data.brreg.no/enhetsregisteret/oppslag/enheter/923213147,grendelag,2026-04-28
STAVANGER FREMSKRITTSPARTIETS UNGDOM (FPU),992625880,OSLO,Oslo,Karl Johans gate 25,0159,OSLO,https://fpu.no,brreg,https://data.brreg.no/enhetsregisteret/oppslag/enheter/992625880,"ungdomslag,bygdelag",2026-04-28
STAVSET GRENDELAG,912377350,OSLO,Oslo,"c/o Kari Støren, Hovseterveien 98",0768,OSLO,,brreg,https://data.brreg.no/enhetsregisteret/oppslag/enheter/912377350,grendelag,2026-04-28
STIFTELSEN BYGDØ MONOLITTEN,891081502,OSLO,Oslo,"Bygdø Stadion, Bygdøyveien 20",0287,OSLO,https://www.bmil.no,brreg,https://data.brreg.no/enhetsregisteret/oppslag/enheter/891081502,bygdelag,2026-04-28
STIFTELSEN UNGDOMSSYMFONIKERNE - NORGES NASJONALE UNGDOMSORKESTER,975548937,OSLO,Oslo,"c/o Sentralen, Øvre Slottsgate 3",0157,OSLO,https://www.ungdomssymfonikerne.no,brreg,https://data.brreg.no/enhetsregisteret/oppslag/enheter/975548937,ungdomslag,2026-04-28
STOVNER FLERKULTURELL UNGDOM,989036955,OSLO,Oslo,Tante Ulrikkes vei 5,0984,OSLO,https://www.facebook.com/StovnerSU,brreg,https://data.brreg.no/enhetsregisteret/oppslag/enheter/989036955,"ungdomslag,bygdelag",2026-04-28
STØTTE UTEN GRENSER,919191929,OSLO,Oslo,"c/o Wisam Karim Husayn Alazawi, Ragnhild Schibbyes vei 15",0968,OSLO,https://www.sugnorge.no,brreg,https://data.brreg.no/enhetsregisteret/oppslag/enheter/919191929,grendelag,2026-04-28
SUNNMØRE FREMSKRITTSPARTIETS UNGDOM (FPU),922145431,OSLO,Oslo,Karl Johans gate 25,0159,OSLO,https://fpu.no,brreg,https://data.brreg.no/enhetsregisteret/oppslag/enheter/922145431,"ungdomslag,bygdelag",2026-04-28
SY VERKSTED FOR UNGDOMMER I OSLO,818870922,OSLO,Oslo,"c/o Anthony Sesay, Åkebergveien 50C",0650,OSLO,,brreg,https://data.brreg.no/enhetsregisteret/oppslag/enheter/818870922,ungdomslag,2026-04-28
SØNDRE NORDSTRAND BARNE- OG UNGDOMSSENTER,920704360,OSLO,Oslo,Prinsdalsfaret 1H,1262,OSLO,,brreg,https://data.brreg.no/enhetsregisteret/oppslag/enheter/920704360,ungdomslag,2026-04-28
SØNDRE NORDSTRAND UNGDOMSAKADEMI (SNU),919435194,OSLO,Oslo,"c/o Ednan Mohammad, Åslandkroken 25",1274,OSLO,,brreg,https://data.brreg.no/enhetsregisteret/oppslag/enheter/919435194,ungdomslag,2026-04-28
SØR-VARANGER OG OMEGN FREMSKRITTSPARTIETS UNGDOM (FPU),929101952,OSLO,Oslo,Karl Johans gate 25,0159,OSLO,https://fpu.no,brreg,https://data.brreg.no/enhetsregisteret/oppslag/enheter/929101952,"ungdomslag,bygdelag",2026-04-28
T-TOWN UNGDOMMER,917866155,OSLO,Oslo,"c/o Uzma Hussain, Jens Bjelkes gate 82F",0652,OSLO,,brreg,https://data.brreg.no/enhetsregisteret/oppslag/enheter/917866155,ungdomslag,2026-04-28
TAMILSK BARN OG UNGDOM IDRETTSKLUBB,998442613,OSLO,Oslo,Nedre Rommen 3,0988,OSLO,,brreg,https://data.brreg.no/enhetsregisteret/oppslag/enheter/998442613,"ungdomslag,bygdelag",2026-04-28
TANNHELSESTUDENTER UTEN GRENSER - UIO,824714002,OSLO,Oslo,Geitmyrsveien 71,0455,OSLO,,brreg,https://data.brreg.no/enhetsregisteret/oppslag/enheter/824714002,grendelag,2026-04-28
TEATERLAGET I BONDEUNGDOMSLAGET I OSLO,828941062,OSLO,Oslo,Rosenkrantz' gate 8,0159,OSLO,https://www.bul.no,brreg,https://data.brreg.no/enhetsregisteret/oppslag/enheter/828941062,ungdomslag,2026-04-28
TELEMARK FREMSKRITTSPARTIETS UNGDOM (FPU),932814552,OSLO,Oslo,Karl Johans gate 25,0159,OSLO,https://fpu.no,brreg,https://data.brreg.no/enhetsregisteret/oppslag/enheter/932814552,"ungdomslag,bygdelag",2026-04-28
THE GREAT PRETENDERS UNGDOMSTEATER,993601683,OSLO,Oslo,Beverveien 13,0596,OSLO,,brreg,https://data.brreg.no/enhetsregisteret/oppslag/enheter/993601683,ungdomslag,2026-04-28
TIBET-KOMITEENS UNGDOMSLAG,820559932,OSLO,Oslo,Kolstadgata 1,0652,OSLO,,brreg,https://data.brreg.no/enhetsregisteret/oppslag/enheter/820559932,ungdomslag,2026-04-28
TROMS FREMSKRITTSPARTIETS UNGDOM (FPU),933276988,OSLO,Oslo,Karl Johans gate 25,0159,OSLO,https://fpu.no,brreg,https://data.brreg.no/enhetsregisteret/oppslag/enheter/933276988,"ungdomslag,bygdelag",2026-04-28
TROMSØ OG OMEGN FREMSKRITTSPARTIETS UNGDOM,924436492,OSLO,Oslo,"c/o Fremskrittspartiets Ungdom, Karl Johans gate 25",0159,OSLO,https://www.fpu.no,brreg,https://data.brreg.no/enhetsregisteret/oppslag/enheter/924436492,"ungdomslag,bygdelag",2026-04-28
TROMSØ UNGDOM MOT EU,934593820,OSLO,Oslo,Grønlandsleiret 31,0190,OSLO,https://umeu.no,brreg,https://data.brreg.no/enhetsregisteret/oppslag/enheter/934593820,"ungdomslag,bygdelag",2026-04-28
TRONDHEIM FREMSKRITTSPARTIETS UNGDOM (FPU),992604409,OSLO,Oslo,Karl Johans gate 25,0159,OSLO,https://fpu.no,brreg,https://data.brreg.no/enhetsregisteret/oppslag/enheter/992604409,"ungdomslag,bygdelag",2026-04-28
TRYGGERE UNGDOM,921411391,OSLO,Oslo,Lilletorget 1,0184,OSLO,https://tryggereungdom.no,brreg,https://data.brreg.no/enhetsregisteret/oppslag/enheter/921411391,"ungdomslag,bygdelag",2026-04-28
TRYGGERE UNGDOM OSLO,924552905,OSLO,Oslo,Lilletorget 1,0184,OSLO,,brreg,https://data.brreg.no/enhetsregisteret/oppslag/enheter/924552905,"ungdomslag,bygdelag",2026-04-28
TRYGGERE UNGDOM ROGALAND,932954672,OSLO,Oslo,Kværnerveien 5,0192,OSLO,,brreg,https://data.brreg.no/enhetsregisteret/oppslag/enheter/932954672,"ungdomslag,bygdelag",2026-04-28
TRYGGERE UNGDOM UIO,929676238,OSLO,Oslo,Storgata 39,0182,OSLO,,brreg,https://data.brreg.no/enhetsregisteret/oppslag/enheter/929676238,"ungdomslag,bygdelag",2026-04-28
TRØNDELAG FREMSKRITTSPARTIETS UNGDOM (FPU),920398766,OSLO,Oslo,Karl Johans gate 25,0159,OSLO,https://fpu.no,brreg,https://data.brreg.no/enhetsregisteret/oppslag/enheter/920398766,"ungdomslag,bygdelag",2026-04-28
TRØNDELAG UNGDOM MOT EU,835071162,OSLO,Oslo,"c/o Trøndelag Ungdom mot EU, Schweigaards gate 34B",0191,OSLO,,brreg,https://data.brreg.no/enhetsregisteret/oppslag/enheter/835071162,"ungdomslag,bygdelag",2026-04-28
TYRKISK BARN OG UNGDOMS ORGANISASJON,990809682,OSLO,Oslo,Sverdrups gate 5,0559,OSLO,,brreg,https://data.brreg.no/enhetsregisteret/oppslag/enheter/990809682,"ungdomslag,bygdelag",2026-04-28
TØYEN BARNE- OG UNGDOMSKOR,932081814,OSLO,Oslo,"c/o Eirin Høgetveit, Enerhauggata 5",0651,OSLO,,brreg,https://data.brreg.no/enhetsregisteret/oppslag/enheter/932081814,ungdomslag,2026-04-28
U-TURN,918796835,OSLO,Oslo,"c/o Atle Mesøy, Kirkeveien 50",0368,OSLO,,brreg,https://data.brreg.no/enhetsregisteret/oppslag/enheter/918796835,ungdomslag,2026-04-28
UL MIDNATTSOL,914634601,OSLO,Oslo,"c/o Anne Kristin Jensen, Kirkeveien 37A",0368,OSLO,,brreg,https://data.brreg.no/enhetsregisteret/oppslag/enheter/914634601,ungdomslag,2026-04-28
ULL OG OMTANKE - OSLO,922154597,OSLO,Oslo,"c/o Liv Kristin Ingjer Larsen, Valhallveien 63",0196,OSLO,,brreg,https://data.brreg.no/enhetsregisteret/oppslag/enheter/922154597,ungdomslag,2026-04-28
ULLERN ARBEIDERPARTILAG,922954852,OSLO,Oslo,"c/o Oslo Arbeiderparti, Youngstorget 2",0181,OSLO,https://ullern.arbeiderpartiet.no/,brreg,https://data.brreg.no/enhetsregisteret/oppslag/enheter/922954852,ungdomslag,2026-04-28
ULLERN BÅTFORENING,997870360,OSLO,Oslo,Drammensveien 198,0277,OSLO,https://www.ullernbaat.com,brreg,https://data.brreg.no/enhetsregisteret/oppslag/enheter/997870360,ungdomslag,2026-04-28
ULLERN FRP,984315198,OSLO,Oslo,"c/o Henrik Sand Martinsen, Lilleakerveien 43",0284,OSLO,,brreg,https://data.brreg.no/enhetsregisteret/oppslag/enheter/984315198,ungdomslag,2026-04-28
ULLERN IDRETTSFORENING,951050326,OSLO,Oslo,Myntfunnveien 2,0382,OSLO,https://ullern.no,brreg,https://data.brreg.no/enhetsregisteret/oppslag/enheter/951050326,ungdomslag,2026-04-28
ULLERN IF BASKET,914511909,OSLO,Oslo,Myntfunnveien 2,0382,OSLO,https://www.ullernbasket.no,brreg,https://data.brreg.no/enhetsregisteret/oppslag/enheter/914511909,ungdomslag,2026-04-28
ULLERN IF FOTBALL,935402158,OSLO,Oslo,Myntfunnveien 2,0382,OSLO,,brreg,https://data.brreg.no/enhetsregisteret/oppslag/enheter/935402158,ungdomslag,2026-04-28
ULLERN KFUK-KFUM-SPEIDERE,999206883,OSLO,Oslo,"Skøyen kirke, Skøyenveien 43",0375,OSLO,,brreg,https://data.brreg.no/enhetsregisteret/oppslag/enheter/999206883,ungdomslag,2026-04-28
ULLERN SEILFORENING,915274927,OSLO,Oslo,"c/o Joachim Lyng-Olsen, Ostadalsveien 50",0753,OSLO,https://www.ullernseilforening.no,brreg,https://data.brreg.no/enhetsregisteret/oppslag/enheter/915274927,ungdomslag,2026-04-28
ULLERN TENNISKLUBB,971290188,OSLO,Oslo,Furulundsveien 15,0282,OSLO,https://www.ullerntennis.no,brreg,https://data.brreg.no/enhetsregisteret/oppslag/enheter/971290188,ungdomslag,2026-04-28
ULLERN UNGDOMSKOR,930540722,OSLO,Oslo,"c/o Rachel Øverås, Heggelibakken 23H",0375,OSLO,,brreg,https://data.brreg.no/enhetsregisteret/oppslag/enheter/930540722,ungdomslag,2026-04-28
ULLERN VENSTRE,983928218,OSLO,Oslo,Møllergata 16,0179,OSLO,https://www.venstre.no/lokal/oslo/ullern/,brreg,https://data.brreg.no/enhetsregisteret/oppslag/enheter/983928218,ungdomslag,2026-04-28
"ULLERN, RØA OG BYGDØY HISTORIELAG",994933345,OSLO,Oslo,Postboks 7    Øvre Ullern,0311,OSLO,https://www.ullernhistorie.no,brreg,https://data.brreg.no/enhetsregisteret/oppslag/enheter/994933345,"ungdomslag,bygdelag",2026-04-28
ULLERNFARET GRENDELAG,995278782,OSLO,Oslo,"c/o Marie Klippenberg, Ullernveien 10C",0280,OSLO,,brreg,https://data.brreg.no/enhetsregisteret/oppslag/enheter/995278782,grendelag,2026-04-28
ULLERNVEIEN VELFORENING,883175352,OSLO,Oslo,"c/o Ørnulg Giffhorn Krüger, Ullernveien 43",0280,OSLO,,brreg,https://data.brreg.no/enhetsregisteret/oppslag/enheter/883175352,ungdomslag,2026-04-28
ULLEVÅL HAGEBY VEL,922740399,OSLO,Oslo,Sognsveien 32,0851,OSLO,,brreg,https://data.brreg.no/enhetsregisteret/oppslag/enheter/922740399,ungdomslag,2026-04-28
ULLEVÅL IL,975616592,OSLO,Oslo,Kaj Munks vei 7,0855,OSLO,https://www.uil.no,brreg,https://data.brreg.no/enhetsregisteret/oppslag/enheter/975616592,ungdomslag,2026-04-28
ULLEVÅL SKOLES MUSIKKORPS,975504336,OSLO,Oslo,John Colletts allé 20,0852,OSLO,https://www.usm.no,brreg,https://data.brreg.no/enhetsregisteret/oppslag/enheter/975504336,ungdomslag,2026-04-28
ULLEVÅL TENNISKLUBB,993594229,OSLO,Oslo,Langlia 36,0854,OSLO,https://www.ullevaaltennis.no,brreg,https://data.brreg.no/enhetsregisteret/oppslag/enheter/993594229,ungdomslag,2026-04-28
UNGDOM FOR DEMOKRATISERING AV MYANMAR (BURMA),926901214,OSLO,Oslo,Oscars gate 12,0352,OSLO,,brreg,https://data.brreg.no/enhetsregisteret/oppslag/enheter/926901214,"ungdomslag,bygdelag",2026-04-28
UNGDOM FOR FRED,915574122,OSLO,Oslo,Trondheimsveien 405A,0953,OSLO,,brreg,https://data.brreg.no/enhetsregisteret/oppslag/enheter/915574122,"ungdomslag,bygdelag",2026-04-28
UNGDOM MOT EU,871280142,OSLO,Oslo,Grønlandsleiret 31,0190,OSLO,https://www.umeu.no,brreg,https://data.brreg.no/enhetsregisteret/oppslag/enheter/871280142,"ungdomslag,bygdelag",2026-04-28
UNGDOM MOT KRIMINALITET UMK,931935119,OSLO,Oslo,Postboks 6502 Rodeløkka,0501,OSLO,https://www.umkinformasjonsenter.org/,brreg,https://data.brreg.no/enhetsregisteret/oppslag/enheter/931935119,"ungdomslag,bygdelag",2026-04-28
UNGDOM MOT NARKOTIKA - UMN,971475536,OSLO,Oslo,Tøyengata 2,0190,OSLO,https://www.umn.no,brreg,https://data.brreg.no/enhetsregisteret/oppslag/enheter/971475536,"ungdomslag,bygdelag",2026-04-28
UNGDOM OG FRITID - LANDSFORENINGEN FOR FRITIDSKLUBBER OG UNGDOMSHUS,970554823,OSLO,Oslo,Christian Krohgs gate 10,0186,OSLO,https://www.ungdomogfritid.no,brreg,https://data.brreg.no/enhetsregisteret/oppslag/enheter/970554823,"ungdomslag,bygdelag",2026-04-28
UNGDOMSFORENING RUNO,996662039,OSLO,Oslo,"c/o Juliia Karchina, Sarpsborggata 16H",0468,OSLO,,brreg,https://data.brreg.no/enhetsregisteret/oppslag/enheter/996662039,ungdomslag,2026-04-28
UNGORG (BARNE- OG UNGDOMSORGANISASJONENE I OSLO),971515023,OSLO,Oslo,Møllergata 3D,0179,OSLO,https://www.ungorg.no,brreg,https://data.brreg.no/enhetsregisteret/oppslag/enheter/971515023,ungdomslag,2026-04-28
URANIENBORG KIRKES UNGDOMSKOR,929686497,OSLO,Oslo,"c/o Liv Marie Hofseth, Daas gate 19",0259,OSLO,,brreg,https://data.brreg.no/enhetsregisteret/oppslag/enheter/929686497,ungdomslag,2026-04-28
VENNEFORENINGEN ULLEVÅLSVEIEN SKOLE,925398063,OSLO,Oslo,"c/o Randi Ledaal Gjertsen, Grefsen allé 11B",0488,OSLO,,brreg,https://data.brreg.no/enhetsregisteret/oppslag/enheter/925398063,ungdomslag,2026-04-28
VESTFOLD FREMSKRITTSPARTIETS UNGDOM (FPU),992317124,OSLO,Oslo,Karl Johans gate 25,0159,OSLO,https://fpu.no,brreg,https://data.brreg.no/enhetsregisteret/oppslag/enheter/992317124,"ungdomslag,bygdelag",2026-04-28
VESTLAND EUROPEISK UNGDOM,934895932,OSLO,Oslo,"Europeisk Ungdom, Prinsens gate 2",0152,OSLO,https://europeiskungdom.no,brreg,https://data.brreg.no/enhetsregisteret/oppslag/enheter/934895932,"ungdomslag,bygdelag",2026-04-28
VESTLAND FREMSKRITTSPARTIETS UNGDOM (FPU),989977601,OSLO,Oslo,Karl Johans gate 25,0159,OSLO,https://fpu.no,brreg,https://data.brreg.no/enhetsregisteret/oppslag/enheter/989977601,"ungdomslag,bygdelag",2026-04-28
VESTRE AKER OG ULLERN PENSJONISTFORENING,890833942,OSLO,Oslo,Tore Hals Mejdells vei 8,0751,OSLO,https://www.vapf.com,brreg,https://data.brreg.no/enhetsregisteret/oppslag/enheter/890833942,ungdomslag,2026-04-28
ØSTENSJØ BARNE- OG UNGDOMSTEATER,982740363,OSLO,Oslo,General Ruges vei 51,0691,OSLO,https://www.obut.no,brreg,https://data.brreg.no/enhetsregisteret/oppslag/enheter/982740363,ungdomslag,2026-04-28
ØSTFOLD FREMSKRITTSPARTIETS UNGDOM (FPU),932779250,OSLO,Oslo,Karl Johans gate 25,0159,OSLO,,brreg,https://data.brreg.no/enhetsregisteret/oppslag/enheter/932779250,"ungdomslag,bygdelag",2026-04-28
ØVRE ROMERIKE FREMSKRITTSPARTIETS UNGDOM (FPU),912466574,OSLO,Oslo,Karl Johans gate 25,0159,OSLO,,brreg,https://data.brreg.no/enhetsregisteret/oppslag/enheter/912466574,"ungdomslag,bygdelag",2026-04-28
BJERKREIM BYGDEKVINNELAG,975774740,BJERKREIM,Rogaland,"c/o Aslaug Marie Undheim, Gloppedalsvegen 1276",4389,VIKESÅ,,brreg,https://data.brreg.no/enhetsregisteret/oppslag/enheter/975774740,bygdelag,2026-04-28
BJERKREIM BYGDEMUSEUM,931371711,BJERKREIM,Rogaland,"c/o Paul Tengesdal, Oremovegen 155",4387,BJERKREIM,,brreg,https://data.brreg.no/enhetsregisteret/oppslag/enheter/931371711,bygdelag,2026-04-28
BJERKREIM KRISTLEGE UNGDOMSLAG,987662093,BJERKREIM,Rogaland,"c/o Karl Brage Hågbo, Vikesdalslia 70",4389,VIKESÅ,,brreg,https://data.brreg.no/enhetsregisteret/oppslag/enheter/987662093,ungdomslag,2026-04-28
CHIN UNGDOMSFORENING ROGALAND,920032893,EIGERSUND,Rogaland,"c/o Bawi Hei Lotong, Peder Clausens gate 19",4370,EGERSUND,,brreg,https://data.brreg.no/enhetsregisteret/oppslag/enheter/920032893,ungdomslag,2026-04-28
HELLELAND BYGDEKVINNELAG,929744802,EIGERSUND,Rogaland,"c/o Anita Levang Byberg, Hetlandsveien 28",4376,HELLELAND,,brreg,https://data.brreg.no/enhetsregisteret/oppslag/enheter/929744802,bygdelag,2026-04-28
SKADBERGSANDEN GRENDEHUS,992685050,EIGERSUND,Rogaland,Ytstebrødveien 414,4374,EGERSUND,https://www.skadbergsanden-grendehus.no,brreg,https://data.brreg.no/enhetsregisteret/oppslag/enheter/992685050,grendelag,2026-04-28
U-SVING,924453311,EIGERSUND,Rogaland,Jærveien 15,4373,EGERSUND,,brreg,https://data.brreg.no/enhetsregisteret/oppslag/enheter/924453311,ungdomslag,2026-04-28
UNGDOMSFORENINGEN VÅR,919792671,EIGERSUND,Rogaland,Mosbekk Plass,4370,EGERSUND,,brreg,https://data.brreg.no/enhetsregisteret/oppslag/enheter/919792671,ungdomslag,2026-04-28
FRAFJORD UNGDOMSLAG,923223150,GJESDAL,Rogaland,Frafjorddalen 401,4335,DIRDAL,,brreg,https://data.brreg.no/enhetsregisteret/oppslag/enheter/923223150,ungdomslag,2026-04-28
GJESDAL BYGDEKVINNELAG,971344385,GJESDAL,Rogaland,"c/o Liv Siqveland Borgersen, Sikvalandsvegen 758",4334,ÅLGÅRD,,brreg,https://data.brreg.no/enhetsregisteret/oppslag/enheter/971344385,bygdelag,2026-04-28
OLTEDAL UNGDOMSKLUBB,824742812,GJESDAL,Rogaland,Pålskjær 1,4333,OLTEDAL,,brreg,https://data.brreg.no/enhetsregisteret/oppslag/enheter/824742812,ungdomslag,2026-04-28
BOSNISK-NORSK UNGDOMSBIBLIOTEK ROGALAND,925375934,HAUGESUND,Rogaland,Rogalandgata 94,5522,HAUGESUND,,brreg,https://data.brreg.no/enhetsregisteret/oppslag/enheter/925375934,ungdomslag,2026-04-28
HAUGALAND UNGDOMSSYMFONIORKESTER,918807543,HAUGESUND,Rogaland,Skåregata 119,5527,HAUGESUND,,brreg,https://data.brreg.no/enhetsregisteret/oppslag/enheter/918807543,ungdomslag,2026-04-28
HAUGALANDET EUROPEISK UNGDOM,930248835,HAUGESUND,Rogaland,"c/o Karl Johan Stensland, Haraldsgata 109",5527,HAUGESUND,,brreg,https://data.brreg.no/enhetsregisteret/oppslag/enheter/930248835,"ungdomslag,bygdelag",2026-04-28
HAUGESUND BARNE- OG UNGDOMSTEATER,889645482,HAUGESUND,Rogaland,Skåregata 225,5525,HAUGESUND,https://www.hbu.no,brreg,https://data.brreg.no/enhetsregisteret/oppslag/enheter/889645482,ungdomslag,2026-04-28
HAUGESUND MÅLLAG OG UNGDOMSLAG,871341982,HAUGESUND,Rogaland,Kvalamarka 25,5514,HAUGESUND,https://www.kvalatun.no,brreg,https://data.brreg.no/enhetsregisteret/oppslag/enheter/871341982,ungdomslag,2026-04-28
HAUGESUND UNGDOMSKORPS,976107284,HAUGESUND,Rogaland,Postboks 127,5501,HAUGESUND,https://www.facebook.com/haugesundungdomskorps/?fref=ts,brreg,https://data.brreg.no/enhetsregisteret/oppslag/enheter/976107284,ungdomslag,2026-04-28
"MENTAL HELSE UNGDOM BOKN, HAUGESUND, TYSVÆR, KARMØY, VINDAFJORD OG UTSIRA",912465233,HAUGESUND,Rogaland,"c/o Lisa Lie, Ulvøygata 18D",5537,HAUGESUND,,brreg,https://data.brreg.no/enhetsregisteret/oppslag/enheter/912465233,"ungdomslag,bygdelag",2026-04-28
MENTAL HELSE UNGDOM HAUGALANDET,834673282,HAUGESUND,Rogaland,Strandgata 70,5528,HAUGESUND,,brreg,https://data.brreg.no/enhetsregisteret/oppslag/enheter/834673282,"ungdomslag,bygdelag",2026-04-28
NORDBYGDENES UNGDOMSLAG,971342366,HAUGESUND,Rogaland,Tittelsnesvegen 332B,5514,HAUGESUND,,brreg,https://data.brreg.no/enhetsregisteret/oppslag/enheter/971342366,ungdomslag,2026-04-28
HJELMELAND BYGDEKVINNELAG,924426357,HJELMELAND,Rogaland,"Leonarda (Janneke) Wijgergangs, Fundingslandsvegen 105",4130,HJELMELAND,https://www.bygdekvinnelaget.no/lokallag/hjelmeland-bygdekvinnelag,brreg,https://data.brreg.no/enhetsregisteret/oppslag/enheter/924426357,bygdelag,2026-04-28
JØSNESET UNGDOMSLAG,990654859,HJELMELAND,Rogaland,"c/o Rikard Bjarne Jensen, Jøsnesvegen 74",4146,SKIFTUN,,brreg,https://data.brreg.no/enhetsregisteret/oppslag/enheter/990654859,ungdomslag,2026-04-28
UNGDOMSLAGET VON,893794522,HJELMELAND,Rogaland,"v/ Nils Kjetil Nessa, Nessa",4139,FISTER,,brreg,https://data.brreg.no/enhetsregisteret/oppslag/enheter/893794522,ungdomslag,2026-04-28
VORMEDALEN GRENDEUTVAL,927988593,HJELMELAND,Rogaland,"c/o Silje Lie, Melandsvegen 12",4130,HJELMELAND,,brreg,https://data.brreg.no/enhetsregisteret/oppslag/enheter/927988593,grendelag,2026-04-28
GUDMESTAD GRENDEHUS,931575597,HÅ,Rogaland,Gudmestadvegen 262,4365,NÆRBØ,,brreg,https://data.brreg.no/enhetsregisteret/oppslag/enheter/931575597,grendelag,2026-04-28
NÆRBØ BYGDEKVINNELAG,992289694,HÅ,Rogaland,Storægrå 42,4365,NÆRBØ,,brreg,https://data.brreg.no/enhetsregisteret/oppslag/enheter/992289694,bygdelag,2026-04-28
"OGNA, BRUSAND OG SIREVÅG KRISTELIGE UNGDOMSLAG",987321725,HÅ,Rogaland,Bru 12,4363,BRUSAND,,brreg,https://data.brreg.no/enhetsregisteret/oppslag/enheter/987321725,ungdomslag,2026-04-28
UNGDOMSGRUPPA CROSS,923555048,HÅ,Rogaland,"c/o Jan Jensen, Litlagrønå 1",4362,VIGRESTAD,,brreg,https://data.brreg.no/enhetsregisteret/oppslag/enheter/923555048,ungdomslag,2026-04-28
VARHAUG BYGDEKVINNELAG,976178947,HÅ,Rogaland,"c/o Astrid Skretting, Lindevegen 14",4360,VARHAUG,,brreg,https://data.brreg.no/enhetsregisteret/oppslag/enheter/976178947,bygdelag,2026-04-28
VARHAUG KRISTELIGE UNGDOMSLAG,992342331,HÅ,Rogaland,Ånestadvegen 21,4360,VARHAUG,https://www.vakru.no,brreg,https://data.brreg.no/enhetsregisteret/oppslag/enheter/992342331,ungdomslag,2026-04-28
DALEN UNGDOMSHUS,983873871,KARMØY,Rogaland,Nygårdvegen 60,4262,AVALDSNES,,brreg,https://data.brreg.no/enhetsregisteret/oppslag/enheter/983873871,ungdomslag,2026-04-28
FOSEN BYGDELAG,988188514,KARMØY,Rogaland,Fosnavegen 365,5546,RØYKSUND,https://www.fosenbygdelag.no,brreg,https://data.brreg.no/enhetsregisteret/oppslag/enheter/988188514,bygdelag,2026-04-28
HAUGALAND UNGDOM,934991273,KARMØY,Rogaland,"c/o Tobias Hillstrand Østen, Alterfjellet 4A",4280,SKUDENESHAVN,,brreg,https://data.brreg.no/enhetsregisteret/oppslag/enheter/934991273,"ungdomslag,bygdelag",2026-04-28
HOLDØY BYGDELAG,994203533,KARMØY,Rogaland,"v/Ove Midtskog, Medhaugvegen 28",4270,ÅKREHAMN,,brreg,https://data.brreg.no/enhetsregisteret/oppslag/enheter/994203533,bygdelag,2026-04-28
KOLNES UNGDOMSLAG,994903322,KARMØY,Rogaland,Kolnes Grendahus,5541,KOLNES,,brreg,https://data.brreg.no/enhetsregisteret/oppslag/enheter/994903322,ungdomslag,2026-04-28
LJOSHEIM KRISTELIGE UNGDOMSFORENING,923797335,KARMØY,Rogaland,Postboks 465,4291,KOPERVIK,,brreg,https://data.brreg.no/enhetsregisteret/oppslag/enheter/923797335,ungdomslag,2026-04-28
SKUDENES UNGDOMS- & IDRETTSLAG,975678938,KARMØY,Rogaland,,4280,SKUDENESHAVN,https://www.suil.no,brreg,https://data.brreg.no/enhetsregisteret/oppslag/enheter/975678938,"ungdomslag,bygdelag",2026-04-28
ULL & OMTANKE HAUGALAND.,934594991,KARMØY,Rogaland,"c/o Hilde Høines Vetvik, Nordre Liknesveg 99",4270,ÅKREHAMN,,brreg,https://data.brreg.no/enhetsregisteret/oppslag/enheter/934594991,ungdomslag,2026-04-28
VEA UNGDOMSKLUBB,933164586,KARMØY,Rogaland,Sævikvegen 2B,4276,VEAVÅGEN,,brreg,https://data.brreg.no/enhetsregisteret/oppslag/enheter/933164586,ungdomslag,2026-04-28
KLEPP BYGDEKVINNELAG,993272914,KLEPP,Rogaland,"c/o Marianne Øvregaard, Orrevegen 120",4352,KLEPPE,,brreg,https://data.brreg.no/enhetsregisteret/oppslag/enheter/993272914,bygdelag,2026-04-28
KLEPP KRISTELIGE UNGDOMSFORENING,888817212,KLEPP,Rogaland,Fredheimsvegen 14,4350,KLEPPE,,brreg,https://data.brreg.no/enhetsregisteret/oppslag/enheter/888817212,ungdomslag,2026-04-28
KROSSHAUG UNGDOMSLAG,999242820,KLEPP,Rogaland,"Fredheimsbygget, Fredheimsvegen 18",4350,KLEPPE,,brreg,https://data.brreg.no/enhetsregisteret/oppslag/enheter/999242820,ungdomslag,2026-04-28
ORRE UNGDOMSFORENING,932383462,KLEPP,Rogaland,Pollestadvegen 310,4343,ORRE,,brreg,https://data.brreg.no/enhetsregisteret/oppslag/enheter/932383462,ungdomslag,2026-04-28
UNGDOMSGRUPPA BORE BEDEHUS,990925763,KLEPP,Rogaland,Verdalsvegen 39,4351,KLEPPE,,brreg,https://data.brreg.no/enhetsregisteret/oppslag/enheter/990925763,ungdomslag,2026-04-28
BYGDEGERILJAEN I LUND,923182764,LUND,Rogaland,"c/o Elisabeth Takle, Dyrhammeren 24",4460,MOI,,brreg,https://data.brreg.no/enhetsregisteret/oppslag/enheter/923182764,bygdelag,2026-04-28
HESKESTAD BYGDEKVINNELAG,931362577,LUND,Rogaland,Hellerenveien 1,4463,UALAND,,brreg,https://data.brreg.no/enhetsregisteret/oppslag/enheter/931362577,bygdelag,2026-04-28
KLASSETUR FOR 10.TRINN VED LUND UNGDOMSSKOLE,932723042,LUND,Rogaland,Brudesvingen 13,4462,HOVSHERAD,,brreg,https://data.brreg.no/enhetsregisteret/oppslag/enheter/932723042,ungdomslag,2026-04-28
LUND BYGDEKOR,971342714,LUND,Rogaland,Nedre Lundestranda 10,4460,MOI,,brreg,https://data.brreg.no/enhetsregisteret/oppslag/enheter/971342714,bygdelag,2026-04-28
LUND BYGDEKVINNELAG,925072877,LUND,Rogaland,"c/o Torild June Skipstad Litsheim, Leidingsveien 26",4460,MOI,,brreg,https://data.brreg.no/enhetsregisteret/oppslag/enheter/925072877,bygdelag,2026-04-28
BYGDECREW,990209413,RANDABERG,Rogaland,Todnembakken 7,4072,RANDABERG,https://www.bygdecrew.no,brreg,https://data.brreg.no/enhetsregisteret/oppslag/enheter/990209413,bygdelag,2026-04-28
FIDEL BARN OG UNGDOMS ROGALAND,927003422,SANDNES,Rogaland,"c/o Tesfahiwet Tareke, Gamleveien 37",4315,SANDNES,,brreg,https://data.brreg.no/enhetsregisteret/oppslag/enheter/927003422,"ungdomslag,bygdelag",2026-04-28
FJELLBYGDA BYGDEKVINNELAG,994021869,SANDNES,Rogaland,Espelandveien 403,4337,SANDNES,,brreg,https://data.brreg.no/enhetsregisteret/oppslag/enheter/994021869,bygdelag,2026-04-28
GUNNHILDSTYKKET GRENDELAG,931116649,SANDNES,Rogaland,"c/o Jon Endre Seljeset Mjøs, Kjærholen 35",4316,SANDNES,,brreg,https://data.brreg.no/enhetsregisteret/oppslag/enheter/931116649,grendelag,2026-04-28
HEIMLY UNGDOMSLAG,914466687,SANDNES,Rogaland,Somaveien 130,4312,SANDNES,,brreg,https://data.brreg.no/enhetsregisteret/oppslag/enheter/914466687,ungdomslag,2026-04-28
KOLHEIM GRENDELAG,916083378,SANDNES,Rogaland,"v/Styreleder Tom Fjelltvedt, Kolheim 28",4313,SANDNES,,brreg,https://data.brreg.no/enhetsregisteret/oppslag/enheter/916083378,grendelag,2026-04-28
MAURHOLEN GRENDELAG,997607279,SANDNES,Rogaland,"c/o Bjørn Kristian Flatekvål, Maurholen 107",4316,SANDNES,,brreg,https://data.brreg.no/enhetsregisteret/oppslag/enheter/997607279,grendelag,2026-04-28
MENTAL HELSE UNGDOM NORD-JÆREN,993838977,SANDNES,Rogaland,"C/o Ellen-Marita Askestrand, Ståle Kyllingstads vei 7",4317,SANDNES,,brreg,https://data.brreg.no/enhetsregisteret/oppslag/enheter/993838977,"ungdomslag,bygdelag",2026-04-28
ROGALAND UIGURISK BARN OG UNGDOM IDRETT OG KULTUR SENTER,923203826,SANDNES,Rogaland,"c/o Ainor Rustem Umit, Bauneveien 4C",4328,SANDNES,,brreg,https://data.brreg.no/enhetsregisteret/oppslag/enheter/923203826,"ungdomslag,bygdelag",2026-04-28
SANDNES BYGDEKVINNELAG,919957042,SANDNES,Rogaland,"c/o Gunn Marie Hetleflåt, Todnheimveien 61",4312,SANDNES,https://www.bygdekvinnelaget.no/lokallag/sandnes-bygdekvinnelag,brreg,https://data.brreg.no/enhetsregisteret/oppslag/enheter/919957042,bygdelag,2026-04-28
SANDNES KULTURSKOLES UNGDOMS KLARINETTKOR,911642123,SANDNES,Rogaland,"c/o Arne G. Larsen, Postveien 8",4319,SANDNES,https://www.sandnes-klarinettkor.no,brreg,https://data.brreg.no/enhetsregisteret/oppslag/enheter/911642123,"ungdomslag,bygdelag",2026-04-28
SANDNES ULF,971338423,SANDNES,Rogaland,Jønningsheiveien 42,4316,SANDNES,https://bredde.sandnesulf.no,brreg,https://data.brreg.no/enhetsregisteret/oppslag/enheter/971338423,ungdomslag,2026-04-28
SANDNES ULF TOPPFOTBALL,923537031,SANDNES,Rogaland,Jønningsheiveien 42,4316,SANDNES,,brreg,https://data.brreg.no/enhetsregisteret/oppslag/enheter/923537031,ungdomslag,2026-04-28
SKJENEHOLEN GRENDELAG,890494552,SANDNES,Rogaland,Skjeneholen 37,4313,SANDNES,,brreg,https://data.brreg.no/enhetsregisteret/oppslag/enheter/890494552,grendelag,2026-04-28
ST. XAVIERIUS VIETNAMESISK BARNE- OG UNGDOMSLAG,919533072,SANDNES,Rogaland,"c/o Duc Minh Nguyen, Lundadalen 2",4326,SANDNES,,brreg,https://data.brreg.no/enhetsregisteret/oppslag/enheter/919533072,ungdomslag,2026-04-28
UBAH BARN OG UNGDOM,916914598,SANDNES,Rogaland,"c/o Abuukar Ahmed Abdullahi, Oalsgata 12A",4319,SANDNES,,brreg,https://data.brreg.no/enhetsregisteret/oppslag/enheter/916914598,"ungdomslag,bygdelag",2026-04-28
UNGDOMSLAGET IDUN,994233572,SANDNES,Rogaland,Trodalveien 8,4308,SANDNES,,brreg,https://data.brreg.no/enhetsregisteret/oppslag/enheter/994233572,ungdomslag,2026-04-28
EIA GRENDEHUS,920035795,SOKNDAL,Rogaland,"c/o Gro Eia Østby, Eia",4380,HAUGE I DALANE,,brreg,https://data.brreg.no/enhetsregisteret/oppslag/enheter/920035795,grendelag,2026-04-28
PARAK GRENDEHUS,929314638,SOKNDAL,Rogaland,"c/o Solveig Nyheim, Rugedal 15",4380,HAUGE I DALANE,,brreg,https://data.brreg.no/enhetsregisteret/oppslag/enheter/929314638,grendelag,2026-04-28
SOKNDAL FRILYNTE UNGDOMSLAG,994220632,SOKNDAL,Rogaland,Sokndalsveien 2634,4380,HAUGE I DALANE,https://www.fridtun.com,brreg,https://data.brreg.no/enhetsregisteret/oppslag/enheter/994220632,ungdomslag,2026-04-28
BRUNSTAD UNGDOMSKLUBB STAVANGER,914424445,SOLA,Rogaland,"c/o Birgitte Kverneland Kyllevik, Havblikk 36",4057,TANANGER,,brreg,https://data.brreg.no/enhetsregisteret/oppslag/enheter/914424445,ungdomslag,2026-04-28
ROGALAND UNGDOMSLAG,871342482,SOLA,Rogaland,"c/o Ann Cathrine Høyland, Blåfjørvegen 12",4053,RÆGE,https://www.rogaland.ungdomslag.no,brreg,https://data.brreg.no/enhetsregisteret/oppslag/enheter/871342482,ungdomslag,2026-04-28
SOLA BYGDEKVINNELAG,816974372,SOLA,Rogaland,Sandevegen 32,4050,SOLA,,brreg,https://data.brreg.no/enhetsregisteret/oppslag/enheter/816974372,bygdelag,2026-04-28
ACEHNISK BARN- OG UNGDOMSFORENING,916708246,STAVANGER,Rogaland,Sverdrups gate 23,4007,STAVANGER,,brreg,https://data.brreg.no/enhetsregisteret/oppslag/enheter/916708246,ungdomslag,2026-04-28
ALEXANDER L. KIELLAND-FORBUNDET,913708563,STAVANGER,Rogaland,Sølvberget Kulturhus,4002,STAVANGER,,brreg,https://data.brreg.no/enhetsregisteret/oppslag/enheter/913708563,ungdomslag,2026-04-28
BONDEUNGDOMSLAGET,944132090,STAVANGER,Rogaland,Rektor Oldens gate 17,4022,STAVANGER,https://bulstavanger.no,brreg,https://data.brreg.no/enhetsregisteret/oppslag/enheter/944132090,ungdomslag,2026-04-28
ERITREISKE UNGDOMMER FELLESSKAP FOR UTVIKLING I ROGALAND FYLKE,821685842,STAVANGER,Rogaland,"c/o Maebel Weldu Araya, Gamle Madlaveien 32",4009,STAVANGER,,brreg,https://data.brreg.no/enhetsregisteret/oppslag/enheter/821685842,ungdomslag,2026-04-28
FINNØY KRISTELEGE UNGDOMSLAG,984008252,STAVANGER,Rogaland,Bergevegen 87,4160,FINNØY,,brreg,https://data.brreg.no/enhetsregisteret/oppslag/enheter/984008252,ungdomslag,2026-04-28
FOLKETS PARTI FNB UNGDOM,928260852,STAVANGER,Rogaland,Olav Kyrres gate 23,4005,STAVANGER,,brreg,https://data.brreg.no/enhetsregisteret/oppslag/enheter/928260852,"ungdomslag,bygdelag",2026-04-28
FOLLIES BARNE OG UNGDOMSTEATER,928287459,STAVANGER,Rogaland,Lagårdsveien 73,4010,STAVANGER,,brreg,https://data.brreg.no/enhetsregisteret/oppslag/enheter/928287459,ungdomslag,2026-04-28
GRØNN UNGDOM ROGALAND,998014344,STAVANGER,Rogaland,Nygata 15,4006,STAVANGER,https://www.gronnungdom.no/rogaland/,brreg,https://data.brreg.no/enhetsregisteret/oppslag/enheter/998014344,"ungdomslag,bygdelag",2026-04-28
HALSNØY GRENDELAG,991014357,STAVANGER,Rogaland,"c/o Jan Sigve Eike, Eikevegen 311",4182,SKARTVEIT,,brreg,https://data.brreg.no/enhetsregisteret/oppslag/enheter/991014357,grendelag,2026-04-28
INKLUDERINGS- OG UNGDOMSFORENING (IOIF),829945142,STAVANGER,Rogaland,"c/o Zerevan Bamerni, Sølvspenneveien 2",4032,STAVANGER,,brreg,https://data.brreg.no/enhetsregisteret/oppslag/enheter/829945142,ungdomslag,2026-04-28
LIBERALISTISK UNGDOM ROGALAND,818355432,STAVANGER,Rogaland,"c/o Markus Østbø Maribu, Skipsbygger Hærems vei 23",4077,HUNDVÅG,https://libung.no,brreg,https://data.brreg.no/enhetsregisteret/oppslag/enheter/818355432,"ungdomslag,bygdelag",2026-04-28
MENTAL HELSE UNGDOM SANDNES,928106950,STAVANGER,Rogaland,"c/o Didrik Landa Pollestad, Skeiehagen 76",4083,HUNDVÅG,https://www.mhu.no,brreg,https://data.brreg.no/enhetsregisteret/oppslag/enheter/928106950,"ungdomslag,bygdelag",2026-04-28
MINHAJ-UL-QURAN INTERNATIONAL ROGALAND,984246315,STAVANGER,Rogaland,Hillevågsveien 34B,4016,STAVANGER,https://www.minhajrog.org,brreg,https://data.brreg.no/enhetsregisteret/oppslag/enheter/984246315,ungdomslag,2026-04-28
NORGESDEMOKRATENES UNGDOM,997150716,STAVANGER,Rogaland,"c/o Ole Andreas Sleveland, Gjerdebakken 19",4027,STAVANGER,https://www.ndungdom.no,brreg,https://data.brreg.no/enhetsregisteret/oppslag/enheter/997150716,"ungdomslag,bygdelag",2026-04-28
REGIONALT UNGDOMSKOR VEST,921587910,STAVANGER,Rogaland,"c/o Tuva Ystad Gederø, Steinstølveien 17",4027,STAVANGER,,brreg,https://data.brreg.no/enhetsregisteret/oppslag/enheter/921587910,ungdomslag,2026-04-28
ROGALAND BYGDEKVINNELAG,975658848,STAVANGER,Rogaland,"Hillevåg, Sandvikveien 21",4016,STAVANGER,https://www.bygdekvinnelaget.no/rogaland,brreg,https://data.brreg.no/enhetsregisteret/oppslag/enheter/975658848,bygdelag,2026-04-28
ROGALAND NATUR OG UNGDOM,914487579,STAVANGER,Rogaland,Sandvigå 24,4007,STAVANGER,,brreg,https://data.brreg.no/enhetsregisteret/oppslag/enheter/914487579,"ungdomslag,bygdelag",2026-04-28
SENTER FOR FLERKULTURELL UNGDOM I ROGALAND,913512707,STAVANGER,Rogaland,Randabergveien 5,4025,STAVANGER,,brreg,https://data.brreg.no/enhetsregisteret/oppslag/enheter/913512707,"ungdomslag,bygdelag",2026-04-28
STAVANGER SJAKKLUBB UNGDOM,995744422,STAVANGER,Rogaland,"c/o Lasse Østebø Løvik, Bruvikveien 21",4017,STAVANGER,https://www.stavangersku.no,brreg,https://data.brreg.no/enhetsregisteret/oppslag/enheter/995744422,"ungdomslag,bygdelag",2026-04-28
STAVANGER UNGDOMSORKESTER,988912263,STAVANGER,Rogaland,"Stavanger Kulturskole, Postboks  8069 Forus",4068,STAVANGER,https://www.stavangerkulturskole.no,brreg,https://data.brreg.no/enhetsregisteret/oppslag/enheter/988912263,ungdomslag,2026-04-28
TAMILSK BARN- OG UNGDOMSAKTIVITETSSENTER,895101052,STAVANGER,Rogaland,Dykjelsletta 23A,4032,STAVANGER,,brreg,https://data.brreg.no/enhetsregisteret/oppslag/enheter/895101052,ungdomslag,2026-04-28
TYRKISK UNGDOMSFORENING I STAVANGER,911761769,STAVANGER,Rogaland,Randabergveien 5,4025,STAVANGER,,brreg,https://data.brreg.no/enhetsregisteret/oppslag/enheter/911761769,ungdomslag,2026-04-28
BJØRHEIMSBYGD BYGDELAG,996452476,STRAND,Rogaland,Bjørheimsbygd,4120,TAU,,brreg,https://data.brreg.no/enhetsregisteret/oppslag/enheter/996452476,bygdelag,2026-04-28
BYGDA 4H,917671729,STRAND,Rogaland,"c/o Kamilla Torgersen Strand, Ryfylkevegen 1773",4120,TAU,,brreg,https://data.brreg.no/enhetsregisteret/oppslag/enheter/917671729,bygdelag,2026-04-28
ERFJORD BYGDEKVINNELAG,976090195,SULDAL,Rogaland,"v/ Åshild Skjerahaug, Hauganesvegen 20",4233,ERFJORD,,brreg,https://data.brreg.no/enhetsregisteret/oppslag/enheter/976090195,bygdelag,2026-04-28
FJORDGUTEN UNGDOMSLAG,994892150,SULDAL,Rogaland,Bjergavegen 78,4209,VANVIK,,brreg,https://data.brreg.no/enhetsregisteret/oppslag/enheter/994892150,ungdomslag,2026-04-28
NESFLATEN UNGDOMSLAG,984560737,SULDAL,Rogaland,,4244,NESFLATEN,,brreg,https://data.brreg.no/enhetsregisteret/oppslag/enheter/984560737,ungdomslag,2026-04-28
ROPEIDHALVØYA BYGDEKVINNELAG,992404116,SULDAL,Rogaland,"c/o Torbjørg Tveita, Tveitasjøen 36",4235,HEBNES,,brreg,https://data.brreg.no/enhetsregisteret/oppslag/enheter/992404116,bygdelag,2026-04-28
SAND BYGDEKVINNELAG,998799120,SULDAL,Rogaland,"c/o Grete Holmboe, Eidssjøen 10",4230,SAND,,brreg,https://data.brreg.no/enhetsregisteret/oppslag/enheter/998799120,bygdelag,2026-04-28
SAND UNGDOMSLAG,918597220,SULDAL,Rogaland,Aslakbakkadn 13,4230,SAND,,brreg,https://data.brreg.no/enhetsregisteret/oppslag/enheter/918597220,ungdomslag,2026-04-28
SULDAL BYGDEKVINNELAG,987436557,SULDAL,Rogaland,"c/o Ellen Jensen Ro, Fisketjøn 7",4237,SULDALSOSEN,,brreg,https://data.brreg.no/enhetsregisteret/oppslag/enheter/987436557,bygdelag,2026-04-28
SULDAL UNGDOMSLAG,986304991,SULDAL,Rogaland,Postboks 3,4240,SULDALSOSEN,,brreg,https://data.brreg.no/enhetsregisteret/oppslag/enheter/986304991,ungdomslag,2026-04-28
ULLADALEN BYGDELAG,926778129,SULDAL,Rogaland,"c/o Lars Johan Hjorteland, Hjortelandsvegen 54",4134,JØSENFJORDEN,,brreg,https://data.brreg.no/enhetsregisteret/oppslag/enheter/926778129,bygdelag,2026-04-28
FRØYLAND UNGDOMSLAG,932970619,TIME,Rogaland,Kvernelandsvegen 90,4355,KVERNALAND,https://www.froylandforsamlingshus.no/,brreg,https://data.brreg.no/enhetsregisteret/oppslag/enheter/932970619,ungdomslag,2026-04-28
ONNAI UNGDOMSKLUBB,929054318,TIME,Rogaland,"c/o Lotte Årdal, Hellandsvegen 270",4342,UNDHEIM,,brreg,https://data.brreg.no/enhetsregisteret/oppslag/enheter/929054318,ungdomslag,2026-04-28
TIME BYGDEKVINNELAG,922592675,TIME,Rogaland,"Anita Topdal, Auglendsvegen 8",4346,BRYNE,,brreg,https://data.brreg.no/enhetsregisteret/oppslag/enheter/922592675,bygdelag,2026-04-28
FØRLAND UNGDOMSLAG,980519503,TYSVÆR,Rogaland,Førland,5570,AKSDAL,,brreg,https://data.brreg.no/enhetsregisteret/oppslag/enheter/980519503,ungdomslag,2026-04-28
FØRRE UNGDOMSLAG,988384771,TYSVÆR,Rogaland,"c/o Svein Milje, Stakkestadvegen 29",5563,FØRRESFJORDEN,https://forreungdomshus.no,brreg,https://data.brreg.no/enhetsregisteret/oppslag/enheter/988384771,ungdomslag,2026-04-28
GRINDE SKOLEMUSIKKORPS,984123582,TYSVÆR,Rogaland,"c/o Karoline Birk, Aksdalsvegen 185",5570,AKSDAL,,brreg,https://data.brreg.no/enhetsregisteret/oppslag/enheter/984123582,grendelag,2026-04-28
HERVIK UNGDOMSLAG,984224559,TYSVÆR,Rogaland,Hundsnesvegen 110,5566,HERVIK,,brreg,https://data.brreg.no/enhetsregisteret/oppslag/enheter/984224559,ungdomslag,2026-04-28
KVINNESLAND FRILYNDE UNGDOMSLAG,995828766,TYSVÆR,Rogaland,"c/o Sondre Førland, Kalvatreet 7A",5565,TYSVÆRVÅG,,brreg,https://data.brreg.no/enhetsregisteret/oppslag/enheter/995828766,ungdomslag,2026-04-28
NEDSTRAND BYGDEKVINNELAG,988738999,TYSVÆR,Rogaland,,5560,NEDSTRAND,,brreg,https://data.brreg.no/enhetsregisteret/oppslag/enheter/988738999,bygdelag,2026-04-28
SKJOLDASTRAUMEN BYGDALAG,994539647,TYSVÆR,Rogaland,"c/o Cathrine Dommersnes, Skjoldastraumsvegen 957",5567,SKJOLDASTRAUMEN,https://www.skjoldastraumen.no,brreg,https://data.brreg.no/enhetsregisteret/oppslag/enheter/994539647,bygdelag,2026-04-28
STEINBRU BYGDALAG,985163383,TYSVÆR,Rogaland,,5567,SKJOLDASTRAUMEN,,brreg,https://data.brreg.no/enhetsregisteret/oppslag/enheter/985163383,bygdelag,2026-04-28
TYSVÆR BYGDEKVINNELAG,987358513,TYSVÆR,Rogaland,"v/Oddveig Rasmussen, Svartmyrvegen 18",5565,TYSVÆRVÅG,,brreg,https://data.brreg.no/enhetsregisteret/oppslag/enheter/987358513,bygdelag,2026-04-28
YRKJE OG LINDANGER BYGDALAG,916746555,TYSVÆR,Rogaland,Nedstrandsvegen 364,5567,SKJOLDASTRAUMEN,,brreg,https://data.brreg.no/enhetsregisteret/oppslag/enheter/916746555,bygdelag,2026-04-28
BYGDELAGET HAUGSBU,984115075,VINDAFJORD,Rogaland,Haugsgjerdet,5584,BJOA,,brreg,https://data.brreg.no/enhetsregisteret/oppslag/enheter/984115075,bygdelag,2026-04-28
IMSLAND BYGDEKVINNELAG,971348062,VINDAFJORD,Rogaland,Ølmedalsvegen 90,5583,VIKEDAL,,brreg,https://data.brreg.no/enhetsregisteret/oppslag/enheter/971348062,bygdelag,2026-04-28
MIDTBYGDENS UNGDOMSLAG,984129459,VINDAFJORD,Rogaland,Movegen 584,5583,VIKEDAL,https://sites.google.com/site/midtbygdensungdomslag/,brreg,https://data.brreg.no/enhetsregisteret/oppslag/enheter/984129459,ungdomslag,2026-04-28
SANDEID UNGDOMSLAG,975680770,VINDAFJORD,Rogaland,"c/o Jane Elin Owe, Saudavegen 6263",5585,SANDEID,,brreg,https://data.brreg.no/enhetsregisteret/oppslag/enheter/975680770,ungdomslag,2026-04-28
SKJOLD BYGDALAG,984276311,VINDAFJORD,Rogaland,"c/o Gunn Haraldseid, Isvikvegen 20",5574,SKJOLD,,brreg,https://data.brreg.no/enhetsregisteret/oppslag/enheter/984276311,bygdelag,2026-04-28
SKJOLD BYGDEKVINNELAG,994009303,VINDAFJORD,Rogaland,"c/o Anne Kristine Lilleskog, Andersen, Bisparhaugvegen 11",5574,SKJOLD,,brreg,https://data.brreg.no/enhetsregisteret/oppslag/enheter/994009303,bygdelag,2026-04-28
UL SKJOLDAFJORD,984756666,VINDAFJORD,Rogaland,"UL Skjoldafjord, Vikanesvegen 8",5574,SKJOLD,https://ulskjoldafjord.no,brreg,https://data.brreg.no/enhetsregisteret/oppslag/enheter/984756666,ungdomslag,2026-04-28
VATS BYGDEKVINNELAG,987227028,VINDAFJORD,Rogaland,Heievegen 22,5576,ØVRE VATS,https://bygdekvinnelaget.no/lokallag/vats-bygdekvinnelag,brreg,https://data.brreg.no/enhetsregisteret/oppslag/enheter/987227028,bygdelag,2026-04-28
VATS UNGDOMSLAG,928885712,VINDAFJORD,Rogaland,Åmsvegen 29,5578,NEDRE VATS,,brreg,https://data.brreg.no/enhetsregisteret/oppslag/enheter/928885712,ungdomslag,2026-04-28
VIKEDAL UNGDOMSLAG,984039883,VINDAFJORD,Rogaland,"c/o Nils Erik Eide, Eikebakken 2",5583,VIKEDAL,https://www.vikedalungdomslag.no,brreg,https://data.brreg.no/enhetsregisteret/oppslag/enheter/984039883,ungdomslag,2026-04-28
ØLENSVÅG GRENDEUTVAL,919349387,VINDAFJORD,Rogaland,"c/o Leif Thorsen, Salsteinstien 20",5582,ØLENSVÅG,https://vaagengrendeutval.no,brreg,https://data.brreg.no/enhetsregisteret/oppslag/enheter/919349387,grendelag,2026-04-28
BAMBLE BYGDEKVINNELAG,924318600,BAMBLE,Telemark,"c/o Bjørg Dahl Rogn, Valleveien 441",3967,STATHELLE,,brreg,https://data.brreg.no/enhetsregisteret/oppslag/enheter/924318600,bygdelag,2026-04-28
BREVIKSTRAND GRENDEHUS,819445052,BAMBLE,Telemark,Valleveien 251,3967,STATHELLE,,brreg,https://data.brreg.no/enhetsregisteret/oppslag/enheter/819445052,grendelag,2026-04-28
BRUNSTAD UNGDOMSKLUBB GRENLAND,822094562,BAMBLE,Telemark,Sundbykåsa 26,3961,STATHELLE,,brreg,https://data.brreg.no/enhetsregisteret/oppslag/enheter/822094562,ungdomslag,2026-04-28
BYGDEKINO LANGESUND,927621843,BAMBLE,Telemark,Storgata 8,3970,LANGESUND,,brreg,https://data.brreg.no/enhetsregisteret/oppslag/enheter/927621843,bygdelag,2026-04-28
GRENLAND UNGDOMSKOR,924504145,BAMBLE,Telemark,"c/o Nancy Ann Helgesen, Bergstien 6",3960,STATHELLE,,brreg,https://data.brreg.no/enhetsregisteret/oppslag/enheter/924504145,ungdomslag,2026-04-28
HERRE UNGDOMSKORPS,983803733,BAMBLE,Telemark,Skolemesteren 19,3961,STATHELLE,,brreg,https://data.brreg.no/enhetsregisteret/oppslag/enheter/983803733,ungdomslag,2026-04-28
SOMALISK UNGDOMSFORENING I TELEMARK,994332155,BAMBLE,Telemark,"v/ Mohamed Ahmed Mohamed, Fiolveien 19A",3970,LANGESUND,,brreg,https://data.brreg.no/enhetsregisteret/oppslag/enheter/994332155,ungdomslag,2026-04-28
TELEMARK UNGDOMSLAG,996633004,BAMBLE,Telemark,Barnålveien 11,3960,STATHELLE,,brreg,https://data.brreg.no/enhetsregisteret/oppslag/enheter/996633004,ungdomslag,2026-04-28
BOSTRAK GRENDELAG,919128585,DRANGEDAL,Telemark,"c/o Hilde Storbukås, Rekvikåsen 11",3750,DRANGEDAL,,brreg,https://data.brreg.no/enhetsregisteret/oppslag/enheter/919128585,grendelag,2026-04-28
DRANGEDAL BYGDEHAGE,927602059,DRANGEDAL,Telemark,Heireks vei 4,3750,DRANGEDAL,,brreg,https://data.brreg.no/enhetsregisteret/oppslag/enheter/927602059,bygdelag,2026-04-28
FJELLGÅRDANE GRENDELAG,923039759,DRANGEDAL,Telemark,"c/o Bodil Gautefald, Gautefallgårdane 1",3750,DRANGEDAL,,brreg,https://data.brreg.no/enhetsregisteret/oppslag/enheter/923039759,grendelag,2026-04-28
HELDAL GRENDEHUS,922170428,DRANGEDAL,Telemark,Heldalsgrenda 18,3760,NESLANDSVATN,,brreg,https://data.brreg.no/enhetsregisteret/oppslag/enheter/922170428,grendelag,2026-04-28
KJOSEN GRENDEKRETS,923065601,DRANGEDAL,Telemark,"c/o Knut Halvor Bøe, Singusdalsveien 387",3750,DRANGEDAL,,brreg,https://data.brreg.no/enhetsregisteret/oppslag/enheter/923065601,grendelag,2026-04-28
KJOSEN GRENDELAG,923117660,DRANGEDAL,Telemark,"c/o Anniken Esborg, Siljeveien 12",3750,DRANGEDAL,,brreg,https://data.brreg.no/enhetsregisteret/oppslag/enheter/923117660,grendelag,2026-04-28
KJOSEN KRISTNE UNGDOMSFORENING,923066136,DRANGEDAL,Telemark,"c/o Knut Halvor Bøe, Singusdalsveien 387",3750,DRANGEDAL,,brreg,https://data.brreg.no/enhetsregisteret/oppslag/enheter/923066136,ungdomslag,2026-04-28
KROKEN GRENDEKRETS,924058056,DRANGEDAL,Telemark,"c/o Arnt Olav Brødsjø, Stengerveien 48",3760,NESLANDSVATN,,brreg,https://data.brreg.no/enhetsregisteret/oppslag/enheter/924058056,grendelag,2026-04-28
SOLVANG UNGDOMSHUS OG GRENDELAG,923836721,DRANGEDAL,Telemark,Drangedalsveien 1748,3750,DRANGEDAL,,brreg,https://data.brreg.no/enhetsregisteret/oppslag/enheter/923836721,"ungdomslag,grendelag",2026-04-28
STRAUME GRENDELAG,930902187,DRANGEDAL,Telemark,Seterveien 41,3750,DRANGEDAL,,brreg,https://data.brreg.no/enhetsregisteret/oppslag/enheter/930902187,grendelag,2026-04-28
U.L. ØSTERDØLEN,993874949,DRANGEDAL,Telemark,,3753,TØRDAL,,brreg,https://data.brreg.no/enhetsregisteret/oppslag/enheter/993874949,ungdomslag,2026-04-28
UL BREIDABLIKK,981663896,DRANGEDAL,Telemark,Kjørkeflata 3,3753,TØRDAL,,brreg,https://data.brreg.no/enhetsregisteret/oppslag/enheter/981663896,ungdomslag,2026-04-28
ØSTRE BJÅRVANN GRENDELAG,923028528,DRANGEDAL,Telemark,"c/o Laila Ettestad, Ettestadveien 650",3750,DRANGEDAL,,brreg,https://data.brreg.no/enhetsregisteret/oppslag/enheter/923028528,grendelag,2026-04-28
BYGDEDAGSKOMITEEN,998102537,FYRESDAL,Telemark,,3870,FYRESDAL,,brreg,https://data.brreg.no/enhetsregisteret/oppslag/enheter/998102537,bygdelag,2026-04-28
FYRESDAL BYGDEKVINNELAG,894888792,FYRESDAL,Telemark,"V/Inger Lise Lund, Birtedalsvegen 1050",3870,FYRESDAL,,brreg,https://data.brreg.no/enhetsregisteret/oppslag/enheter/894888792,bygdelag,2026-04-28
FØRSDAL BYGDEKOR,895266612,FYRESDAL,Telemark,"c/o Åshild Halvorsen, Fyresdalsvegen 640",3870,FYRESDAL,,brreg,https://data.brreg.no/enhetsregisteret/oppslag/enheter/895266612,bygdelag,2026-04-28
HAUGGREND GRENDELAG,994163779,FYRESDAL,Telemark,"c/o Karin Bergland, Foldsævegen 134",3870,FYRESDAL,,brreg,https://data.brreg.no/enhetsregisteret/oppslag/enheter/994163779,grendelag,2026-04-28
KILEGREND GRENDELAG,996746763,FYRESDAL,Telemark,"c/o Pål Kjetil Kiland, Kilandsvegen 26",3870,FYRESDAL,,brreg,https://data.brreg.no/enhetsregisteret/oppslag/enheter/996746763,grendelag,2026-04-28
VESTKANTEN GRENDELAG,995672251,FYRESDAL,Telemark,v/ Lillian Borgen,3870,FYRESDAL,,brreg,https://data.brreg.no/enhetsregisteret/oppslag/enheter/995672251,grendelag,2026-04-28
VEUM GRENDELAG,876239612,FYRESDAL,Telemark,Veum,3870,FYRESDAL,,brreg,https://data.brreg.no/enhetsregisteret/oppslag/enheter/876239612,grendelag,2026-04-28
ÅSLAND GRENDELAG,931696432,FYRESDAL,Telemark,"c/o Gunhild Austjord, Åslandsgrend 204",3870,FYRESDAL,,brreg,https://data.brreg.no/enhetsregisteret/oppslag/enheter/931696432,grendelag,2026-04-28
HJARTDAL UNGDOMSLAG,919090057,HJARTDAL,Telemark,"c/o Anette Løkslid Langåsdalen, Opsalvegen 84",3690,HJARTDAL,,brreg,https://data.brreg.no/enhetsregisteret/oppslag/enheter/919090057,ungdomslag,2026-04-28
SAULAND BYGDEKVINNELAG,922747180,HJARTDAL,Telemark,"c/o Reidun Kasin Skoje, Tuddalsvegen 119",3692,SAULAND,,brreg,https://data.brreg.no/enhetsregisteret/oppslag/enheter/922747180,bygdelag,2026-04-28
SAULAND BYGDELAG,893199322,HJARTDAL,Telemark,"c/o Bjørn Rugaas, Saulandsvegen 524",3692,SAULAND,https://www.sauland.net,brreg,https://data.brreg.no/enhetsregisteret/oppslag/enheter/893199322,bygdelag,2026-04-28
SAULAND UNGDOMSLAG,988822507,HJARTDAL,Telemark,"c/o Kjellrun Sundvor Eikemo, Saulandsvegen 627",3692,SAULAND,,brreg,https://data.brreg.no/enhetsregisteret/oppslag/enheter/988822507,ungdomslag,2026-04-28
TUDDAL BYGDEKVINNELAG,924659459,HJARTDAL,Telemark,Tuddalsvegen 1991,3697,TUDDAL,,brreg,https://data.brreg.no/enhetsregisteret/oppslag/enheter/924659459,bygdelag,2026-04-28
U.L. FRAM,988743771,HJARTDAL,Telemark,"v/Reidun Hagen, Fossehalli",3697,TUDDAL,,brreg,https://data.brreg.no/enhetsregisteret/oppslag/enheter/988743771,ungdomslag,2026-04-28
HELLEKIRKENS BARNE OG UNGDOMSKOR,924187921,KRAGERØ,Telemark,Rådyrveien 16B,3790,HELLE,,brreg,https://data.brreg.no/enhetsregisteret/oppslag/enheter/924187921,ungdomslag,2026-04-28
KRAGERØ SJAKKLUBB UNGDOM,816691982,KRAGERØ,Telemark,Bergmesterveien 18,3770,KRAGERØ,,brreg,https://data.brreg.no/enhetsregisteret/oppslag/enheter/816691982,"ungdomslag,bygdelag",2026-04-28
SANNIDAL MENIGHETS UNGDOMSKLUBB (SMUK),924019190,KRAGERØ,Telemark,"c/o Jens K. Lofthaug, Sannidalsveien 331",3766,SANNIDAL,,brreg,https://data.brreg.no/enhetsregisteret/oppslag/enheter/924019190,ungdomslag,2026-04-28
SANNIDAL UNGDOMSLAG,915886000,KRAGERØ,Telemark,Sjådamveien 67B,3772,KRAGERØ,,brreg,https://data.brreg.no/enhetsregisteret/oppslag/enheter/915886000,ungdomslag,2026-04-28
ULLENSAKER KRISTELIGE UNGDOMSFORENING,918187995,KRAGERØ,Telemark,"c/o Ole Thomas Løvstad, Måneliveien 19B",3790,HELLE,,brreg,https://data.brreg.no/enhetsregisteret/oppslag/enheter/918187995,ungdomslag,2026-04-28
DALANE GRENDELAG,915797466,KVITESEID,Telemark,Dalanvegen 1224,3850,KVITESEID,,brreg,https://data.brreg.no/enhetsregisteret/oppslag/enheter/915797466,grendelag,2026-04-28
DØLEHALLI GRENDELAG,918916903,KVITESEID,Telemark,"c/o Helge Andersen Byggland, Bygglandvegen 39",3848,MORGEDAL,,brreg,https://data.brreg.no/enhetsregisteret/oppslag/enheter/918916903,grendelag,2026-04-28
FJÅGESUND GRENDEHUSLAG,989683861,KVITESEID,Telemark,Fjågesund,3850,KVITESEID,,brreg,https://data.brreg.no/enhetsregisteret/oppslag/enheter/989683861,grendelag,2026-04-28
KILEN GRENDELAG,924669136,KVITESEID,Telemark,"c/o Svein Asle Holberg, Kilenvegen 585",3840,SELJORD,,brreg,https://data.brreg.no/enhetsregisteret/oppslag/enheter/924669136,grendelag,2026-04-28
KVITESEID UNGDOMSKLUBB,834766132,KVITESEID,Telemark,Kviteseidgata 13,3850,KVITESEID,,brreg,https://data.brreg.no/enhetsregisteret/oppslag/enheter/834766132,ungdomslag,2026-04-28
LUNDEVALL GRENDELAG,996094839,KVITESEID,Telemark,Dalanvegen,3850,KVITESEID,,brreg,https://data.brreg.no/enhetsregisteret/oppslag/enheter/996094839,grendelag,2026-04-28
MORGEDAL BYGDEKVINNELAG,894514582,KVITESEID,Telemark,"c/o Mari Anne Opsund, Brunkebergvegen 682",3850,KVITESEID,https://www.bygdekvinnelaget.no,brreg,https://data.brreg.no/enhetsregisteret/oppslag/enheter/894514582,bygdelag,2026-04-28
TVEITGREND GRENDELAG,994827405,KVITESEID,Telemark,Tveitgrend Grendehus,3850,KVITESEID,,brreg,https://data.brreg.no/enhetsregisteret/oppslag/enheter/994827405,grendelag,2026-04-28
VRÅDAL GRENDEHUS,923018980,KVITESEID,Telemark,"c/o Olav Sanden, Vråliosvegen 222B",3853,VRÅDAL,,brreg,https://data.brreg.no/enhetsregisteret/oppslag/enheter/923018980,grendelag,2026-04-28
VRÅLIOSEN GRENDELAG,994859889,KVITESEID,Telemark,,3849,VRÅLIOSEN,,brreg,https://data.brreg.no/enhetsregisteret/oppslag/enheter/994859889,grendelag,2026-04-28
ÅSGREND GRENDELAG,890692842,KVITESEID,Telemark,Åsgrend,3850,KVITESEID,,brreg,https://data.brreg.no/enhetsregisteret/oppslag/enheter/890692842,grendelag,2026-04-28
BØ BYGDEKVINNELAG,992791764,MIDT-TELEMARK,Telemark,Forbergvegen 139,3803,BØ I TELEMARK,,brreg,https://data.brreg.no/enhetsregisteret/oppslag/enheter/992791764,bygdelag,2026-04-28
BØ FRILYNDE UNGDOMSLAG,971325852,MIDT-TELEMARK,Telemark,Sandvinvegen,3802,BØ I TELEMARK,,brreg,https://data.brreg.no/enhetsregisteret/oppslag/enheter/971325852,ungdomslag,2026-04-28
FINNMARK UNGDOMSLAG,927023741,MIDT-TELEMARK,Telemark,"c/o Svein Thomassen, Framstadvegen 28",3800,BØ I TELEMARK,,brreg,https://data.brreg.no/enhetsregisteret/oppslag/enheter/927023741,ungdomslag,2026-04-28
FLATIN OG VALEN GRENDELAG,913755065,MIDT-TELEMARK,Telemark,Valenvegen 228,3804,BØ I TELEMARK,,brreg,https://data.brreg.no/enhetsregisteret/oppslag/enheter/913755065,grendelag,2026-04-28
HEIA GRENDELAG,988696382,MIDT-TELEMARK,Telemark,Vatnarvegen 709,3804,BØ I TELEMARK,,brreg,https://data.brreg.no/enhetsregisteret/oppslag/enheter/988696382,grendelag,2026-04-28
KLEVAR BYGDELAG,998148987,MIDT-TELEMARK,Telemark,Klevarsida 228,3812,AKKERHAUGEN,,brreg,https://data.brreg.no/enhetsregisteret/oppslag/enheter/998148987,bygdelag,2026-04-28
NES FRILYNTE UNGDOMSLAG,994187112,MIDT-TELEMARK,Telemark,"c/o Aslak Gunnheim, Gåsefetbrinken 6",3810,GVARV,,brreg,https://data.brreg.no/enhetsregisteret/oppslag/enheter/994187112,ungdomslag,2026-04-28
NORDAGUTU UNGDOMSKLUBB,934330919,MIDT-TELEMARK,Telemark,Sundsmoenvegen 14,3820,NORDAGUTU,,brreg,https://data.brreg.no/enhetsregisteret/oppslag/enheter/934330919,ungdomslag,2026-04-28
OTERHOLT GRENDELAG,912080056,MIDT-TELEMARK,Telemark,Sønstebøvegen 40,3803,BØ I TELEMARK,https://www.oterholtgrendelag.no,brreg,https://data.brreg.no/enhetsregisteret/oppslag/enheter/912080056,grendelag,2026-04-28
SAUHERAD BYGDEKVINNELAG,920020259,MIDT-TELEMARK,Telemark,"c/o Berit a.b.grimsrud, Gåsefetbrinken 2",3810,GVARV,,brreg,https://data.brreg.no/enhetsregisteret/oppslag/enheter/920020259,bygdelag,2026-04-28
SETT-UNGDOM,919306572,MIDT-TELEMARK,Telemark,Gymnasbakken 55,3802,BØ I TELEMARK,,brreg,https://data.brreg.no/enhetsregisteret/oppslag/enheter/919306572,"ungdomslag,bygdelag",2026-04-28
STIFTELSEN JØNNBU FJELLKYRKJE OG UNGDOMSSENTER,970273387,MIDT-TELEMARK,Telemark,Lifjellvegen 966,3804,BØ I TELEMARK,https://www.jonnbu.no,brreg,https://data.brreg.no/enhetsregisteret/oppslag/enheter/970273387,ungdomslag,2026-04-28
SUNDS BYGDELAG,998191122,MIDT-TELEMARK,Telemark,Nordagutuvegen 1095,3820,NORDAGUTU,,brreg,https://data.brreg.no/enhetsregisteret/oppslag/enheter/998191122,bygdelag,2026-04-28
ØVRE BØ UNGDOMSLAG,998264162,MIDT-TELEMARK,Telemark,"c/o Amund Johnsrud, Sandamoen 1",3803,BØ I TELEMARK,,brreg,https://data.brreg.no/enhetsregisteret/oppslag/enheter/998264162,ungdomslag,2026-04-28
FELLE GRENDE OG IDRETTSLAG,995350688,NISSEDAL,Telemark,"c/o Stein Skåli, Skålivegen 221",4865,ÅMLI,https://idrett.speaker.no/organisation.asp?id=23520,brreg,https://data.brreg.no/enhetsregisteret/oppslag/enheter/995350688,grendelag,2026-04-28
NISSEDAL BYGDEKVINNELAG,994115952,NISSEDAL,Telemark,"c/o Liv Jorunn Oterholt, Nissedalsvegen 999",3854,NISSEDAL,,brreg,https://data.brreg.no/enhetsregisteret/oppslag/enheter/994115952,bygdelag,2026-04-28
NISSEDAL UNGDOMSSJAKKLUBB,932922754,NISSEDAL,Telemark,Solås 2,3855,TREUNGEN,,brreg,https://data.brreg.no/enhetsregisteret/oppslag/enheter/932922754,ungdomslag,2026-04-28
NORDBYGDA GRENDELAG,918725369,NISSEDAL,Telemark,Nordbygdvegen 208,3854,NISSEDAL,,brreg,https://data.brreg.no/enhetsregisteret/oppslag/enheter/918725369,grendelag,2026-04-28
U.L. VÅRVON,994831887,NISSEDAL,Telemark,Fjone,3854,NISSEDAL,,brreg,https://data.brreg.no/enhetsregisteret/oppslag/enheter/994831887,ungdomslag,2026-04-28
UL VÅRSOL,986043713,NISSEDAL,Telemark,UL Vårsol,3855,TREUNGEN,,brreg,https://data.brreg.no/enhetsregisteret/oppslag/enheter/986043713,ungdomslag,2026-04-28
17. MAI KOMITEEN ULEFOSS,930901741,NOME,Telemark,"c/o Tor Erik Baksås, Nomevegen 29",3825,LUNDE,,brreg,https://data.brreg.no/enhetsregisteret/oppslag/enheter/930901741,ungdomslag,2026-04-28
HOLLA BYGDEKVINNELAG,911556030,NOME,Telemark,"c/o Karin Kabbe, Hjelsethvegen 4",3830,ULEFOSS,,brreg,https://data.brreg.no/enhetsregisteret/oppslag/enheter/911556030,bygdelag,2026-04-28
KLUBBEN - ULEFOSS,929673182,NOME,Telemark,"c/o Linda Therese Thorstensen, Kullhusbakken 20",3830,ULEFOSS,,brreg,https://data.brreg.no/enhetsregisteret/oppslag/enheter/929673182,ungdomslag,2026-04-28
KLUBBEN ULEFOS AS AVD ULEFOSS,999069789,NOME,Telemark,Jernværksvegen 12,3830,ULEFOSS,,brreg,https://data.brreg.no/enhetsregisteret/oppslag/enheter/999069789,ungdomslag,2026-04-28
LUNDE OG ULEFOSS SKOLEKORPS,975618366,NOME,Telemark,"c/o CALLISTO REGNSKAP, Brugata 14",3825,LUNDE,,brreg,https://data.brreg.no/enhetsregisteret/oppslag/enheter/975618366,ungdomslag,2026-04-28
NOME HANDIKAPLAG ULEFOSS LUNDE,984115407,NOME,Telemark,"c/o Ruth Ellinor Hammer Vetne, Grønvoldvegen 705",3830,ULEFOSS,,brreg,https://data.brreg.no/enhetsregisteret/oppslag/enheter/984115407,ungdomslag,2026-04-28
SØVE UNGDOMSLAG,926101102,NOME,Telemark,Søvevegen 6,3830,ULEFOSS,,brreg,https://data.brreg.no/enhetsregisteret/oppslag/enheter/926101102,ungdomslag,2026-04-28
TELEMARK BYGDEKVINNELAG,991586482,NOME,Telemark,"c/o Anne Mette B Bøe, Telemark Bygdekvinnelag, Skiensvegen 750",3830,ULEFOSS,https://www.bygdekvinnelaget.no/telemark,brreg,https://data.brreg.no/enhetsregisteret/oppslag/enheter/991586482,bygdelag,2026-04-28
ULEFOSS ATLETKLUBB,914353610,NOME,Telemark,Kaldekjeldevegen 3,3830,ULEFOSS,,brreg,https://data.brreg.no/enhetsregisteret/oppslag/enheter/914353610,ungdomslag,2026-04-28
ULEFOSS BÅTFORENING,984669828,NOME,Telemark,Postboks 28,3831,ULEFOSS,,brreg,https://data.brreg.no/enhetsregisteret/oppslag/enheter/984669828,ungdomslag,2026-04-28
ULEFOSS FOTOKLUBB,918263322,NOME,Telemark,"c/o Trine Dahl, Tråholtvegen 5",3830,ULEFOSS,,brreg,https://data.brreg.no/enhetsregisteret/oppslag/enheter/918263322,ungdomslag,2026-04-28
ULEFOSS IDEFORUM,914381517,NOME,Telemark,"c/o Ole-Martin Gulliksen, Kirkebakken 17",3830,ULEFOSS,https://www.facebook.com/UlefossIdeforum/,brreg,https://data.brreg.no/enhetsregisteret/oppslag/enheter/914381517,ungdomslag,2026-04-28
ULEFOSS MC-KLUBB,915223133,NOME,Telemark,"c/o Tor Flom, Hagavegen 6",3830,ULEFOSS,https://www.ulefoss-mc.org/,brreg,https://data.brreg.no/enhetsregisteret/oppslag/enheter/915223133,ungdomslag,2026-04-28
ULEFOSS MUSIKKORPS,976179722,NOME,Telemark,,3830,ULEFOSS,,brreg,https://data.brreg.no/enhetsregisteret/oppslag/enheter/976179722,ungdomslag,2026-04-28
ULEFOSS SPORTSFORENING,982908582,NOME,Telemark,Postboks 76,3830,ULEFOSS,https://www.ulefoss-sportsforening.no,brreg,https://data.brreg.no/enhetsregisteret/oppslag/enheter/982908582,ungdomslag,2026-04-28
ULEFOSS TANKESMIE,914449286,NOME,Telemark,"v/ Vidar Høglid, Åslandvegen 7",3830,ULEFOSS,,brreg,https://data.brreg.no/enhetsregisteret/oppslag/enheter/914449286,ungdomslag,2026-04-28
VAKRE ULEFOSS,998162890,NOME,Telemark,"c/o Eli Melteig Kabbe, Fenittvegen 2",3830,ULEFOSS,,brreg,https://data.brreg.no/enhetsregisteret/oppslag/enheter/998162890,ungdomslag,2026-04-28
GRANSHERAD UNGDOMSLAG,917082685,NOTODDEN,Telemark,Gransheradvegen,3691,GRANSHERAD,,brreg,https://data.brreg.no/enhetsregisteret/oppslag/enheter/917082685,ungdomslag,2026-04-28
HEDDAL BYGDEKVINNELAG,917126518,NOTODDEN,Telemark,"c/o Laila Glittenberg Moen, Tåråfjellvegen 148",3677,NOTODDEN,,brreg,https://data.brreg.no/enhetsregisteret/oppslag/enheter/917126518,bygdelag,2026-04-28
KRONA-SAMMEN FOR UNGDOMMEN,982521831,NOTODDEN,Telemark,Storgata 68,3674,NOTODDEN,,brreg,https://data.brreg.no/enhetsregisteret/oppslag/enheter/982521831,ungdomslag,2026-04-28
NOTODDEN BARNE OG UNGDOMSTEATER,914111188,NOTODDEN,Telemark,Nordahl Griegs gate 1,3679,NOTODDEN,,brreg,https://data.brreg.no/enhetsregisteret/oppslag/enheter/914111188,ungdomslag,2026-04-28
STRAND KULTUR OG GRENDEHUS,922651213,NOTODDEN,Telemark,"c/o Inger Strand Kleiva, Søndre Vestsidaveg 705",3677,NOTODDEN,,brreg,https://data.brreg.no/enhetsregisteret/oppslag/enheter/922651213,grendelag,2026-04-28
STØTTEGRUPPE FOR HEDDAL UNGDOMSKOLE OG HEDDAL BARNESKOLE,914337879,NOTODDEN,Telemark,Gavlesjåvegen 91,3677,NOTODDEN,,brreg,https://data.brreg.no/enhetsregisteret/oppslag/enheter/914337879,ungdomslag,2026-04-28
BRATTÅS UNGDOMSSJAKKLUBB,983907547,PORSGRUNN,Telemark,Brattåsvegen 12,3942,PORSGRUNN,https://brattaassjakk.no/,brreg,https://data.brreg.no/enhetsregisteret/oppslag/enheter/983907547,ungdomslag,2026-04-28
BREVIK BARNE- OG UNGDOMSTEATER,999261205,PORSGRUNN,Telemark,"c/o Kaija Helene Siljan, Friervegen 235",3940,PORSGRUNN,,brreg,https://data.brreg.no/enhetsregisteret/oppslag/enheter/999261205,ungdomslag,2026-04-28
MISJON UTEN GRENSER,971467134,PORSGRUNN,Telemark,Moen 9,3948,PORSGRUNN,https://www.misjonutengrenser.no,brreg,https://data.brreg.no/enhetsregisteret/oppslag/enheter/971467134,grendelag,2026-04-28
ODD FELLOW LOGE NR. 47 GRENMAR,889232072,PORSGRUNN,Telemark,Sverresgate 9,3916,PORSGRUNN,https://www.oddfellow.no,brreg,https://data.brreg.no/enhetsregisteret/oppslag/enheter/889232072,grendelag,2026-04-28
SKEIV UNGDOM TELEMARK,898659682,PORSGRUNN,Telemark,Grønlihamna 9,3924,PORSGRUNN,,brreg,https://data.brreg.no/enhetsregisteret/oppslag/enheter/898659682,"ungdomslag,bygdelag",2026-04-28
TELEMARK RUSFRI UNGDOM,994774239,PORSGRUNN,Telemark,Snorresgate 1,3936,PORSGRUNN,https://Telemarkrusfriungdom.no,brreg,https://data.brreg.no/enhetsregisteret/oppslag/enheter/994774239,"ungdomslag,bygdelag",2026-04-28
VESTFOLD SOSIALISTISK UNGDOM,932836424,PORSGRUNN,Telemark,"c/o Vestfold SV, Storgata 141",3915,PORSGRUNN,,brreg,https://data.brreg.no/enhetsregisteret/oppslag/enheter/932836424,"ungdomslag,bygdelag",2026-04-28
BJØRGEMOEN GRENDELAG,925617016,SELJORD,Telemark,"c/o Tommy Lauvstad, Bjørgemoen 7",3840,SELJORD,,brreg,https://data.brreg.no/enhetsregisteret/oppslag/enheter/925617016,grendelag,2026-04-28
DYRLANDSDALEN GRENDELAG,919034947,SELJORD,Telemark,Åmotsdalsvegen 741,3841,FLATDAL,,brreg,https://data.brreg.no/enhetsregisteret/oppslag/enheter/919034947,grendelag,2026-04-28
FLATDAL UNGDOMSLAG,915025315,SELJORD,Telemark,,3841,FLATDAL,,brreg,https://data.brreg.no/enhetsregisteret/oppslag/enheter/915025315,ungdomslag,2026-04-28
LANGLIM GRENDELAG,996846547,SELJORD,Telemark,Sælidvegen 19,3841,FLATDAL,,brreg,https://data.brreg.no/enhetsregisteret/oppslag/enheter/996846547,grendelag,2026-04-28
"MJØLKERAMPA, SELJORD UNGDOMSHUS",934174461,SELJORD,Telemark,Brøløsvegen 13A,3840,SELJORD,,brreg,https://data.brreg.no/enhetsregisteret/oppslag/enheter/934174461,ungdomslag,2026-04-28
NORDBYGDI GRENDELAG,917112975,SELJORD,Telemark,"c/o Gunn Helga Vindfjell, Kasland 3",3840,SELJORD,,brreg,https://data.brreg.no/enhetsregisteret/oppslag/enheter/917112975,grendelag,2026-04-28
SELJORD UNGDOMSLAG,971326697,SELJORD,Telemark,,3840,SELJORD,,brreg,https://data.brreg.no/enhetsregisteret/oppslag/enheter/971326697,ungdomslag,2026-04-28
SELJORDSHEI GRENDELAG,915240615,SELJORD,Telemark,Heivegen 265,3840,SELJORD,,brreg,https://data.brreg.no/enhetsregisteret/oppslag/enheter/915240615,grendelag,2026-04-28
SVARTDAL GRENDELAG,996047504,SELJORD,Telemark,Blikavegen 2,3841,FLATDAL,,brreg,https://data.brreg.no/enhetsregisteret/oppslag/enheter/996047504,grendelag,2026-04-28
VERKSTA'N - EIN MOTORVERKSTAD FOR UNGDOM I SELJORD,833835602,SELJORD,Telemark,"c/o Halfdan Haugan, Brøløsvegen 7",3840,SELJORD,,brreg,https://data.brreg.no/enhetsregisteret/oppslag/enheter/833835602,"ungdomslag,bygdelag",2026-04-28
ÅMOTSDAL GRENDEHUS,915766250,SELJORD,Telemark,"c/o Eivind Svinjom, Åmotsdalsvegen 1253",3844,ÅMOTSDAL,,brreg,https://data.brreg.no/enhetsregisteret/oppslag/enheter/915766250,grendelag,2026-04-28
SILJAN BYGDEKVINNELAG,917220360,SILJAN,Telemark,"c/o Wenche Jorunn Simonsen, Mølleåsen 1",3748,SILJAN,,brreg,https://data.brreg.no/enhetsregisteret/oppslag/enheter/917220360,bygdelag,2026-04-28
ALDEBARAN BARNE- OG UNGDOMSTEATER,997476190,SKIEN,Telemark,Skoglivegen 38,3718,SKIEN,https://www.aldebaran.no,brreg,https://data.brreg.no/enhetsregisteret/oppslag/enheter/997476190,ungdomslag,2026-04-28
BARNE- OG UNGDOMSGRUPPEN BLI SETT,813096862,SKIEN,Telemark,Gulsetvegen 81,3718,SKIEN,,brreg,https://data.brreg.no/enhetsregisteret/oppslag/enheter/813096862,ungdomslag,2026-04-28
DRØMMEDRAMA BARNE- OG UNGDOMSTEATER,927931273,SKIEN,Telemark,"c/o Olav Graasvold, Einarbakken 4",3744,SKIEN,,brreg,https://data.brreg.no/enhetsregisteret/oppslag/enheter/927931273,ungdomslag,2026-04-28
GJERPEN BYGDEKVINNELAG,994828371,SKIEN,Telemark,"c/o Anita Ballestad, Håvundvegen 313",3713,SKIEN,,brreg,https://data.brreg.no/enhetsregisteret/oppslag/enheter/994828371,bygdelag,2026-04-28
"GJERPEN FR. UNGDOMSLAG, SKIEN",889290692,SKIEN,Telemark,Limiløkka 71,3721,SKIEN,,brreg,https://data.brreg.no/enhetsregisteret/oppslag/enheter/889290692,ungdomslag,2026-04-28
GRENMAR DYKKEKLUBB,883841522,SKIEN,Telemark,"v/ Kåre Høyer, Malmvegen 7",3727,SKIEN,https://grenmardykk.no,brreg,https://data.brreg.no/enhetsregisteret/oppslag/enheter/883841522,grendelag,2026-04-28
KLOVHOLT GRENDELAG,997703022,SKIEN,Telemark,Klovholtvegen 280,3729,SKIEN,https://www.klovholtgrendelag.no,brreg,https://data.brreg.no/enhetsregisteret/oppslag/enheter/997703022,grendelag,2026-04-28
MENTAL HELSE UNGDOM GRENLAND,913450507,SKIEN,Telemark,"C/O Tina Hill Buer, Klyveåsen 5",3738,SKIEN,,brreg,https://data.brreg.no/enhetsregisteret/oppslag/enheter/913450507,"ungdomslag,bygdelag",2026-04-28
MÆLUM UNGDOMSLAG,975712540,SKIEN,Telemark,"c/o Kjell Torbjørn Steinhaug, Hollavegen 362",3729,SKIEN,,brreg,https://data.brreg.no/enhetsregisteret/oppslag/enheter/975712540,ungdomslag,2026-04-28
SKIEN SJAKKLUBB UNGDOM (SKIEN SKU),994744402,SKIEN,Telemark,"Skien bibliotek, Skistredet 12",3724,SKIEN,,brreg,https://data.brreg.no/enhetsregisteret/oppslag/enheter/994744402,"ungdomslag,bygdelag",2026-04-28
SOLUM BYGDEKVINNELAG,920529453,SKIEN,Telemark,"Gry Lassen, Slaggvegen 16",3739,SKIEN,,brreg,https://data.brreg.no/enhetsregisteret/oppslag/enheter/920529453,bygdelag,2026-04-28
STAVDAL GRENDELAG,919910305,SKIEN,Telemark,"c/o Torhild Bjørbæk, Bjørbekkvegen 94",3729,SKIEN,,brreg,https://data.brreg.no/enhetsregisteret/oppslag/enheter/919910305,grendelag,2026-04-28
TELEMARK BARNE- OG UNGDOMSTEATER,917345031,SKIEN,Telemark,"c/o Tor Ivar Meling Skilbred, Roald Amundsens gate 6",3722,SKIEN,https://www.tbuteateret.no,brreg,https://data.brreg.no/enhetsregisteret/oppslag/enheter/917345031,ungdomslag,2026-04-28
VALEBØ BYGDELAG,911658720,SKIEN,Telemark,"c/o Asle Aase, Valevegen 20",3721,SKIEN,,brreg,https://data.brreg.no/enhetsregisteret/oppslag/enheter/911658720,bygdelag,2026-04-28
BERGELIGREND GRENDEHUS,924797622,TINN,Telemark,"c/o Jan Granlund, Gvæven 55",3652,HOVIN I TELEMARK,,brreg,https://data.brreg.no/enhetsregisteret/oppslag/enheter/924797622,grendelag,2026-04-28
FJELL-LJOM GRENDELAG,994746227,TINN,Telemark,"c/o Inger Kirsti Berg, Øvrebygde 546",3650,TINN AUSTBYGD,,brreg,https://data.brreg.no/enhetsregisteret/oppslag/enheter/994746227,grendelag,2026-04-28
GAUSET BYGDELAG,992654155,TINN,Telemark,"Haugatun Grendehus, Gausetvegen 734",3656,ATRÅ,,brreg,https://data.brreg.no/enhetsregisteret/oppslag/enheter/992654155,bygdelag,2026-04-28
HOVIN GRENDELAG,917256535,TINN,Telemark,"c/o Tonje Smedsrud, Hovinvegen 1881",3652,HOVIN I TELEMARK,,brreg,https://data.brreg.no/enhetsregisteret/oppslag/enheter/917256535,grendelag,2026-04-28
TINN BYGDEKVINNELAG,915350739,TINN,Telemark,"c/o Tove Kultan, Nørstegard 15",3656,ATRÅ,,brreg,https://data.brreg.no/enhetsregisteret/oppslag/enheter/915350739,bygdelag,2026-04-28
AUSTHEII GRENDELAG,925180033,TOKKE,Telemark,"c/o Kari Schrøder Lassemo, Bandakslivegen 245A",3849,VRÅLIOSEN,,brreg,https://data.brreg.no/enhetsregisteret/oppslag/enheter/925180033,grendelag,2026-04-28
BYRTE GRENDELAG,919323515,TOKKE,Telemark,"c/o Tommy V Hansen, Byrtedalen 30",3880,DALEN,,brreg,https://data.brreg.no/enhetsregisteret/oppslag/enheter/919323515,grendelag,2026-04-28
EIDSBORG UNGDOMSLAG,919202807,TOKKE,Telemark,Eidsborg,3891,HØYDALSMO,,brreg,https://data.brreg.no/enhetsregisteret/oppslag/enheter/919202807,ungdomslag,2026-04-28
LÅRDAL BARNE- OG UNGDOMSKLUBB,934472055,TOKKE,Telemark,Lårdalsvegen 1063,3891,HØYDALSMO,,brreg,https://data.brreg.no/enhetsregisteret/oppslag/enheter/934472055,ungdomslag,2026-04-28
LÅRDAL GRENDEHUS,929161211,TOKKE,Telemark,Lårdalsvegen 1085,3891,HØYDALSMO,,brreg,https://data.brreg.no/enhetsregisteret/oppslag/enheter/929161211,grendelag,2026-04-28
MO BYGDELAG,920550762,TOKKE,Telemark,"c/o Mona Nystog Andersen, Håtveitvegen 206",3880,DALEN,,brreg,https://data.brreg.no/enhetsregisteret/oppslag/enheter/920550762,bygdelag,2026-04-28
SKAFSÅ TRIM OG GRENDELAG,816111862,TOKKE,Telemark,"c/o Olav Seltveit, Skafsåvegen 758A",3880,DALEN,,brreg,https://data.brreg.no/enhetsregisteret/oppslag/enheter/816111862,grendelag,2026-04-28
TOKKE BYGDEKVINNELAG,922951225,TOKKE,Telemark,"c/o Randi J Felland, Hotellvegen 5",3880,DALEN,,brreg,https://data.brreg.no/enhetsregisteret/oppslag/enheter/922951225,bygdelag,2026-04-28
BYGDEFONDET I HAUKELI,926479490,VINJE,Telemark,"c/o Otto Haugane, Øvre Slobrekk 6",3895,EDLAND,,brreg,https://data.brreg.no/enhetsregisteret/oppslag/enheter/926479490,bygdelag,2026-04-28
DØLTEN UNGDOMSKLUBB,913783123,VINJE,Telemark,Storegutvegen 260,3895,EDLAND,,brreg,https://data.brreg.no/enhetsregisteret/oppslag/enheter/913783123,ungdomslag,2026-04-28
GRUNGEDAL GRENDELAG,929347579,VINJE,Telemark,Grungedal 138,3895,EDLAND,,brreg,https://data.brreg.no/enhetsregisteret/oppslag/enheter/929347579,grendelag,2026-04-28
MOGANE GRENDELAG,919395613,VINJE,Telemark,"v/Vegard Bråstøyl, Vinjevegen 2332",3893,VINJESVINGEN,,brreg,https://data.brreg.no/enhetsregisteret/oppslag/enheter/919395613,grendelag,2026-04-28
MØSSTROND BYGDELAG,991786503,VINJE,Telemark,Møsstrond,3864,RAULAND,,brreg,https://data.brreg.no/enhetsregisteret/oppslag/enheter/991786503,bygdelag,2026-04-28
RAULAND BYGDEKVINNELAG,920633420,VINJE,Telemark,"c/o Karin Drivarbekk, Lybergvegen 30",3890,VINJE,,brreg,https://data.brreg.no/enhetsregisteret/oppslag/enheter/920633420,bygdelag,2026-04-28
RAULAND UNGDOMSKLUBB,923258752,VINJE,Telemark,"Sondovbygget, Rjukanvegen 17",3864,RAULAND,,brreg,https://data.brreg.no/enhetsregisteret/oppslag/enheter/923258752,ungdomslag,2026-04-28
RORGE GRENDELAG,994831941,VINJE,Telemark,Dyrdalsvegen 2,3890,VINJE,,brreg,https://data.brreg.no/enhetsregisteret/oppslag/enheter/994831941,grendelag,2026-04-28
SMØRKLEPP GRENDELAG,993732265,VINJE,Telemark,,3893,VINJESVINGEN,,brreg,https://data.brreg.no/enhetsregisteret/oppslag/enheter/993732265,grendelag,2026-04-28
UL DØLELAGET,926885669,VINJE,Telemark,Storegutvegen 80,3895,EDLAND,,brreg,https://data.brreg.no/enhetsregisteret/oppslag/enheter/926885669,ungdomslag,2026-04-28
VÅ GRENDEHUS,994808257,VINJE,Telemark,Totakvegen 1738,3864,RAULAND,,brreg,https://data.brreg.no/enhetsregisteret/oppslag/enheter/994808257,grendelag,2026-04-28
ÅMOT UNGDOMSKLUBB,930950726,VINJE,Telemark,Åmotvegen 6,3890,VINJE,,brreg,https://data.brreg.no/enhetsregisteret/oppslag/enheter/930950726,ungdomslag,2026-04-28
BALSFJORD BYGDEKOR,915318398,BALSFJORD,Troms - Romsa - Tromssa,"c/o Kurt Klaussen, Aursfjordveien 289",9055,MEISTERVIK,https://balsfjordbygdekor.123hjemmeside.no/,brreg,https://data.brreg.no/enhetsregisteret/oppslag/enheter/915318398,bygdelag,2026-04-28
BUL FREMAD,884008522,BALSFJORD,Troms - Romsa - Tromssa,Øvergård,9040,NORDKJOSBOTN,,brreg,https://data.brreg.no/enhetsregisteret/oppslag/enheter/884008522,ungdomslag,2026-04-28
JOSEFVATN BYGDELAG,991062793,BALSFJORD,Troms - Romsa - Tromssa,"c/o Johan André Opgård, Grønåsveien 751",9050,STORSTEINNES,,brreg,https://data.brreg.no/enhetsregisteret/oppslag/enheter/991062793,bygdelag,2026-04-28
KANTORNES OG OMEGN BYGDELAG,991080104,BALSFJORD,Troms - Romsa - Tromssa,Kantornes,9042,LAKSVATN,,brreg,https://data.brreg.no/enhetsregisteret/oppslag/enheter/991080104,bygdelag,2026-04-28
LØKTA BYGDELAG,911771454,BALSFJORD,Troms - Romsa - Tromssa,c/o Sondre Åsgård,9042,LAKSVATN,,brreg,https://data.brreg.no/enhetsregisteret/oppslag/enheter/911771454,bygdelag,2026-04-28
MALANGSEIDET BYGDE- OG IDRETTSLAG,991262156,BALSFJORD,Troms - Romsa - Tromssa,Balsfjordveien 776,9055,MEISTERVIK,https://www.bygdelaget.no,brreg,https://data.brreg.no/enhetsregisteret/oppslag/enheter/991262156,bygdelag,2026-04-28
MESTERVIK BYGDE- OG IDRETTSLAG,971403861,BALSFJORD,Troms - Romsa - Tromssa,Malangsveien 818,9055,MEISTERVIK,,brreg,https://data.brreg.no/enhetsregisteret/oppslag/enheter/971403861,bygdelag,2026-04-28
SAGELVVATN BYGDELAG,992656794,BALSFJORD,Troms - Romsa - Tromssa,Sagelvvatn,9050,STORSTEINNES,,brreg,https://data.brreg.no/enhetsregisteret/oppslag/enheter/992656794,bygdelag,2026-04-28
SELNES GRENDEHUS FLI,934410394,BALSFJORD,Troms - Romsa - Tromssa,Selnesveien 2010,9042,LAKSVATN,,brreg,https://data.brreg.no/enhetsregisteret/oppslag/enheter/934410394,grendelag,2026-04-28
SØRKJOS- OG OMRGN BYGDELAG,991117849,BALSFJORD,Troms - Romsa - Tromssa,Brennmoveien 33,9050,STORSTEINNES,,brreg,https://data.brreg.no/enhetsregisteret/oppslag/enheter/991117849,bygdelag,2026-04-28
TAKVATN BYGDELAG,996272664,BALSFJORD,Troms - Romsa - Tromssa,"c/o Kjellaug Myrseth, Åsheimveien 70",9334,ØVERBYGD,,brreg,https://data.brreg.no/enhetsregisteret/oppslag/enheter/996272664,bygdelag,2026-04-28
TAMOKDAL BYGDELAG,971403969,BALSFJORD,Troms - Romsa - Tromssa,,9334,ØVERBYGD,,brreg,https://data.brreg.no/enhetsregisteret/oppslag/enheter/971403969,bygdelag,2026-04-28
SØRDALEN BYGDEKVINNELAG,922422877,BARDU,Troms - Romsa - Tromssa,"c/o Lena Foshaug, Fosshaugveien 19",9360,BARDU,,brreg,https://data.brreg.no/enhetsregisteret/oppslag/enheter/922422877,bygdelag,2026-04-28
SØRDALEN GRENDELAG,921002955,BARDU,Troms - Romsa - Tromssa,"c/o Bjørn Kjæreng, Sørdalsveien 43",9360,BARDU,,brreg,https://data.brreg.no/enhetsregisteret/oppslag/enheter/921002955,grendelag,2026-04-28
U.L. VÅRVON,917334633,BARDU,Troms - Romsa - Tromssa,"c/o Johan Martin Stormo, Fjellstadveien 355",9360,BARDU,,brreg,https://data.brreg.no/enhetsregisteret/oppslag/enheter/917334633,ungdomslag,2026-04-28
UL BARDUJORD,995480328,BARDU,Troms - Romsa - Tromssa,Østerdalsveien 658,9360,BARDU,,brreg,https://data.brreg.no/enhetsregisteret/oppslag/enheter/995480328,ungdomslag,2026-04-28
UL FREIDIG,984202229,BARDU,Troms - Romsa - Tromssa,Ala Grendehus,9360,BARDU,,brreg,https://data.brreg.no/enhetsregisteret/oppslag/enheter/984202229,ungdomslag,2026-04-28
UL VIKING,993271500,BARDU,Troms - Romsa - Tromssa,Altevannsveien,9360,BARDU,https://www.ulviking.no,brreg,https://data.brreg.no/enhetsregisteret/oppslag/enheter/993271500,ungdomslag,2026-04-28
UNGDOMSLAGET DAGGRY,984963769,BARDU,Troms - Romsa - Tromssa,Kistefossveien 53,9360,BARDU,,brreg,https://data.brreg.no/enhetsregisteret/oppslag/enheter/984963769,ungdomslag,2026-04-28
BJØRKEBAKKEN & OMEGN GRENDELAG,986440755,DYRØY,Troms - Romsa - Tromssa,Bjørkebakkveien 362,9311,BRØSTADBOTN,,brreg,https://data.brreg.no/enhetsregisteret/oppslag/enheter/986440755,grendelag,2026-04-28
TREKLØVERHUSET GRENDELAG,976520092,DYRØY,Troms - Romsa - Tromssa,Dyrøyveien 257,9311,BRØSTADBOTN,,brreg,https://data.brreg.no/enhetsregisteret/oppslag/enheter/976520092,grendelag,2026-04-28
U.L. FORSØKET,992529571,DYRØY,Troms - Romsa - Tromssa,"c/o Lena Røsæg Olsen, Finnlandsveien 81",9311,BRØSTADBOTN,,brreg,https://data.brreg.no/enhetsregisteret/oppslag/enheter/992529571,ungdomslag,2026-04-28
U.L. NORDLYS,975502023,DYRØY,Troms - Romsa - Tromssa,"c/o Bettina Sørensen Hallangen, Espenesveien 455",9311,BRØSTADBOTN,,brreg,https://data.brreg.no/enhetsregisteret/oppslag/enheter/975502023,ungdomslag,2026-04-28
UL. HEIMHUG,893272992,DYRØY,Troms - Romsa - Tromssa,Kastneshamn,9311,BRØSTADBOTN,,brreg,https://data.brreg.no/enhetsregisteret/oppslag/enheter/893272992,ungdomslag,2026-04-28
HESJEBERG M/OMEGN GRENDELAG,990834822,GRATANGEN,Troms - Romsa - Tromssa,Hesjeberg,9470,GRATANGEN,,brreg,https://data.brreg.no/enhetsregisteret/oppslag/enheter/990834822,grendelag,2026-04-28
LABERG OG OMEGN UNGDOMSLAG,990006695,GRATANGEN,Troms - Romsa - Tromssa,Kystkulturveien 1109,9470,GRATANGEN,,brreg,https://data.brreg.no/enhetsregisteret/oppslag/enheter/990006695,ungdomslag,2026-04-28
LAVIK GRENDELAG,924696877,GRATANGEN,Troms - Romsa - Tromssa,Nordsiveien 981,9470,GRATANGEN,,brreg,https://data.brreg.no/enhetsregisteret/oppslag/enheter/924696877,grendelag,2026-04-28
UNGDOMSLAGET ASTØINGEN,987180439,GRATANGEN,Troms - Romsa - Tromssa,Foldvikneset 1,9470,GRATANGEN,,brreg,https://data.brreg.no/enhetsregisteret/oppslag/enheter/987180439,ungdomslag,2026-04-28
UNGDOMSLAGET IDUN,979988486,GRATANGEN,Troms - Romsa - Tromssa,Årstein,9470,GRATANGEN,,brreg,https://data.brreg.no/enhetsregisteret/oppslag/enheter/979988486,ungdomslag,2026-04-28
UNGDOMSLAGET IDYL,994307568,GRATANGEN,Troms - Romsa - Tromssa,Nordsiveien 1778,9470,GRATANGEN,,brreg,https://data.brreg.no/enhetsregisteret/oppslag/enheter/994307568,ungdomslag,2026-04-28
UNGDOMSLAGET NORDLYS,994555456,GRATANGEN,Troms - Romsa - Tromssa,Løvdal,9470,GRATANGEN,,brreg,https://data.brreg.no/enhetsregisteret/oppslag/enheter/994555456,ungdomslag,2026-04-28
AUNE GRENDELAG,992272678,HARSTAD,Troms - Romsa - Tromssa,Aune,9402,HARSTAD,https://www.aune.no,brreg,https://data.brreg.no/enhetsregisteret/oppslag/enheter/992272678,grendelag,2026-04-28
BUL HARSTAD,988302457,HARSTAD,Troms - Romsa - Tromssa,"c/o Knut Hertzberg, Fagerbakken 6",9407,HARSTAD,https://www.bulharstad.no,brreg,https://data.brreg.no/enhetsregisteret/oppslag/enheter/988302457,ungdomslag,2026-04-28
FREDVANG UNGDOMSHUS,999071287,HARSTAD,Troms - Romsa - Tromssa,"v/Ottar Fenes, Grytøyveien 994",9420,LUNDENES,,brreg,https://data.brreg.no/enhetsregisteret/oppslag/enheter/999071287,ungdomslag,2026-04-28
GAUSVIK SKOLE-OG UNGDOMSKORPS,993766119,HARSTAD,Troms - Romsa - Tromssa,,9430,SANDTORG,,brreg,https://data.brreg.no/enhetsregisteret/oppslag/enheter/993766119,ungdomslag,2026-04-28
GRYTØY UNGDOMSKLUBB,920653162,HARSTAD,Troms - Romsa - Tromssa,"c/o Trond Fjeld, Hagebyveien 49A",9404,HARSTAD,,brreg,https://data.brreg.no/enhetsregisteret/oppslag/enheter/920653162,ungdomslag,2026-04-28
HARSTAD SJAKKLUBBS UNGDOM,999300200,HARSTAD,Troms - Romsa - Tromssa,Hålogalands gate 33,9405,HARSTAD,https://www.harstadsjakklubb.no,brreg,https://data.brreg.no/enhetsregisteret/oppslag/enheter/999300200,"ungdomslag,bygdelag",2026-04-28
HARSTAD TRAVPARKS UNGDOMSGRUPPE,921531613,HARSTAD,Troms - Romsa - Tromssa,"Harstad Travpark, Langmoan",9402,HARSTAD,,brreg,https://data.brreg.no/enhetsregisteret/oppslag/enheter/921531613,ungdomslag,2026-04-28
KILA UNGDOMSKLUBB,971400080,HARSTAD,Troms - Romsa - Tromssa,"c/o Liv Kristin Lauritzen, Øverslettveien 18",9415,HARSTAD,,brreg,https://data.brreg.no/enhetsregisteret/oppslag/enheter/971400080,ungdomslag,2026-04-28
SANDTORG UNGDOMS- OG IDRETTSLAG,975570789,HARSTAD,Troms - Romsa - Tromssa,Årbogveien 4,9430,SANDTORG,,brreg,https://data.brreg.no/enhetsregisteret/oppslag/enheter/975570789,"ungdomslag,bygdelag",2026-04-28
SKEIV UNGDOM HARSTAD OG OMEGN,924570008,HARSTAD,Troms - Romsa - Tromssa,"c/o Aurora Elise Kvile, Brokvikveien 40",9419,SØRVIK,,brreg,https://data.brreg.no/enhetsregisteret/oppslag/enheter/924570008,"ungdomslag,bygdelag",2026-04-28
STANGNES UNGDOMS VENNEFORENING,934896661,HARSTAD,Troms - Romsa - Tromssa,"c/o Monica Storå, Ervikveien 131",9402,HARSTAD,,brreg,https://data.brreg.no/enhetsregisteret/oppslag/enheter/934896661,"ungdomslag,bygdelag",2026-04-28
SØRVIK BYGDEKVINNELAG,919704284,HARSTAD,Troms - Romsa - Tromssa,"c/o Ingrid Hokland, Voldstad",9419,SØRVIK,,brreg,https://data.brreg.no/enhetsregisteret/oppslag/enheter/919704284,bygdelag,2026-04-28
SØRVIKMARK GRENDEHUS OG VELFORENING,994036173,HARSTAD,Troms - Romsa - Tromssa,Sørvikmark,9419,SØRVIK,,brreg,https://data.brreg.no/enhetsregisteret/oppslag/enheter/994036173,grendelag,2026-04-28
TENNVASSÅSEN BYGDELAG,996558177,HARSTAD,Troms - Romsa - Tromssa,Tennvassåsen,9402,HARSTAD,,brreg,https://data.brreg.no/enhetsregisteret/oppslag/enheter/996558177,bygdelag,2026-04-28
TROMS BYGDEKVINNELAG,994153919,HARSTAD,Troms - Romsa - Tromssa,Sjøvollia 14,9402,HARSTAD,https://www.bygdekvinnelaget.no/lag/troms/lokallag,brreg,https://data.brreg.no/enhetsregisteret/oppslag/enheter/994153919,bygdelag,2026-04-28
TROMS- OG NORDRE NORDLANDS SJAKKRETS UNGDOM,913559584,HARSTAD,Troms - Romsa - Tromssa,"c/o Stein Jensen, Budalsveien 3B",9415,HARSTAD,,brreg,https://data.brreg.no/enhetsregisteret/oppslag/enheter/913559584,"ungdomslag,bygdelag",2026-04-28
TRONDENES BYGDEKVINNELAG,994164813,HARSTAD,Troms - Romsa - Tromssa,"c/o Jorunn Karine Olsen, Ervikveien 99",9402,HARSTAD,,brreg,https://data.brreg.no/enhetsregisteret/oppslag/enheter/994164813,bygdelag,2026-04-28
TRYGG UNGDOM,936102697,HARSTAD,Troms - Romsa - Tromssa,Trondenesveien 75,9404,HARSTAD,,brreg,https://data.brreg.no/enhetsregisteret/oppslag/enheter/936102697,"ungdomslag,bygdelag",2026-04-28
U/L KVELLSOL,999122175,HARSTAD,Troms - Romsa - Tromssa,Grovhageveien 14,9408,HARSTAD,,brreg,https://data.brreg.no/enhetsregisteret/oppslag/enheter/999122175,ungdomslag,2026-04-28
U/L SOLHOV,994503677,HARSTAD,Troms - Romsa - Tromssa,"c/o Nora Karlstrøm, Forsbakken 20",9420,LUNDENES,,brreg,https://data.brreg.no/enhetsregisteret/oppslag/enheter/994503677,ungdomslag,2026-04-28
UL BØLGEN (UNGDOMSLAGET BØLGEN),912104931,HARSTAD,Troms - Romsa - Tromssa,Gårdsveien 6,9427,MELØYVÆR,,brreg,https://data.brreg.no/enhetsregisteret/oppslag/enheter/912104931,ungdomslag,2026-04-28
UL SAMHOLD,993935913,HARSTAD,Troms - Romsa - Tromssa,Sørliveien 756,9402,HARSTAD,,brreg,https://data.brreg.no/enhetsregisteret/oppslag/enheter/993935913,ungdomslag,2026-04-28
YTRE GRYTØY BYGDELAG,993776807,HARSTAD,Troms - Romsa - Tromssa,"c/o Ingebjørg Steen, Toppsundveien 1492",9423,GRØTAVÆR,https://www.yttergryta.no,brreg,https://data.brreg.no/enhetsregisteret/oppslag/enheter/993776807,bygdelag,2026-04-28
BYGDA BÅTFORENING,996656748,IBESTAD,Troms - Romsa - Tromssa,"c/o Odd Harald Nilsen, Vardhågveien 15",9454,ÅNSTAD,,brreg,https://data.brreg.no/enhetsregisteret/oppslag/enheter/996656748,bygdelag,2026-04-28
SØRROLLNES GRENDELAG,992676515,IBESTAD,Troms - Romsa - Tromssa,Sørrollnesveien 10,9450,HAMNVIK,,brreg,https://data.brreg.no/enhetsregisteret/oppslag/enheter/992676515,grendelag,2026-04-28
UL FREMAD,992622512,IBESTAD,Troms - Romsa - Tromssa,Andørjaveien 177,9454,ÅNSTAD,,brreg,https://data.brreg.no/enhetsregisteret/oppslag/enheter/992622512,ungdomslag,2026-04-28
UL YGGDRASIL,920129838,IBESTAD,Troms - Romsa - Tromssa,Andørjaveien 1811,9455,ENGENES,,brreg,https://data.brreg.no/enhetsregisteret/oppslag/enheter/920129838,ungdomslag,2026-04-28
YTRE ANDØRJA GRENDEUTVALG,992580062,IBESTAD,Troms - Romsa - Tromssa,,9455,ENGENES,,brreg,https://data.brreg.no/enhetsregisteret/oppslag/enheter/992580062,grendelag,2026-04-28
BYGDELAGET VANNAVALEN,984274300,KARLSØY,Troms - Romsa - Tromssa,Vannavalen,9135,VANNVÅG,,brreg,https://data.brreg.no/enhetsregisteret/oppslag/enheter/984274300,bygdelag,2026-04-28
FINNKROKEN BYGDEMUSEUM,918874534,KARLSØY,Troms - Romsa - Tromssa,"c/o Anne Varmedal, Grøtnesdalen",9132,STAKKVIK,,brreg,https://data.brreg.no/enhetsregisteret/oppslag/enheter/918874534,bygdelag,2026-04-28
GRØTNESDALEN BYGDEFORENING,997771893,KARLSØY,Troms - Romsa - Tromssa,Grøtnesveien 2302,9132,STAKKVIK,,brreg,https://data.brreg.no/enhetsregisteret/oppslag/enheter/997771893,bygdelag,2026-04-28
LIBERALISTISK UNGDOM TROMS,818406592,KARLSØY,Troms - Romsa - Tromssa,"c/o Espen Kaspersen, Torsvåg",9136,VANNAREID,https://Libung.no,brreg,https://data.brreg.no/enhetsregisteret/oppslag/enheter/818406592,"ungdomslag,bygdelag",2026-04-28
NORDEIDET BYGDEFORENING,990912696,KARLSØY,Troms - Romsa - Tromssa,Nordeidet,9132,STAKKVIK,,brreg,https://data.brreg.no/enhetsregisteret/oppslag/enheter/990912696,bygdelag,2026-04-28
SAMFUNNSHUSET B/L FREMAD,975771687,KARLSØY,Troms - Romsa - Tromssa,Vannareid,9136,VANNAREID,,brreg,https://data.brreg.no/enhetsregisteret/oppslag/enheter/975771687,ungdomslag,2026-04-28
SKOGSFJORD GRENDELAG,990379963,KARLSØY,Troms - Romsa - Tromssa,Mikkelvik,9130,HANSNES,,brreg,https://data.brreg.no/enhetsregisteret/oppslag/enheter/990379963,grendelag,2026-04-28
STAKKVIK KULTUR- OG BYGDELAG,990535604,KARLSØY,Troms - Romsa - Tromssa,Ottars vei 35,9132,STAKKVIK,https://idrett.speaker.no/organisation.asp?id=28331,brreg,https://data.brreg.no/enhetsregisteret/oppslag/enheter/990535604,bygdelag,2026-04-28
U.L SOLBRAND,991111840,KARLSØY,Troms - Romsa - Tromssa,Dåfjordlia 268,9130,HANSNES,,brreg,https://data.brreg.no/enhetsregisteret/oppslag/enheter/991111840,ungdomslag,2026-04-28
U.L. START,990635269,KARLSØY,Troms - Romsa - Tromssa,Grunnfjordveien 1104,9130,HANSNES,,brreg,https://data.brreg.no/enhetsregisteret/oppslag/enheter/990635269,ungdomslag,2026-04-28
UL FREMAD HELGØY,981126483,KARLSØY,Troms - Romsa - Tromssa,Helgøy,9130,HANSNES,,brreg,https://data.brreg.no/enhetsregisteret/oppslag/enheter/981126483,ungdomslag,2026-04-28
UL SKOGSFJORDVATN GRENDE- OG TURLAG,886275862,KARLSØY,Troms - Romsa - Tromssa,Skogsfjordveien 1303,9130,HANSNES,https://www.skogsfjordvatn.com,brreg,https://data.brreg.no/enhetsregisteret/oppslag/enheter/886275862,"ungdomslag,grendelag",2026-04-28
UNGDOMSLAGET ULABRAND,986090088,KARLSØY,Troms - Romsa - Tromssa,Langsundveien 1176,9130,HANSNES,https://www.ul-ulabrand.no/,brreg,https://data.brreg.no/enhetsregisteret/oppslag/enheter/986090088,ungdomslag,2026-04-28
VORTERØY BYGDELAG,988545023,KARLSØY,Troms - Romsa - Tromssa,Blåmåseveien 13,9135,VANNVÅG,,brreg,https://data.brreg.no/enhetsregisteret/oppslag/enheter/988545023,bygdelag,2026-04-28
BYGDELAGET GULLHORNET,986899375,KVÆFJORD,Troms - Romsa - Tromssa,Gullholmveien 669,8409,GULLESFJORDEN,,brreg,https://data.brreg.no/enhetsregisteret/oppslag/enheter/986899375,bygdelag,2026-04-28
GRENDELAGET GODT HÅP,984643950,KVÆFJORD,Troms - Romsa - Tromssa,Våtvoll,8409,GULLESFJORDEN,,brreg,https://data.brreg.no/enhetsregisteret/oppslag/enheter/984643950,grendelag,2026-04-28
HEMMESTAD GRENDELAG,992789077,KVÆFJORD,Troms - Romsa - Tromssa,"c/o Frode Johan Vogter, Revsnesveien 1080",9475,BORKENES,,brreg,https://data.brreg.no/enhetsregisteret/oppslag/enheter/992789077,grendelag,2026-04-28
KVEØY GRENDEHUS,932561409,KVÆFJORD,Troms - Romsa - Tromssa,Kveøyveien 419,9475,BORKENES,,brreg,https://data.brreg.no/enhetsregisteret/oppslag/enheter/932561409,grendelag,2026-04-28
KVÆFJORD BYGDEKVINNELAG,995354055,KVÆFJORD,Troms - Romsa - Tromssa,"c/o Marit Blekastad, Gåraveien 20",9475,BORKENES,https://www.bygdekvinnelaget.no,brreg,https://data.brreg.no/enhetsregisteret/oppslag/enheter/995354055,bygdelag,2026-04-28
UL FRAM,975536319,KVÆFJORD,Troms - Romsa - Tromssa,Hans Egedes vei 7,9475,BORKENES,https://www.framscenen.no,brreg,https://data.brreg.no/enhetsregisteret/oppslag/enheter/975536319,ungdomslag,2026-04-28
UL SAMHOLD,984302592,KVÆFJORD,Troms - Romsa - Tromssa,Flesnes,8409,GULLESFJORDEN,,brreg,https://data.brreg.no/enhetsregisteret/oppslag/enheter/984302592,ungdomslag,2026-04-28
UL VÅRGLIMT,993011223,KVÆFJORD,Troms - Romsa - Tromssa,Austerfjordveien 228,9475,BORKENES,,brreg,https://data.brreg.no/enhetsregisteret/oppslag/enheter/993011223,ungdomslag,2026-04-28
UL. VARDEN,995515768,KVÆFJORD,Troms - Romsa - Tromssa,Voktor,9475,BORKENES,,brreg,https://data.brreg.no/enhetsregisteret/oppslag/enheter/995515768,ungdomslag,2026-04-28
UNGDOMSLAGET NYTT MOT,984421206,KVÆFJORD,Troms - Romsa - Tromssa,Langvassbukt,8409,GULLESFJORDEN,,brreg,https://data.brreg.no/enhetsregisteret/oppslag/enheter/984421206,ungdomslag,2026-04-28
ALTEIEDET UNGDOMS- OG IDRETTSFORENING,911864517,KVÆNANGEN,Troms - Romsa - Tromssa,"c/o Marit Boberg, Kvænangsveien 4915",9161,BURFJORD,,brreg,https://data.brreg.no/enhetsregisteret/oppslag/enheter/911864517,"ungdomslag,bygdelag",2026-04-28
BADDEREN BYGDELAG,992618833,KVÆNANGEN,Troms - Romsa - Tromssa,Kvænangsveien 2183,9162,SØRSTRAUMEN,,brreg,https://data.brreg.no/enhetsregisteret/oppslag/enheter/992618833,bygdelag,2026-04-28
BURFJORDDALEN BYGDELAG,823659202,KVÆNANGEN,Troms - Romsa - Tromssa,"c/o Trine Kaasen, Burfjorddalen 72",9161,BURFJORD,,brreg,https://data.brreg.no/enhetsregisteret/oppslag/enheter/823659202,bygdelag,2026-04-28
JØKELFJORD BYGDELAG,911965798,KVÆNANGEN,Troms - Romsa - Tromssa,Samfunnshuset,9163,JØKELFJORD,,brreg,https://data.brreg.no/enhetsregisteret/oppslag/enheter/911965798,bygdelag,2026-04-28
KVÆNANGSBOTN GRENDEHUS,989060473,KVÆNANGEN,Troms - Romsa - Tromssa,Sildneset 13,9162,SØRSTRAUMEN,https://www.fjordpilken.no,brreg,https://data.brreg.no/enhetsregisteret/oppslag/enheter/989060473,grendelag,2026-04-28
REINFJORD BYGDELAG,991693920,KVÆNANGEN,Troms - Romsa - Tromssa,,9184,REINFJORD,,brreg,https://data.brreg.no/enhetsregisteret/oppslag/enheter/991693920,bygdelag,2026-04-28
SPILDRA GRENDELAG,996675734,KVÆNANGEN,Troms - Romsa - Tromssa,Dunvik,9185,SPILDRA,,brreg,https://data.brreg.no/enhetsregisteret/oppslag/enheter/996675734,grendelag,2026-04-28
SØRSTRAUMEN GRENDEHUS,992707305,KVÆNANGEN,Troms - Romsa - Tromssa,"c/o Geir Morten Olsen, Kvænangsveien 1667",9162,SØRSTRAUMEN,,brreg,https://data.brreg.no/enhetsregisteret/oppslag/enheter/992707305,grendelag,2026-04-28
DJUPVIK NORDMANNVIK BYGDEHUS,996892980,KÅFJORD,Troms - Romsa - Tromssa,Lyngenfjordveien 922,9146,OLDERDALEN,,brreg,https://data.brreg.no/enhetsregisteret/oppslag/enheter/996892980,bygdelag,2026-04-28
"KAMM GRENDEUTVALGET FOR MANNDALEN, SKARDALEN OG NORDNES",912721884,KÅFJORD,Troms - Romsa - Tromssa,,9144,SAMUELSBERG,,brreg,https://data.brreg.no/enhetsregisteret/oppslag/enheter/912721884,grendelag,2026-04-28
MANDALEN UNGDOMS OG IDRETTSLAG,971404485,KÅFJORD,Troms - Romsa - Tromssa,,9144,SAMUELSBERG,https://www.manndalen.no,brreg,https://data.brreg.no/enhetsregisteret/oppslag/enheter/971404485,"ungdomslag,bygdelag",2026-04-28
NORDMANNVIK GRENDELAG,892475822,KÅFJORD,Troms - Romsa - Tromssa,Nordmannvik,9146,OLDERDALEN,,brreg,https://data.brreg.no/enhetsregisteret/oppslag/enheter/892475822,grendelag,2026-04-28
SKARDALEN BYGDE- OG KULTURLAG,994740350,KÅFJORD,Troms - Romsa - Tromssa,Skardalen,9144,SAMUELSBERG,,brreg,https://data.brreg.no/enhetsregisteret/oppslag/enheter/994740350,bygdelag,2026-04-28
ØVERMYRA GRENDELAG,997414195,KÅFJORD,Troms - Romsa - Tromssa,"c/o Lisa Vangen, Samuelsberg",9144,SAMUELSBERG,,brreg,https://data.brreg.no/enhetsregisteret/oppslag/enheter/997414195,grendelag,2026-04-28
FOSSBAKKEN BYGDELAG,971402741,LAVANGEN,Troms - Romsa - Tromssa,,9357,TENNEVOLL,,brreg,https://data.brreg.no/enhetsregisteret/oppslag/enheter/971402741,bygdelag,2026-04-28
KJEIPRØD GRENDELAG,993581828,LAVANGEN,Troms - Romsa - Tromssa,"v/Klaus Larsen, Kjeiprød Grendelag",9357,TENNEVOLL,,brreg,https://data.brreg.no/enhetsregisteret/oppslag/enheter/993581828,grendelag,2026-04-28
SPANSDALEN GRENDEFORENING,998609895,LAVANGEN,Troms - Romsa - Tromssa,"v/ Leif Arne Dahl, Spansgårdveien 35",9357,TENNEVOLL,,brreg,https://data.brreg.no/enhetsregisteret/oppslag/enheter/998609895,grendelag,2026-04-28
UL SAMHOLD,993370312,LAVANGEN,Troms - Romsa - Tromssa,Sørsida 290,9357,TENNEVOLL,,brreg,https://data.brreg.no/enhetsregisteret/oppslag/enheter/993370312,ungdomslag,2026-04-28
UNGDOMSLAGET FRAM,871402892,LAVANGEN,Troms - Romsa - Tromssa,Soløystranda 2,9357,TENNEVOLL,https://www.ulfram.no,brreg,https://data.brreg.no/enhetsregisteret/oppslag/enheter/871402892,ungdomslag,2026-04-28
UNGDOMSLAGET RETT LEID,993617202,LAVANGEN,Troms - Romsa - Tromssa,Tennevollveien 19,9357,TENNEVOLL,,brreg,https://data.brreg.no/enhetsregisteret/oppslag/enheter/993617202,ungdomslag,2026-04-28
LYNGEN KIRKE- OG BYGDEKOR,915193447,LYNGEN,Troms - Romsa - Tromssa,"Menighetshuset, Parkveien 1",9060,LYNGSEIDET,,brreg,https://data.brreg.no/enhetsregisteret/oppslag/enheter/915193447,bygdelag,2026-04-28
LYNGEN UNGDOMSKOR,934493214,LYNGEN,Troms - Romsa - Tromssa,Parkveien 1,9060,LYNGSEIDET,,brreg,https://data.brreg.no/enhetsregisteret/oppslag/enheter/934493214,ungdomslag,2026-04-28
ROTTENVIK BYGDELAG,892654352,LYNGEN,Troms - Romsa - Tromssa,Sattarveien 44,9060,LYNGSEIDET,,brreg,https://data.brreg.no/enhetsregisteret/oppslag/enheter/892654352,bygdelag,2026-04-28
SKINNELV-KOPPANGEN BYGDELAG,993320196,LYNGEN,Troms - Romsa - Tromssa,"c/o Harry Hansen, Myhreveien 6",9060,LYNGSEIDET,,brreg,https://data.brreg.no/enhetsregisteret/oppslag/enheter/993320196,bygdelag,2026-04-28
SØR-LENANGEN GRENDELAG,993339709,LYNGEN,Troms - Romsa - Tromssa,Lenangsveien 1029,9068,NORD-LENANGEN,https://sorlenangengrendelag.wordpress.com,brreg,https://data.brreg.no/enhetsregisteret/oppslag/enheter/993339709,grendelag,2026-04-28
UL TROLLVASSTIND,980478580,LYNGEN,Troms - Romsa - Tromssa,,9064,SVENSBY,https://www.trollvasstind.no,brreg,https://data.brreg.no/enhetsregisteret/oppslag/enheter/980478580,ungdomslag,2026-04-28
UNGDOMSLAGET VAGGAS,985589348,LYNGEN,Troms - Romsa - Tromssa,"c/o Amalie Lund, Lenangsveien 2869",9068,NORD-LENANGEN,,brreg,https://data.brreg.no/enhetsregisteret/oppslag/enheter/985589348,ungdomslag,2026-04-28
BYGDALAGET MÅRTIND,992676523,MÅLSELV,Troms - Romsa - Tromssa,"c/o Vivian Skjellstad, Storjordveien 796",9321,MOEN,,brreg,https://data.brreg.no/enhetsregisteret/oppslag/enheter/992676523,bygdelag,2026-04-28
BYGDELAGET SAMHOLD,992657049,MÅLSELV,Troms - Romsa - Tromssa,"c/o Arild Braathen, Målsnesveien 2362",9321,MOEN,,brreg,https://data.brreg.no/enhetsregisteret/oppslag/enheter/992657049,bygdelag,2026-04-28
GRENDELAGET KHK,992652799,MÅLSELV,Troms - Romsa - Tromssa,Kjerresnesveien 169,9322,KARLSTAD,,brreg,https://data.brreg.no/enhetsregisteret/oppslag/enheter/992652799,grendelag,2026-04-28
ISTINDLI GRENDEHUS,911927586,MÅLSELV,Troms - Romsa - Tromssa,"c/o Erik Rognmo, Istindveien 173",9325,BARDUFOSS,,brreg,https://data.brreg.no/enhetsregisteret/oppslag/enheter/911927586,grendelag,2026-04-28
KIRKESDALEN BYGDELAG,995586282,MÅLSELV,Troms - Romsa - Tromssa,"c/o Frank Werner Evenstad, Jensvollveien 208",9325,BARDUFOSS,,brreg,https://data.brreg.no/enhetsregisteret/oppslag/enheter/995586282,bygdelag,2026-04-28
MÅLSELV BYGDEKVINNELAG,875760092,MÅLSELV,Troms - Romsa - Tromssa,"c/o Berit Kvammen, Øverbygdveien 3",9336,RUNDHAUG,https://facebook.com/Målselv-Bygdekvinnelag-512529649062411/,brreg,https://data.brreg.no/enhetsregisteret/oppslag/enheter/875760092,bygdelag,2026-04-28
TAKELVDAL GRENDELAG,989711555,MÅLSELV,Troms - Romsa - Tromssa,Takelvveien 1254,9321,MOEN,,brreg,https://data.brreg.no/enhetsregisteret/oppslag/enheter/989711555,grendelag,2026-04-28
U.L FORSØKET,992400684,MÅLSELV,Troms - Romsa - Tromssa,"c/o Torunn Løvheim, Rønning Tollefsens vei 13",9325,BARDUFOSS,,brreg,https://data.brreg.no/enhetsregisteret/oppslag/enheter/992400684,ungdomslag,2026-04-28
U/L FRAMSYN,995173204,MÅLSELV,Troms - Romsa - Tromssa,"c/o Tove Sjøgren Nordli, Luneborg",9321,MOEN,,brreg,https://data.brreg.no/enhetsregisteret/oppslag/enheter/995173204,ungdomslag,2026-04-28
UL FREIDIG,912779157,MÅLSELV,Troms - Romsa - Tromssa,Rostadalen,9334,ØVERBYGD,,brreg,https://data.brreg.no/enhetsregisteret/oppslag/enheter/912779157,ungdomslag,2026-04-28
UL VIKING,994555936,MÅLSELV,Troms - Romsa - Tromssa,Målsnesveien 742,9321,MOEN,https://www.vikingheimen.com,brreg,https://data.brreg.no/enhetsregisteret/oppslag/enheter/994555936,ungdomslag,2026-04-28
UNGDOMSLAGET HÅPET,993272957,MÅLSELV,Troms - Romsa - Tromssa,Dividalen,9334,ØVERBYGD,,brreg,https://data.brreg.no/enhetsregisteret/oppslag/enheter/993272957,ungdomslag,2026-04-28
UNGDOMSLAGET PRØVEN,996784436,MÅLSELV,Troms - Romsa - Tromssa,Møllerhaugveien 9,9322,KARLSTAD,,brreg,https://data.brreg.no/enhetsregisteret/oppslag/enheter/996784436,ungdomslag,2026-04-28
BYGDEHEIMEN AKTIVITETSSENTER,983996728,NORDREISA,Troms - Romsa - Tromssa,"c/o Kay Arne Bøklepp, Rotsundveien 946",9153,ROTSUND,,brreg,https://data.brreg.no/enhetsregisteret/oppslag/enheter/983996728,bygdelag,2026-04-28
FORENINGEN BAKKEBY GRENDEHUS,929151496,NORDREISA,Troms - Romsa - Tromssa,"c/o Line Bertelsen Løvoll, Latterveien 114",9153,ROTSUND,,brreg,https://data.brreg.no/enhetsregisteret/oppslag/enheter/929151496,grendelag,2026-04-28
HAMNEIDET GRENDEUTVALG,997509579,NORDREISA,Troms - Romsa - Tromssa,"c/o Renate Ingebrigtsen, Hamneidet",9181,HAMNEIDET,https://hamneidet.blogg.no,brreg,https://data.brreg.no/enhetsregisteret/oppslag/enheter/997509579,grendelag,2026-04-28
HAVNNES OG VEST-ULØY BYGDELAG,992613173,NORDREISA,Troms - Romsa - Tromssa,,9159,HAVNNES,,brreg,https://data.brreg.no/enhetsregisteret/oppslag/enheter/992613173,bygdelag,2026-04-28
HØGEGGA OG SONJATUN GRENDE- OG TURLAG,920169945,NORDREISA,Troms - Romsa - Tromssa,"c/o Veronika Jensen, Høgegga 60",9151,STORSLETT,,brreg,https://data.brreg.no/enhetsregisteret/oppslag/enheter/920169945,grendelag,2026-04-28
KILDAL OG KRAKENES GRENDE OG TURLAG,914427509,NORDREISA,Troms - Romsa - Tromssa,"c/o Sara Anne Bæhr Bredesen, Kildalveien 942",9154,STORSLETT,,brreg,https://data.brreg.no/enhetsregisteret/oppslag/enheter/914427509,grendelag,2026-04-28
KIRKEMOAN GRENDELAG,933280306,NORDREISA,Troms - Romsa - Tromssa,"c/o Ramona Arild, Moan 21",9151,STORSLETT,,brreg,https://data.brreg.no/enhetsregisteret/oppslag/enheter/933280306,grendelag,2026-04-28
OKSFJORD GRENDEHUS VENNER,924350814,NORDREISA,Troms - Romsa - Tromssa,"c/o Knut Sørensen, Strandbakken 13",9158,STORSLETT,,brreg,https://data.brreg.no/enhetsregisteret/oppslag/enheter/924350814,grendelag,2026-04-28
ROVDAS GRENDE OG TURLAG,922356793,NORDREISA,Troms - Romsa - Tromssa,"c/o Sara Sarune Sumskyte, Nappenvegen 2",9151,STORSLETT,,brreg,https://data.brreg.no/enhetsregisteret/oppslag/enheter/922356793,grendelag,2026-04-28
SNEMYR OG KJELDEREN GRENDE OG TURLAG,985622388,NORDREISA,Troms - Romsa - Tromssa,"c/o Tom Einar Vang, Reisadalen 1126",9154,STORSLETT,,brreg,https://data.brreg.no/enhetsregisteret/oppslag/enheter/985622388,grendelag,2026-04-28
STORVIK TUR- OG GRENDELAG,995385325,NORDREISA,Troms - Romsa - Tromssa,"v/Randi Viken Nilsen, Storvikveien 190",9157,STORSLETT,,brreg,https://data.brreg.no/enhetsregisteret/oppslag/enheter/995385325,grendelag,2026-04-28
STRAUMFJORD GRENDE -OG TURLAG,916691254,NORDREISA,Troms - Romsa - Tromssa,"c/o Vegard Christoffer Nilsen, Straumfjordnes 118",9158,STORSLETT,,brreg,https://data.brreg.no/enhetsregisteret/oppslag/enheter/916691254,grendelag,2026-04-28
SØRKJOSEN GRENDE- OG TURLAG,993486434,NORDREISA,Troms - Romsa - Tromssa,"c/o André Karlsen, Nedre Baisit 1",9152,SØRKJOSEN,,brreg,https://data.brreg.no/enhetsregisteret/oppslag/enheter/993486434,grendelag,2026-04-28
ØVRE REISADALEN GRENDE- OG IDRETTSLAG,934777220,NORDREISA,Troms - Romsa - Tromssa,Lilandveien 78,9154,STORSLETT,,brreg,https://data.brreg.no/enhetsregisteret/oppslag/enheter/934777220,grendelag,2026-04-28
SØRSIA BYGDELAG,984980353,SALANGEN,Troms - Romsa - Tromssa,Laberg,9350,SJØVEGAN,,brreg,https://data.brreg.no/enhetsregisteret/oppslag/enheter/984980353,bygdelag,2026-04-28
U.L. FREMAD,935222664,SALANGEN,Troms - Romsa - Tromssa,"c/o Ann Kristin Bakkemo, Grønliveien 52",9350,SJØVEGAN,,brreg,https://data.brreg.no/enhetsregisteret/oppslag/enheter/935222664,ungdomslag,2026-04-28
UL PRØVEN,975416674,SALANGEN,Troms - Romsa - Tromssa,"C/O Renate Chruickshank, Gamle Verksvei 48",9350,SJØVEGAN,,brreg,https://data.brreg.no/enhetsregisteret/oppslag/enheter/975416674,ungdomslag,2026-04-28
UL SAMHOLD,918763236,SALANGEN,Troms - Romsa - Tromssa,"c/o Asle Martinsen, Bergstien 15",9350,SJØVEGAN,,brreg,https://data.brreg.no/enhetsregisteret/oppslag/enheter/918763236,ungdomslag,2026-04-28
UNGDOMSLAGET FJELLVAKTEN,916863225,SALANGEN,Troms - Romsa - Tromssa,Bekkebotnveien 722,9350,SJØVEGAN,,brreg,https://data.brreg.no/enhetsregisteret/oppslag/enheter/916863225,ungdomslag,2026-04-28
UNGDOMSLAGET NORDEN,814054012,SALANGEN,Troms - Romsa - Tromssa,Dalen,9350,SJØVEGAN,,brreg,https://data.brreg.no/enhetsregisteret/oppslag/enheter/814054012,ungdomslag,2026-04-28
BJORELVNES BYGDEHUSLAG,993518875,SENJA,Troms - Romsa - Tromssa,"v/Terje Johansen, Bjorelvnesveien 431",9307,FINNSNES,,brreg,https://data.brreg.no/enhetsregisteret/oppslag/enheter/993518875,bygdelag,2026-04-28
BOTNHAMN UNGDOMS OG IDRETTSLAG,884000432,SENJA,Troms - Romsa - Tromssa,Botnhamnveien 729,9373,BOTNHAMN,https://idrett.speaker.no/il/botnhamn,brreg,https://data.brreg.no/enhetsregisteret/oppslag/enheter/884000432,"ungdomslag,bygdelag",2026-04-28
BYGDELAGET HAVDØNN,993326747,SENJA,Troms - Romsa - Tromssa,Ersfjord,9385,SKALAND,,brreg,https://data.brreg.no/enhetsregisteret/oppslag/enheter/993326747,bygdelag,2026-04-28
BYGDELAGET HØSTBLIKK,983977464,SENJA,Troms - Romsa - Tromssa,Botnhamnveien 84,9373,BOTNHAMN,,brreg,https://data.brreg.no/enhetsregisteret/oppslag/enheter/983977464,bygdelag,2026-04-28
BYGDELAGET LUNHEIM (B/L LUNHEIM),994347365,SENJA,Troms - Romsa - Tromssa,Aglapsveien 240,9307,FINNSNES,,brreg,https://data.brreg.no/enhetsregisteret/oppslag/enheter/994347365,"ungdomslag,bygdelag",2026-04-28
BYGDELAGET NY DAG,992536519,SENJA,Troms - Romsa - Tromssa,Valvågveien 681,9392,STONGLANDSEIDET,https://facebook.com/bygdelagetnydag,brreg,https://data.brreg.no/enhetsregisteret/oppslag/enheter/992536519,bygdelag,2026-04-28
BYGDELAGET SAMHOLD,918654518,SENJA,Troms - Romsa - Tromssa,Eidebakken 88,9395,KALDFARNES,,brreg,https://data.brreg.no/enhetsregisteret/oppslag/enheter/918654518,bygdelag,2026-04-28
BYGDELAGET SAMHOLD,985262055,SENJA,Troms - Romsa - Tromssa,Brygghaug,9303,SILSAND,,brreg,https://data.brreg.no/enhetsregisteret/oppslag/enheter/985262055,bygdelag,2026-04-28
BYGDELAGET SOLKVERV,912655938,SENJA,Troms - Romsa - Tromssa,"c/o Hilde Losvik, Skrolsvikveien 770",9392,STONGLANDSEIDET,,brreg,https://data.brreg.no/enhetsregisteret/oppslag/enheter/912655938,bygdelag,2026-04-28
BYGDELAGET UTSYN,993848190,SENJA,Troms - Romsa - Tromssa,Flakstadvåg,9393,FLAKSTADVÅG,,brreg,https://data.brreg.no/enhetsregisteret/oppslag/enheter/993848190,bygdelag,2026-04-28
BYGDELAGET VARDEN,993486809,SENJA,Troms - Romsa - Tromssa,Vangsvikveien 293,9304,VANGSVIK,,brreg,https://data.brreg.no/enhetsregisteret/oppslag/enheter/993486809,bygdelag,2026-04-28
BYGDELAGET VARDHEIM,915566383,SENJA,Troms - Romsa - Tromssa,Hofsøyveien 675,9392,STONGLANDSEIDET,,brreg,https://data.brreg.no/enhetsregisteret/oppslag/enheter/915566383,bygdelag,2026-04-28
FJORDGÅRD GRENDEUTVALG,913757025,SENJA,Troms - Romsa - Tromssa,Fjordgårdveien 15,9388,FJORDGARD,,brreg,https://data.brreg.no/enhetsregisteret/oppslag/enheter/913757025,grendelag,2026-04-28
FRESK UNGDOM,912298590,SENJA,Troms - Romsa - Tromssa,Kapellveien 39,9388,FJORDGARD,,brreg,https://data.brreg.no/enhetsregisteret/oppslag/enheter/912298590,"ungdomslag,bygdelag",2026-04-28
GIBOSTAD OG OMEGN GRENDEUTVALG,993389706,SENJA,Troms - Romsa - Tromssa,Sjyveien 6,9372,GIBOSTAD,https://www.gibostad.no,brreg,https://data.brreg.no/enhetsregisteret/oppslag/enheter/993389706,grendelag,2026-04-28
GJØVIK OG TENNSKJÆR BYGDELAG,913570693,SENJA,Troms - Romsa - Tromssa,"c/o Kristine Olsen, Tennskjær",9302,ROSSFJORDSTRAUMEN,,brreg,https://data.brreg.no/enhetsregisteret/oppslag/enheter/913570693,bygdelag,2026-04-28
GRASMYR BYGDELAG,884014492,SENJA,Troms - Romsa - Tromssa,Vikaveien 541,9303,SILSAND,https://www.grasmyr.net,brreg,https://data.brreg.no/enhetsregisteret/oppslag/enheter/884014492,bygdelag,2026-04-28
GRASMYR GRENDEUTVALG,987131233,SENJA,Troms - Romsa - Tromssa,"C/O Roy-Helge Nesshaug, Botnlia 36",9303,SILSAND,https://grasmyr.net,brreg,https://data.brreg.no/enhetsregisteret/oppslag/enheter/987131233,grendelag,2026-04-28
GRENDEUTVALG FOR FINNFJORD OG OMEGN,934952626,SENJA,Troms - Romsa - Tromssa,Finnfjordveien 196,9309,FINNSNES,,brreg,https://data.brreg.no/enhetsregisteret/oppslag/enheter/934952626,grendelag,2026-04-28
GRUNNFARNES BYGDELAG,997633539,SENJA,Troms - Romsa - Tromssa,Grunnfarnes,9395,KALDFARNES,,brreg,https://data.brreg.no/enhetsregisteret/oppslag/enheter/997633539,bygdelag,2026-04-28
GRYLLEFJORD BYGDELAG,994053523,SENJA,Troms - Romsa - Tromssa,Herredshusveien 13,9380,GRYLLEFJORD,,brreg,https://data.brreg.no/enhetsregisteret/oppslag/enheter/994053523,bygdelag,2026-04-28
GRØNNJORD BYGDELAG,994088211,SENJA,Troms - Romsa - Tromssa,Tennskjærveien 490,9302,ROSSFJORDSTRAUMEN,,brreg,https://data.brreg.no/enhetsregisteret/oppslag/enheter/994088211,bygdelag,2026-04-28
HUSØY GRENDEUTVALG,917101507,SENJA,Troms - Romsa - Tromssa,"c/o Stina Gillianne Uteng, Løkta 5",9389,HUSØY I SENJA,,brreg,https://data.brreg.no/enhetsregisteret/oppslag/enheter/917101507,grendelag,2026-04-28
HUSØY I L,974911167,SENJA,Troms - Romsa - Tromssa,,9389,HUSØY I SENJA,,brreg,https://data.brreg.no/enhetsregisteret/oppslag/enheter/974911167,ungdomslag,2026-04-28
KVANNÅS OG OMEGN BYGDELAG,984140258,SENJA,Troms - Romsa - Tromssa,Kvannås,9372,GIBOSTAD,,brreg,https://data.brreg.no/enhetsregisteret/oppslag/enheter/984140258,bygdelag,2026-04-28
LANGNES OG ROKSTAD BYGDELAG,994836862,SENJA,Troms - Romsa - Tromssa,Langnes,9300,FINNSNES,,brreg,https://data.brreg.no/enhetsregisteret/oppslag/enheter/994836862,bygdelag,2026-04-28
MEFJORDVÆR BYGDELAG,991291814,SENJA,Troms - Romsa - Tromssa,"v/ Berit Sivertsen, Mefjordvær",9386,SENJAHOPEN,,brreg,https://data.brreg.no/enhetsregisteret/oppslag/enheter/991291814,bygdelag,2026-04-28
MIDNATTSLI BYGDELAG,994809717,SENJA,Troms - Romsa - Tromssa,"c/o Cathrin Hauglid Nordli, Elvestadveien 50",9303,SILSAND,https://www.midnattsli.no,brreg,https://data.brreg.no/enhetsregisteret/oppslag/enheter/994809717,bygdelag,2026-04-28
REINELV BYGDELAG,993309966,SENJA,Troms - Romsa - Tromssa,Reinelv,9300,FINNSNES,,brreg,https://data.brreg.no/enhetsregisteret/oppslag/enheter/993309966,bygdelag,2026-04-28
SKROLSVIK BYGDELAG,993791652,SENJA,Troms - Romsa - Tromssa,"v/Eilif Pedersen, Vasskråa 4",9392,STONGLANDSEIDET,,brreg,https://data.brreg.no/enhetsregisteret/oppslag/enheter/993791652,bygdelag,2026-04-28
TORSKEN GRENDEHUS,996917304,SENJA,Troms - Romsa - Tromssa,Nedre Ferånna 18,9381,TORSKEN,,brreg,https://data.brreg.no/enhetsregisteret/oppslag/enheter/996917304,grendelag,2026-04-28
TROLLVIK LEIKNES GRENDEUTVALG,995691248,SENJA,Troms - Romsa - Tromssa,Trollvikveien 367A,9307,FINNSNES,,brreg,https://data.brreg.no/enhetsregisteret/oppslag/enheter/995691248,grendelag,2026-04-28
TROMS UNGDOMSFYLKING,993218901,SENJA,Troms - Romsa - Tromssa,"c/o Oddvar Villy Eriksen, Forraveien 10",9303,SILSAND,https://tuf.no,brreg,https://data.brreg.no/enhetsregisteret/oppslag/enheter/993218901,ungdomslag,2026-04-28
TÅRNELV BYGDELAG,993327085,SENJA,Troms - Romsa - Tromssa,Tårnelv,9302,ROSSFJORDSTRAUMEN,,brreg,https://data.brreg.no/enhetsregisteret/oppslag/enheter/993327085,bygdelag,2026-04-28
UL BREIDABLIKK,993377864,SENJA,Troms - Romsa - Tromssa,Ingrid Bjerkås-veien 19,9385,SKALAND,,brreg,https://data.brreg.no/enhetsregisteret/oppslag/enheter/993377864,ungdomslag,2026-04-28
UL FJELLHEIM,984749678,SENJA,Troms - Romsa - Tromssa,,9388,FJORDGARD,,brreg,https://data.brreg.no/enhetsregisteret/oppslag/enheter/984749678,ungdomslag,2026-04-28
UL FREMSKRITT,884193222,SENJA,Troms - Romsa - Tromssa,Fagerfjellveien 994,9309,FINNSNES,,brreg,https://data.brreg.no/enhetsregisteret/oppslag/enheter/884193222,ungdomslag,2026-04-28
UL NYBROTT,993326410,SENJA,Troms - Romsa - Tromssa,"c/o Eva Brandser, Sætermoveien 149",9309,FINNSNES,,brreg,https://data.brreg.no/enhetsregisteret/oppslag/enheter/993326410,ungdomslag,2026-04-28
UL VÅRSOL,917114404,SENJA,Troms - Romsa - Tromssa,Leiknesveien 236,9307,FINNSNES,,brreg,https://data.brreg.no/enhetsregisteret/oppslag/enheter/917114404,ungdomslag,2026-04-28
UNGDOMSLAGET LIV VONHEIM,991188231,SENJA,Troms - Romsa - Tromssa,"c/o Cathrine Solheim, Vangsveien 514",9372,GIBOSTAD,,brreg,https://data.brreg.no/enhetsregisteret/oppslag/enheter/991188231,ungdomslag,2026-04-28
VESTERFJELL BYGDELAG,991686436,SENJA,Troms - Romsa - Tromssa,Torsli 10,9304,VANGSVIK,,brreg,https://data.brreg.no/enhetsregisteret/oppslag/enheter/991686436,bygdelag,2026-04-28
AKTIVITETER FOR BARN OG UNGDOM PÅ SKJERVØY,928267520,SKJERVØY,Troms - Romsa - Tromssa,"c/o Vegar Ballovarre, Alfheimveien 2",9180,SKJERVØY,,brreg,https://data.brreg.no/enhetsregisteret/oppslag/enheter/928267520,"ungdomslag,bygdelag",2026-04-28
ARNØYHAMN BYGDELAG,992301597,SKJERVØY,Troms - Romsa - Tromssa,Kågsundveien 1111,9192,ARNØYHAMN,,brreg,https://data.brreg.no/enhetsregisteret/oppslag/enheter/992301597,bygdelag,2026-04-28
STORE TASKEBY BYGDELAG,923585516,SKJERVØY,Troms - Romsa - Tromssa,"C/o Ingrid Solheim, Taskebyveien 248",9180,SKJERVØY,,brreg,https://data.brreg.no/enhetsregisteret/oppslag/enheter/923585516,bygdelag,2026-04-28
ÅRVIKSAND BYGDELAG,989838881,SKJERVØY,Troms - Romsa - Tromssa,Skolebakken 35,9195,ÅRVIKSAND,,brreg,https://data.brreg.no/enhetsregisteret/oppslag/enheter/989838881,bygdelag,2026-04-28
ÅRVIKSAND UNGDOMSLAG,911757036,SKJERVØY,Troms - Romsa - Tromssa,Årvikveien 25,9195,ÅRVIKSAND,,brreg,https://data.brreg.no/enhetsregisteret/oppslag/enheter/911757036,ungdomslag,2026-04-28
SIGNALDALEN BYGDELAG,989140620,STORFJORD,Troms - Romsa - Tromssa,"c/o Rigmor Figenschau, Signaldalsveien 524",9046,OTEREN,https://signaldalenbygdelag.org,brreg,https://data.brreg.no/enhetsregisteret/oppslag/enheter/989140620,bygdelag,2026-04-28
STORFJORD UNGDOMSKOR,929268725,STORFJORD,Troms - Romsa - Tromssa,Skolebakken 2,9046,OTEREN,,brreg,https://data.brreg.no/enhetsregisteret/oppslag/enheter/929268725,ungdomslag,2026-04-28
ANDSVATN GRENDE- OG UTMARKSLAG,918448845,SØRREISA,Troms - Romsa - Tromssa,"c/o Roy Karlsen, Andsvatnet, Nordhus",9310,SØRREISA,,brreg,https://data.brreg.no/enhetsregisteret/oppslag/enheter/918448845,grendelag,2026-04-28
FINNSET GRENDEHUS,993436488,SØRREISA,Troms - Romsa - Tromssa,Øvermoveien 36,9310,SØRREISA,,brreg,https://data.brreg.no/enhetsregisteret/oppslag/enheter/993436488,grendelag,2026-04-28
SKØELV IDRETTS- OG GRENDELAG,986765824,SØRREISA,Troms - Romsa - Tromssa,Nedre Bakkejord 205,9310,SØRREISA,https://skoelv-igl.no,brreg,https://data.brreg.no/enhetsregisteret/oppslag/enheter/986765824,grendelag,2026-04-28
BOLTÅS UNGDOMS- OG BYGDELAG,984411006,TJELDSUND,Troms - Romsa - Tromssa,Boltåsveien 161,9440,EVENSKJER,,brreg,https://data.brreg.no/enhetsregisteret/oppslag/enheter/984411006,"ungdomslag,bygdelag",2026-04-28
BREISTRAND UNGDOMSLAG,984076762,TJELDSUND,Troms - Romsa - Tromssa,Breistrandveien 489,9440,EVENSKJER,https://www.facebook.com/groups/231759897628/,brreg,https://data.brreg.no/enhetsregisteret/oppslag/enheter/984076762,ungdomslag,2026-04-28
BYGDELAGET BAUNEN,994711792,TJELDSUND,Troms - Romsa - Tromssa,Tjeldøyveien 569,9444,HOL I TJELDSUND,,brreg,https://data.brreg.no/enhetsregisteret/oppslag/enheter/994711792,bygdelag,2026-04-28
HILLESHAMN BYGDE- OG GRUNNEIERLAG,992613319,TJELDSUND,Troms - Romsa - Tromssa,"v/ Thordur Knutsen, Hilleshamn Grendehus",9440,EVENSKJER,,brreg,https://data.brreg.no/enhetsregisteret/oppslag/enheter/992613319,bygdelag,2026-04-28
KJERSTAD BYGDELAG,989694138,TJELDSUND,Troms - Romsa - Tromssa,"c/o Irene Kjerstad, Kjerstadveien 22",9444,HOL I TJELDSUND,,brreg,https://data.brreg.no/enhetsregisteret/oppslag/enheter/989694138,bygdelag,2026-04-28
KJØNNA BYGDELAG,993270784,TJELDSUND,Troms - Romsa - Tromssa,"c/o Kåre Henrik Tor Thomassen, Myrveien 15",9440,EVENSKJER,,brreg,https://data.brreg.no/enhetsregisteret/oppslag/enheter/993270784,bygdelag,2026-04-28
PLANTERHAUG BYGDE OG UNGDOMSLAG,996684881,TJELDSUND,Troms - Romsa - Tromssa,"c/o Anita Karin Erikjord Åsheim, Planterhaugveien 104",9440,EVENSKJER,,brreg,https://data.brreg.no/enhetsregisteret/oppslag/enheter/996684881,"ungdomslag,bygdelag",2026-04-28
SKÅNLAND UNGDOMSLAG,984051573,TJELDSUND,Troms - Romsa - Tromssa,Store Skånland,9440,EVENSKJER,,brreg,https://data.brreg.no/enhetsregisteret/oppslag/enheter/984051573,ungdomslag,2026-04-28
STEINSLAND UNGDOMS- OG AKTIVITETSLAG,984140703,TJELDSUND,Troms - Romsa - Tromssa,Steinsland,9440,EVENSKJER,,brreg,https://data.brreg.no/enhetsregisteret/oppslag/enheter/984140703,"ungdomslag,bygdelag",2026-04-28
U.L. FRAMSYN,819730482,TJELDSUND,Troms - Romsa - Tromssa,Kong Olavs vei 291,9436,KONGSVIK,,brreg,https://data.brreg.no/enhetsregisteret/oppslag/enheter/819730482,ungdomslag,2026-04-28
UL DEMRING,893835202,TJELDSUND,Troms - Romsa - Tromssa,"v/ Kjell Johnsen, Astafjordveien 617",9446,GROVFJORD,,brreg,https://data.brreg.no/enhetsregisteret/oppslag/enheter/893835202,ungdomslag,2026-04-28
UL HAAPET,980430812,TJELDSUND,Troms - Romsa - Tromssa,Sandstrand,9445,TOVIK,,brreg,https://data.brreg.no/enhetsregisteret/oppslag/enheter/980430812,ungdomslag,2026-04-28
UL YGGDRASIL,993979074,TJELDSUND,Troms - Romsa - Tromssa,"c/o Bjørn Harald Torbergsen, Renså",9445,TOVIK,,brreg,https://data.brreg.no/enhetsregisteret/oppslag/enheter/993979074,ungdomslag,2026-04-28
B/L LAUGEN,993864536,TROMSØ,Troms - Romsa - Tromssa,Brokskarvegen 773,9057,VIKRAN,,brreg,https://data.brreg.no/enhetsregisteret/oppslag/enheter/993864536,ungdomslag,2026-04-28
BIFROST UNGDOMSTEATER,933957594,TROMSØ,Troms - Romsa - Tromssa,"c/o Cristel Ruiz, Ringselvegen 6",9100,KVALØYSLETTA,,brreg,https://data.brreg.no/enhetsregisteret/oppslag/enheter/933957594,ungdomslag,2026-04-28
BONDEUNGDOMSLAGET I TROMSØ (BUL-TROMSØ),879931452,TROMSØ,Troms - Romsa - Tromssa,"c/o Saga Hotell, Richard Withs plass 2",9008,TROMSØ,https://www.bul-tromso.no,brreg,https://data.brreg.no/enhetsregisteret/oppslag/enheter/879931452,ungdomslag,2026-04-28
BYGDELAGET SAMHOLD,992965622,TROMSØ,Troms - Romsa - Tromssa,Sandvika,9021,TROMSDALEN,https://sandvikabygdehus.no,brreg,https://data.brreg.no/enhetsregisteret/oppslag/enheter/992965622,bygdelag,2026-04-28
BYGDELAGET VÅRGLIMT,993832332,TROMSØ,Troms - Romsa - Tromssa,Sjøtunvegen 444,9108,KVALØYA,,brreg,https://data.brreg.no/enhetsregisteret/oppslag/enheter/993832332,bygdelag,2026-04-28
BYGDELAGET VÅRSOL,993383872,TROMSØ,Troms - Romsa - Tromssa,"c/o Hans Marius Johansen, Kvaløyvågvegen 926",9103,KVALØYA,,brreg,https://data.brreg.no/enhetsregisteret/oppslag/enheter/993383872,bygdelag,2026-04-28
FOLKEMUSIKKLAGET I BUL TROMSØ,935671671,TROMSØ,Troms - Romsa - Tromssa,"c/o Saga Hotell, Richard Withs plass 2",9008,TROMSØ,https://www.bul-tromso.no,brreg,https://data.brreg.no/enhetsregisteret/oppslag/enheter/935671671,ungdomslag,2026-04-28
HÅKØYBOTN BYGDELAG,895516112,TROMSØ,Troms - Romsa - Tromssa,"c/o Lajla Johansen, Straumsvegen 392",9109,KVALØYA,https://www.håkøybotn.no,brreg,https://data.brreg.no/enhetsregisteret/oppslag/enheter/895516112,bygdelag,2026-04-28
IDRETTSLAGET I BONDEUNGDOMSLAGET I TROMSØ,992763221,TROMSØ,Troms - Romsa - Tromssa,Richard Withs plass 2,9008,TROMSØ,https://www.bul-tromso.no,brreg,https://data.brreg.no/enhetsregisteret/oppslag/enheter/992763221,ungdomslag,2026-04-28
KALDFJORD OG OMEGN BYGDEHUS,995525798,TROMSØ,Troms - Romsa - Tromssa,"c/o Arnulf Kaspersen, Sjurelvvegen 12B",9107,KVALØYA,,brreg,https://data.brreg.no/enhetsregisteret/oppslag/enheter/995525798,bygdelag,2026-04-28
LAUKVIK BYGDELAG,915787487,TROMSØ,Troms - Romsa - Tromssa,Laukvik,9120,VENGSØY,,brreg,https://data.brreg.no/enhetsregisteret/oppslag/enheter/915787487,bygdelag,2026-04-28
MENTAL HELSE UNGDOM TROMSØ,933887839,TROMSØ,Troms - Romsa - Tromssa,Parkgata 27,9008,TROMSØ,,brreg,https://data.brreg.no/enhetsregisteret/oppslag/enheter/933887839,"ungdomslag,bygdelag",2026-04-28
NIKKEBY BYGDELAG,985867313,TROMSØ,Troms - Romsa - Tromssa,"c/o Helge Petter Hansen, Fjordvegen 395",9107,KVALØYA,,brreg,https://data.brreg.no/enhetsregisteret/oppslag/enheter/985867313,bygdelag,2026-04-28
NORDHEIM BYGDELAG,997167724,TROMSØ,Troms - Romsa - Tromssa,"c/o Else Birgitte Haugland Zahl, Skarsfjordvegen 896",9131,KÅRVIK,,brreg,https://data.brreg.no/enhetsregisteret/oppslag/enheter/997167724,bygdelag,2026-04-28
NORDRE KATTFJORD BYGDELAG,918824030,TROMSØ,Troms - Romsa - Tromssa,"c/o Anita Winter, Vasstrandvegen 497",9108,KVALØYA,,brreg,https://data.brreg.no/enhetsregisteret/oppslag/enheter/918824030,bygdelag,2026-04-28
PSYKOLOGISTUDENTER UTEN GRENSER - TROMSØ,918127739,TROMSØ,Troms - Romsa - Tromssa,"Institutt for Psykologi, Huginbakken 32",9019,TROMSØ,https://www.psykologistudenterutengrenser.no,brreg,https://data.brreg.no/enhetsregisteret/oppslag/enheter/918127739,grendelag,2026-04-28
RAMFJORD GRENDEFORENING,986332812,TROMSØ,Troms - Romsa - Tromssa,Morenevegen,9027,RAMFJORDBOTN,,brreg,https://data.brreg.no/enhetsregisteret/oppslag/enheter/986332812,grendelag,2026-04-28
RAMFJORD UNGDOMS- OG IDRETTSLAG,971401850,TROMSØ,Troms - Romsa - Tromssa,Fagernes,9027,RAMFJORDBOTN,https://ruil.no,brreg,https://data.brreg.no/enhetsregisteret/oppslag/enheter/971401850,"ungdomslag,bygdelag",2026-04-28
RAMFJORD UNGDOMSKLUBB,927965348,TROMSØ,Troms - Romsa - Tromssa,"c/o Tone Bergvoll Johansen, Nordbotnvegen 154",9027,RAMFJORDBOTN,,brreg,https://data.brreg.no/enhetsregisteret/oppslag/enheter/927965348,ungdomslag,2026-04-28
REBBENESØY UNGDOMS OG IDRETTSLAG,992611456,TROMSØ,Troms - Romsa - Tromssa,"c/o Aina Olaisen, Engvikvegen 597",9140,REBBENES,,brreg,https://data.brreg.no/enhetsregisteret/oppslag/enheter/992611456,"ungdomslag,bygdelag",2026-04-28
SJURSNES & OMEGN BYGDELAG,971400587,TROMSØ,Troms - Romsa - Tromssa,,9030,SJURSNES,,brreg,https://data.brreg.no/enhetsregisteret/oppslag/enheter/971400587,bygdelag,2026-04-28
SKEIV UNGDOM TROMS,997648161,TROMSØ,Troms - Romsa - Tromssa,Parkgata 27,9008,TROMSØ,https://skeivungdom.no/lokallag/troms/,brreg,https://data.brreg.no/enhetsregisteret/oppslag/enheter/997648161,"ungdomslag,bygdelag",2026-04-28
SKULGAM BYGDELAG,993123544,TROMSØ,Troms - Romsa - Tromssa,"c/o Helge Hauglann, Skulgamvegen 500",9131,KÅRVIK,https://www.ringvassoya.com,brreg,https://data.brreg.no/enhetsregisteret/oppslag/enheter/993123544,bygdelag,2026-04-28
SKULSFJORD OG LYFJORD BYGDELAG,993300829,TROMSØ,Troms - Romsa - Tromssa,Vågslettvegen 33,9103,KVALØYA,,brreg,https://data.brreg.no/enhetsregisteret/oppslag/enheter/993300829,bygdelag,2026-04-28
SLÅTTNES GRENDELAG,983945058,TROMSØ,Troms - Romsa - Tromssa,Slåttnes,9105,KVALØYA,,brreg,https://data.brreg.no/enhetsregisteret/oppslag/enheter/983945058,grendelag,2026-04-28
TREKLANG BARNE- OG UNGDOMSKOR,996521486,TROMSØ,Troms - Romsa - Tromssa,Krognessvegen 33,9006,TROMSØ,,brreg,https://data.brreg.no/enhetsregisteret/oppslag/enheter/996521486,ungdomslag,2026-04-28
TROMS BARNE- OG UNGDOMSRÅD (TROBUR),979994354,TROMSØ,Troms - Romsa - Tromssa,Cora Sandels gate 2,9008,TROMSØ,https://www.trobur.no/,brreg,https://data.brreg.no/enhetsregisteret/oppslag/enheter/979994354,ungdomslag,2026-04-28
TROMSØ SJAKKLUBBS UNGDOM,983933866,TROMSØ,Troms - Romsa - Tromssa,"c/o Benjamin Halvorsen, Alvevegen 224",9016,TROMSØ,https://www.tsku.no,brreg,https://data.brreg.no/enhetsregisteret/oppslag/enheter/983933866,"ungdomslag,bygdelag",2026-04-28
TROMSØ STORM UNGDOM,986247726,TROMSØ,Troms - Romsa - Tromssa,Breiviklia 2,9019,TROMSØ,https://www.stormungdom.no,brreg,https://data.brreg.no/enhetsregisteret/oppslag/enheter/986247726,"ungdomslag,bygdelag",2026-04-28
TROMVIK GRENDEHUS,915885357,TROMSØ,Troms - Romsa - Tromssa,Tromtindvegen 215,9107,KVALØYA,https://tromvikgrendehus.no,brreg,https://data.brreg.no/enhetsregisteret/oppslag/enheter/915885357,grendelag,2026-04-28
TROMVIK IDRETTS-OG UNGDOMSLAG,921862458,TROMSØ,Troms - Romsa - Tromssa,"c/o Bjarnhild Jendine Olufsen, Tromtindvegen 224",9107,KVALØYA,,brreg,https://data.brreg.no/enhetsregisteret/oppslag/enheter/921862458,ungdomslag,2026-04-28
TRYGGERE UNGDOM TROMS OG FINNMARK,930744077,TROMSØ,Troms - Romsa - Tromssa,Balsfjordvinden 68,9006,TROMSØ,,brreg,https://data.brreg.no/enhetsregisteret/oppslag/enheter/930744077,"ungdomslag,bygdelag",2026-04-28
TUIL TROMSDALEN UNGDOMSLAG,996845788,TROMSØ,Troms - Romsa - Tromssa,Arthur Arntzens veg 29,9020,TROMSDALEN,,brreg,https://data.brreg.no/enhetsregisteret/oppslag/enheter/996845788,ungdomslag,2026-04-28
U L SAMHOLD,993486086,TROMSØ,Troms - Romsa - Tromssa,"c/o Karoline Hansen, Hillesøyvegen 255",9110,SOMMARØYA,,brreg,https://data.brreg.no/enhetsregisteret/oppslag/enheter/993486086,ungdomslag,2026-04-28
U.L ULFSTIND,875527592,TROMSØ,Troms - Romsa - Tromssa,Ullstindvegen 839,9023,KROKELVDALEN,,brreg,https://data.brreg.no/enhetsregisteret/oppslag/enheter/875527592,ungdomslag,2026-04-28
U.L. VARDEN,993932671,TROMSØ,Troms - Romsa - Tromssa,"c/o Marit Rein, Helmer Hansens gate 2B",9011,TROMSØ,,brreg,https://data.brreg.no/enhetsregisteret/oppslag/enheter/993932671,ungdomslag,2026-04-28
U/L HAVBLIKK,993811599,TROMSØ,Troms - Romsa - Tromssa,Elvegårdsvegen 85,9118,BRENSHOLMEN,,brreg,https://data.brreg.no/enhetsregisteret/oppslag/enheter/993811599,ungdomslag,2026-04-28
UL SAMHOLD,911775085,TROMSØ,Troms - Romsa - Tromssa,Salarøyvegen 967,9103,KVALØYA,https://www.krabbelv.no,brreg,https://data.brreg.no/enhetsregisteret/oppslag/enheter/911775085,ungdomslag,2026-04-28
ULL ER GULL,917308586,TROMSØ,Troms - Romsa - Tromssa,"c/o Carina Uldal, Soppsvingen 41",9102,KVALØYSLETTA,,brreg,https://data.brreg.no/enhetsregisteret/oppslag/enheter/917308586,ungdomslag,2026-04-28
VENGSØY BYGDELAG,993897965,TROMSØ,Troms - Romsa - Tromssa,,9120,VENGSØY,,brreg,https://data.brreg.no/enhetsregisteret/oppslag/enheter/993897965,bygdelag,2026-04-28
FLATANGER BARNE- OG UNGDOMSTEATER,932600021,FLATANGER,Trøndelag - Trööndelage,"c/o Svend Aagård, Kvaløyseterveien 33",7770,FLATANGER,,brreg,https://data.brreg.no/enhetsregisteret/oppslag/enheter/932600021,ungdomslag,2026-04-28
OLADALEN IDRETTS- OG GRENDELAG,971388978,FLATANGER,Trøndelag - Trööndelage,"c/o Kjell Harald Moe, Jøssundveien 1867",7745,OPPLAND,,brreg,https://data.brreg.no/enhetsregisteret/oppslag/enheter/971388978,grendelag,2026-04-28
SØRFLATANGER GRENDELAG,985007160,FLATANGER,Trøndelag - Trööndelage,"c/o Iver Krogstad, Nordsjøveien 39",7770,FLATANGER,,brreg,https://data.brreg.no/enhetsregisteret/oppslag/enheter/985007160,grendelag,2026-04-28
SØRNESSET GRENDE OG UNGDOMSLAG,994308335,FLATANGER,Trøndelag - Trööndelage,Sørnessveien 850,7746,HASVÅG,,brreg,https://data.brreg.no/enhetsregisteret/oppslag/enheter/994308335,"ungdomslag,grendelag",2026-04-28
UTVORDA OG SITTER GRENDELAG,971535458,FLATANGER,Trøndelag - Trööndelage,"c/o Beate Ramberg Myren, Vedskogmyra 14",7777,NORD-STATLAND,,brreg,https://data.brreg.no/enhetsregisteret/oppslag/enheter/971535458,grendelag,2026-04-28
FROSTA BYGDEMUSEUM,912287769,FROSTA,Trøndelag - Trööndelage,"c/o Aage Hagerup, Alstadvegen 214",7633,FROSTA,,brreg,https://data.brreg.no/enhetsregisteret/oppslag/enheter/912287769,bygdelag,2026-04-28
SKOGLY UNGDOMSLAG,912695069,FROSTA,Trøndelag - Trööndelage,Frøstadvegen 285,7633,FROSTA,https://www.folkheim.no,brreg,https://data.brreg.no/enhetsregisteret/oppslag/enheter/912695069,ungdomslag,2026-04-28
MAUSUND GRENDELAG,984577214,FRØYA,Trøndelag - Trööndelage,,7284,MAUSUND,,brreg,https://data.brreg.no/enhetsregisteret/oppslag/enheter/984577214,grendelag,2026-04-28
SULA GRENDELAG,993896225,FRØYA,Trøndelag - Trööndelage,Grendahuset,7280,SULA,,brreg,https://data.brreg.no/enhetsregisteret/oppslag/enheter/993896225,grendelag,2026-04-28
BJØRGAN UNGDOMSKLUBB,922419868,GRONG,Trøndelag - Trööndelage,Bjørganvegen 156,7870,GRONG,,brreg,https://data.brreg.no/enhetsregisteret/oppslag/enheter/922419868,ungdomslag,2026-04-28
GRONG BARNE- OG UNGDOMSSKOLE - FORENING,923826734,GRONG,Trøndelag - Trööndelage,Sundspetvegen 21,7870,GRONG,,brreg,https://data.brreg.no/enhetsregisteret/oppslag/enheter/923826734,ungdomslag,2026-04-28
HARRAN UNGDOMSLAG,994025139,GRONG,Trøndelag - Trööndelage,c/o Thomas Austlid Gartland,7873,HARRAN,,brreg,https://data.brreg.no/enhetsregisteret/oppslag/enheter/994025139,ungdomslag,2026-04-28
HAUGEN GRENDEHUS,911941015,GRONG,Trøndelag - Trööndelage,"v/Anne Johanne Østerås, Rosset",7870,GRONG,,brreg,https://data.brreg.no/enhetsregisteret/oppslag/enheter/911941015,grendelag,2026-04-28
FRAKKFJORD BYGDELAG,997926536,HEIM,Trøndelag - Trööndelage,"c/o Kjerstin Otelie Wilhelmsen, Brattdalen 6",7200,KYRKSÆTERØRA,https://www.frakkfjordbygdelag.blogspot.com/,brreg,https://data.brreg.no/enhetsregisteret/oppslag/enheter/997926536,bygdelag,2026-04-28
HALSA BYGDEKVINNELAG,915714781,HEIM,Trøndelag - Trööndelage,"c/o Bjørg Randi Sallaup Halse, Halsabakkan 20",6680,HALSANAUSTAN,https://www.bygdekvinnelaget.no,brreg,https://data.brreg.no/enhetsregisteret/oppslag/enheter/915714781,bygdelag,2026-04-28
HEMNE UNGDOMSLAG,982601665,HEIM,Trøndelag - Trööndelage,v/ Arild Neshaug,7200,KYRKSÆTERØRA,,brreg,https://data.brreg.no/enhetsregisteret/oppslag/enheter/982601665,ungdomslag,2026-04-28
RØSTKVERVET UNGDOMSLAG,921843992,HEIM,Trøndelag - Trööndelage,"c/o Berit Vaagan, Vågveien 222",7206,HELLANDSJØEN,,brreg,https://data.brreg.no/enhetsregisteret/oppslag/enheter/921843992,ungdomslag,2026-04-28
VALSØYFJORD BYGDEKVINNELAG,995500418,HEIM,Trøndelag - Trööndelage,"c/o Anne Jenny Flenstad, Trøavegen 41",6683,VÅGLAND,,brreg,https://data.brreg.no/enhetsregisteret/oppslag/enheter/995500418,bygdelag,2026-04-28
UL FJELLGLØTT,995449250,HITRA,Trøndelag - Trööndelage,Tranvikveien 151,7247,HESTVIKA,,brreg,https://data.brreg.no/enhetsregisteret/oppslag/enheter/995449250,ungdomslag,2026-04-28
UL FREIDIG,993893579,HITRA,Trøndelag - Trööndelage,"c/o Olav Athammer, Barmanveien 4",7250,MELANDSJØ,,brreg,https://data.brreg.no/enhetsregisteret/oppslag/enheter/993893579,ungdomslag,2026-04-28
UNGDOMSLAGET FORSØKET (UL),995337223,HITRA,Trøndelag - Trööndelage,,7243,KVENVÆR,,brreg,https://data.brreg.no/enhetsregisteret/oppslag/enheter/995337223,ungdomslag,2026-04-28
UNGDOMSLAGET HAVSUS,915583466,HITRA,Trøndelag - Trööndelage,"c/o Karstein Grindskar, Sommerstadveien 5",7242,KNARRLAGSUND,,brreg,https://data.brreg.no/enhetsregisteret/oppslag/enheter/915583466,ungdomslag,2026-04-28
BYGDEMUSEETS VENNER,994215310,HOLTÅLEN,Trøndelag - Trööndelage,,7380,ÅLEN,,brreg,https://data.brreg.no/enhetsregisteret/oppslag/enheter/994215310,bygdelag,2026-04-28
U.L. FRAMTIDSVON,975475360,HØYLANDET,Trøndelag - Trööndelage,"c/o Andreas Aune Ahlin, Aunvegen 139",7876,KONGSMOEN,https://www.facebook.com/groups/238599152835191/,brreg,https://data.brreg.no/enhetsregisteret/oppslag/enheter/975475360,ungdomslag,2026-04-28
UL FRAMHUG,997705491,HØYLANDET,Trøndelag - Trööndelage,Høylandet Samfunnshus,7877,HØYLANDET,,brreg,https://data.brreg.no/enhetsregisteret/oppslag/enheter/997705491,ungdomslag,2026-04-28
UL LIDARENDE,994157957,HØYLANDET,Trøndelag - Trööndelage,Vassbotna,7877,HØYLANDET,,brreg,https://data.brreg.no/enhetsregisteret/oppslag/enheter/994157957,ungdomslag,2026-04-28
UNGDOMSLAGET LIV,915162312,HØYLANDET,Trøndelag - Trööndelage,Øygrenda 90,7877,HØYLANDET,,brreg,https://data.brreg.no/enhetsregisteret/oppslag/enheter/915162312,ungdomslag,2026-04-28
GRENDEHUSET HAUGTUN,919114142,INDERØY,Trøndelag - Trööndelage,Framverranvegen 702,7690,MOSVIK,,brreg,https://data.brreg.no/enhetsregisteret/oppslag/enheter/919114142,grendelag,2026-04-28
INDERØY KRISTELIGE UNGDOMSFORENING,919140453,INDERØY,Trøndelag - Trööndelage,"c/o Ingrid Ljøkjell Sele, Kjelvikvegen 78",7670,INDERØY,,brreg,https://data.brreg.no/enhetsregisteret/oppslag/enheter/919140453,ungdomslag,2026-04-28
NESSET GRENDELAG,990885168,INDERØY,Trøndelag - Trööndelage,"c/o Signe Anita Grønnesby, Nessetvegen 341A",7670,INDERØY,,brreg,https://data.brreg.no/enhetsregisteret/oppslag/enheter/990885168,grendelag,2026-04-28
NORDØY GRENDELAG,989420151,INDERØY,Trøndelag - Trööndelage,,7670,INDERØY,https://www.kjerknesvaagen.no,brreg,https://data.brreg.no/enhetsregisteret/oppslag/enheter/989420151,grendelag,2026-04-28
SAKSHAUG-GRENDA VEL,923635947,INDERØY,Trøndelag - Trööndelage,"c/o Atle Værdal, Sakshaugvegen 55",7670,INDERØY,,brreg,https://data.brreg.no/enhetsregisteret/oppslag/enheter/923635947,grendelag,2026-04-28
SANDVOLLAN BYGDEKVINNELAG,813393972,INDERØY,Trøndelag - Trööndelage,"c/o Kirsti Teveldal, Åsvegen 14",7670,INDERØY,,brreg,https://data.brreg.no/enhetsregisteret/oppslag/enheter/813393972,bygdelag,2026-04-28
STOKKAN GRENDEHUS,987086076,INDERØY,Trøndelag - Trööndelage,Letnesvegen 676,7670,INDERØY,,brreg,https://data.brreg.no/enhetsregisteret/oppslag/enheter/987086076,grendelag,2026-04-28
TEATER & UNGDOMSLAGET ØYNA,992406771,INDERØY,Trøndelag - Trööndelage,Stokkanvegen 1,7670,INDERØY,https://www.facebook.com/teaterlaget/,brreg,https://data.brreg.no/enhetsregisteret/oppslag/enheter/992406771,ungdomslag,2026-04-28
UTØY GRENDEUTVALG STIUTVALGET,989404474,INDERØY,Trøndelag - Trööndelage,"v/ Marius Haga, Vangshylla 160",7670,INDERØY,https://www.inderoysti.no,brreg,https://data.brreg.no/enhetsregisteret/oppslag/enheter/989404474,grendelag,2026-04-28
VIVACE BARNE- OG UNGDOMSKOR,919140135,INDERØY,Trøndelag - Trööndelage,Vangsvegen 108,7670,INDERØY,,brreg,https://data.brreg.no/enhetsregisteret/oppslag/enheter/919140135,ungdomslag,2026-04-28
BERG UGLA GRENDELAG,979534221,INDRE FOSEN,Trøndelag - Trööndelage,Myrmoveien 413,7120,LEKSVIK,,brreg,https://data.brreg.no/enhetsregisteret/oppslag/enheter/979534221,grendelag,2026-04-28
DALBYGDA GRENDELAG,983336698,INDRE FOSEN,Trøndelag - Trööndelage,Dalbygda,7120,LEKSVIK,,brreg,https://data.brreg.no/enhetsregisteret/oppslag/enheter/983336698,grendelag,2026-04-28
FEVÅG UNGDOMSLAG,976302753,INDRE FOSEN,Trøndelag - Trööndelage,c/o Hege Kjelsli,7110,FEVÅG,,brreg,https://data.brreg.no/enhetsregisteret/oppslag/enheter/976302753,ungdomslag,2026-04-28
HYSNES UNGDOMSKLUBB,928302229,INDRE FOSEN,Trøndelag - Trööndelage,Sjursvikveien 33,7112,HASSELVIKA,,brreg,https://data.brreg.no/enhetsregisteret/oppslag/enheter/928302229,ungdomslag,2026-04-28
RISSA BYGDEKVINNELAG,913332687,INDRE FOSEN,Trøndelag - Trööndelage,"c/o Elin Synnøve Sunde, Skaugdalsveien 145",7100,RISSA,,brreg,https://data.brreg.no/enhetsregisteret/oppslag/enheter/913332687,bygdelag,2026-04-28
RISSA BYGDEMUSEUM,999574297,INDRE FOSEN,Trøndelag - Trööndelage,Johan Bojers vei 124,7100,RISSA,https://www.facebook.com/RissaBygdemuseum,brreg,https://data.brreg.no/enhetsregisteret/oppslag/enheter/999574297,bygdelag,2026-04-28
RISSA UNGDOMSLAG,975731693,INDRE FOSEN,Trøndelag - Trööndelage,Modalsveien 60,7100,RISSA,,brreg,https://data.brreg.no/enhetsregisteret/oppslag/enheter/975731693,ungdomslag,2026-04-28
RÅKVÅG UNGDOMSLAG,994109960,INDRE FOSEN,Trøndelag - Trööndelage,"c/o Ove Dalemo, Sandveien 4",7114,RÅKVÅG,,brreg,https://data.brreg.no/enhetsregisteret/oppslag/enheter/994109960,ungdomslag,2026-04-28
TALMOSKOLEN GRENDEHUS,994819771,INDRE FOSEN,Trøndelag - Trööndelage,Tronvikveien 19,7120,LEKSVIK,,brreg,https://data.brreg.no/enhetsregisteret/oppslag/enheter/994819771,grendelag,2026-04-28
GUTVIK GRENDELAG,996373606,LEKA,Trøndelag - Trööndelage,Nordgutvikveien 60,7993,GUTVIK,,brreg,https://data.brreg.no/enhetsregisteret/oppslag/enheter/996373606,grendelag,2026-04-28
VONHEIM GRENDEHUS,833281062,LEKA,Trøndelag - Trööndelage,"c/o Ellen Frisendal, Frøvikveien 233",7994,LEKA,,brreg,https://data.brreg.no/enhetsregisteret/oppslag/enheter/833281062,grendelag,2026-04-28
BREIDABLIK GRENDEHUS,935616832,LEVANGER,Trøndelag - Trööndelage,Okkenhaugvegen 786,7608,LEVANGER,,brreg,https://data.brreg.no/enhetsregisteret/oppslag/enheter/935616832,grendelag,2026-04-28
EKNE UNGDOMSLAG,988118184,LEVANGER,Trøndelag - Trööndelage,Falstadberget 4,7624,EKNE,,brreg,https://data.brreg.no/enhetsregisteret/oppslag/enheter/988118184,ungdomslag,2026-04-28
FORENINGEN NORDTUN GRENDEHUS,925909718,LEVANGER,Trøndelag - Trööndelage,Danielsborg 16,7609,LEVANGER,https://nordtungrendehus.no,brreg,https://data.brreg.no/enhetsregisteret/oppslag/enheter/925909718,grendelag,2026-04-28
HEGLE GRENDEHUS,996096319,LEVANGER,Trøndelag - Trööndelage,"c/o Geir Ole Nilsen, Okkenhaugvegen 425",7608,LEVANGER,,brreg,https://data.brreg.no/enhetsregisteret/oppslag/enheter/996096319,grendelag,2026-04-28
JULSBORG GRENDELAG,916746687,LEVANGER,Trøndelag - Trööndelage,"c/o Erlend Reinholdtsen, Julsborg 27",7607,LEVANGER,,brreg,https://data.brreg.no/enhetsregisteret/oppslag/enheter/916746687,grendelag,2026-04-28
LEVANGER BARNE OG UNGDOMSKORPS,982804590,LEVANGER,Trøndelag - Trööndelage,"c/o Sindre Aasen, Bøkkervegen 1C",7606,LEVANGER,,brreg,https://data.brreg.no/enhetsregisteret/oppslag/enheter/982804590,ungdomslag,2026-04-28
REVIVE UNGDOMSKOR LEVANGER,922955778,LEVANGER,Trøndelag - Trööndelage,"c/o Jon Øyvind Vik-Haugen, Sørkleiva 22B",7607,LEVANGER,,brreg,https://data.brreg.no/enhetsregisteret/oppslag/enheter/922955778,ungdomslag,2026-04-28
SKOGN BARNE- OG UNGDOMSKOR,992168315,LEVANGER,Trøndelag - Trööndelage,"v/ Agnethe Jonassen, Sørgrenda 237",7622,MARKABYGDA,,brreg,https://data.brreg.no/enhetsregisteret/oppslag/enheter/992168315,ungdomslag,2026-04-28
SKOGN BYGDEKVINNELAG,996644561,LEVANGER,Trøndelag - Trööndelage,Støreshøgda 118,7620,SKOGN,,brreg,https://data.brreg.no/enhetsregisteret/oppslag/enheter/996644561,bygdelag,2026-04-28
SKOGN UNGDOMSLAG,980780228,LEVANGER,Trøndelag - Trööndelage,"c/o Anne Haugberg, Støreshøgda 9",7620,SKOGN,,brreg,https://data.brreg.no/enhetsregisteret/oppslag/enheter/980780228,ungdomslag,2026-04-28
UNGDOMSFORENINGEN IMPULS,933921921,LEVANGER,Trøndelag - Trööndelage,"c/o Norderhus, Bruksenhetsnummer H301, Jernbanegata 14B",7600,LEVANGER,,brreg,https://data.brreg.no/enhetsregisteret/oppslag/enheter/933921921,ungdomslag,2026-04-28
UNGDOMSLAGET VÅRGLIMT,911768100,LEVANGER,Trøndelag - Trööndelage,"c/o Per Nøst, Strandheim 13",7629,YTTERØY,,brreg,https://data.brreg.no/enhetsregisteret/oppslag/enheter/911768100,ungdomslag,2026-04-28
YTTERØY BYGDEKVINNELAG,912681009,LEVANGER,Trøndelag - Trööndelage,"c/o Kristin Haugdahl Nøst, Sørsia 617A",7629,YTTERØY,,brreg,https://data.brreg.no/enhetsregisteret/oppslag/enheter/912681009,bygdelag,2026-04-28
ÅSEN BYGDEFORUM,994320831,LEVANGER,Trøndelag - Trööndelage,Sveet 2C,7630,ÅSEN,,brreg,https://data.brreg.no/enhetsregisteret/oppslag/enheter/994320831,bygdelag,2026-04-28
JULE GRENDEHUS,923316922,LIERNE,Trøndelag - Trööndelage,Lauvstadveien 8,7884,SØRLI,,brreg,https://data.brreg.no/enhetsregisteret/oppslag/enheter/923316922,grendelag,2026-04-28
UNGDOMSLAGET GÅ-PÅ,974962772,LIERNE,Trøndelag - Trööndelage,,7882,NORDLI,,brreg,https://data.brreg.no/enhetsregisteret/oppslag/enheter/974962772,ungdomslag,2026-04-28
CORISSIMO - MALVIK KIRKES UNGDOMSKOR,928416119,MALVIK,Trøndelag - Trööndelage,Reidar Jenssens gate 8,7550,HOMMELVIK,,brreg,https://data.brreg.no/enhetsregisteret/oppslag/enheter/928416119,ungdomslag,2026-04-28
NEDRE SJØLYST GRENDELAG,999033024,MALVIK,Trøndelag - Trööndelage,"c/o Gaute Sandvik, Sjølystvegen 66B",7562,SAKSVIK,,brreg,https://data.brreg.no/enhetsregisteret/oppslag/enheter/999033024,grendelag,2026-04-28
UNGDOMSLAGET VIDAR,994205870,MALVIK,Trøndelag - Trööndelage,Markabygdvegen 275,7560,VIKHAMMER,,brreg,https://data.brreg.no/enhetsregisteret/oppslag/enheter/994205870,ungdomslag,2026-04-28
UNGDOMSLAGET FRAMSTEG,996217337,MELHUS,Trøndelag - Trööndelage,Vonheim,7212,KORSVEGEN,,brreg,https://data.brreg.no/enhetsregisteret/oppslag/enheter/996217337,ungdomslag,2026-04-28
BYGDEMUSEETS VENNER,916754612,MERÅKER,Trøndelag - Trööndelage,"c/o Leif Gunnar Johansen, Mehaugtrøa 22",7530,MERÅKER,,brreg,https://data.brreg.no/enhetsregisteret/oppslag/enheter/916754612,bygdelag,2026-04-28
GUDÅ GRENDEHUS,998537673,MERÅKER,Trøndelag - Trööndelage,Gudå grendehus,7530,MERÅKER,,brreg,https://data.brreg.no/enhetsregisteret/oppslag/enheter/998537673,grendelag,2026-04-28
BUDAL UNGDOMSLAG,871382832,MIDTRE GAULDAL,Trøndelag - Trööndelage,Boligfeltet 11,7298,BUDALEN,,brreg,https://data.brreg.no/enhetsregisteret/oppslag/enheter/871382832,ungdomslag,2026-04-28
HAUKA GRENDELAG,921535015,MIDTRE GAULDAL,Trøndelag - Trööndelage,Hauka,7288,SOKNEDAL,,brreg,https://data.brreg.no/enhetsregisteret/oppslag/enheter/921535015,grendelag,2026-04-28
KJØTRØD GRENDEHUS I MIDTRE GAULDAL,828621092,MIDTRE GAULDAL,Trøndelag - Trööndelage,"c/o Kristin Solberg, Hustøftveien 44",7288,SOKNEDAL,,brreg,https://data.brreg.no/enhetsregisteret/oppslag/enheter/828621092,grendelag,2026-04-28
SINGSÅS BYGDEKVINNELAG,994664743,MIDTRE GAULDAL,Trøndelag - Trööndelage,"c/o Harriet Tøndel, Ramnåsveien 61",7387,SINGSÅS,,brreg,https://data.brreg.no/enhetsregisteret/oppslag/enheter/994664743,bygdelag,2026-04-28
SOKNEDAL BYGDEKVINNELAG,921486510,MIDTRE GAULDAL,Trøndelag - Trööndelage,c/o Hilde Wahl Moen,7288,SOKNEDAL,,brreg,https://data.brreg.no/enhetsregisteret/oppslag/enheter/921486510,bygdelag,2026-04-28
BANGSUND UNGDOMSKLUBB,927785498,NAMSOS,Trøndelag - Trööndelage,"c/o Reidun Kvalvik, Flakkvegen 211",7822,BANGSUND,,brreg,https://data.brreg.no/enhetsregisteret/oppslag/enheter/927785498,ungdomslag,2026-04-28
FARMASØYTER UTEN GRENSER NAMSOS STUDENTGRUPPE,917843066,NAMSOS,Trøndelag - Trööndelage,Finn Christiansens veg 1,7804,NAMSOS,,brreg,https://data.brreg.no/enhetsregisteret/oppslag/enheter/917843066,grendelag,2026-04-28
FLAKK GRENDELAG,913374797,NAMSOS,Trøndelag - Trööndelage,Flakk,7822,BANGSUND,,brreg,https://data.brreg.no/enhetsregisteret/oppslag/enheter/913374797,grendelag,2026-04-28
KLINGA BYGDELAG,971494026,NAMSOS,Trøndelag - Trööndelage,Andersmovegen 1,7820,SPILLUM,,brreg,https://data.brreg.no/enhetsregisteret/oppslag/enheter/971494026,bygdelag,2026-04-28
LUND GRENDELAG,915265650,NAMSOS,Trøndelag - Trööndelage,"c/o Bjørnar Smines, Lundavegen 175",7818,LUND,https://www.lundinger.info,brreg,https://data.brreg.no/enhetsregisteret/oppslag/enheter/915265650,grendelag,2026-04-28
NAMDALSEID BYGDEKVINNELAG,918278788,NAMSOS,Trøndelag - Trööndelage,"c/o Gudny O. Sverkmo, Bjørgvegen 48",7750,NAMDALSEID,,brreg,https://data.brreg.no/enhetsregisteret/oppslag/enheter/918278788,bygdelag,2026-04-28
NAMSOS BARNE- OG UNGDOMSKORPS,975412660,NAMSOS,Trøndelag - Trööndelage,,7801,NAMSOS,,brreg,https://data.brreg.no/enhetsregisteret/oppslag/enheter/975412660,ungdomslag,2026-04-28
NÅVA UNGDOMSKLUBB,930817589,NAMSOS,Trøndelag - Trööndelage,"c/o Magnhild Margrethe Sørli, Bøgsetvegen 82",7750,NAMDALSEID,,brreg,https://data.brreg.no/enhetsregisteret/oppslag/enheter/930817589,ungdomslag,2026-04-28
SELNES GRENDELAG,911975777,NAMSOS,Trøndelag - Trööndelage,Selnes,7822,BANGSUND,,brreg,https://data.brreg.no/enhetsregisteret/oppslag/enheter/911975777,grendelag,2026-04-28
UL FRAM,993871559,NAMSOS,Trøndelag - Trööndelage,"c/o Monica Sagmo Hestvik, Altevegen 210",7819,FOSSLANDSOSEN,,brreg,https://data.brreg.no/enhetsregisteret/oppslag/enheter/993871559,ungdomslag,2026-04-28
UNGDOMSLAGET LIV,990921423,NAMSOS,Trøndelag - Trööndelage,,7856,JØA,,brreg,https://data.brreg.no/enhetsregisteret/oppslag/enheter/990921423,ungdomslag,2026-04-28
YTRE OTTERØY BYGDELAG,917185034,NAMSOS,Trøndelag - Trööndelage,,7819,FOSSLANDSOSEN,,brreg,https://data.brreg.no/enhetsregisteret/oppslag/enheter/917185034,bygdelag,2026-04-28
ARNØYA GRENDELAG,997060873,NÆRØYSUND,Trøndelag - Trööndelage,Arnøya,7944,INDRE NÆRØY,,brreg,https://data.brreg.no/enhetsregisteret/oppslag/enheter/997060873,grendelag,2026-04-28
BORGAN UNGDOMSLAG,996617831,NÆRØYSUND,Trøndelag - Trööndelage,Borgan,7924,AUSTAFJORD,,brreg,https://data.brreg.no/enhetsregisteret/oppslag/enheter/996617831,ungdomslag,2026-04-28
DRAG OG OMEGN BYGDELAG,992625600,NÆRØYSUND,Trøndelag - Trööndelage,Austafjordveien 533,7900,RØRVIK,,brreg,https://data.brreg.no/enhetsregisteret/oppslag/enheter/992625600,bygdelag,2026-04-28
GRAVVIK UNGDOMSLAG,995325675,NÆRØYSUND,Trøndelag - Trööndelage,"c/o Rasmus Kristian Lian Dolmen, Gravvikvegen 1499",7990,NAUSTBUKTA,,brreg,https://data.brreg.no/enhetsregisteret/oppslag/enheter/995325675,ungdomslag,2026-04-28
LAUGEN UNGDOMSLAG,994636782,NÆRØYSUND,Trøndelag - Trööndelage,Abelværvegen 184,7970,KOLVEREID,,brreg,https://data.brreg.no/enhetsregisteret/oppslag/enheter/994636782,ungdomslag,2026-04-28
LAUVØYA GRENDELAG,997386116,NÆRØYSUND,Trøndelag - Trööndelage,Lauvøya,7900,RØRVIK,,brreg,https://data.brreg.no/enhetsregisteret/oppslag/enheter/997386116,grendelag,2026-04-28
LYNGSNES OG OMEGN GRENDELAG,928205266,NÆRØYSUND,Trøndelag - Trööndelage,"c/o Marita Myhre, Omkjøringsvegen 4B",7900,RØRVIK,,brreg,https://data.brreg.no/enhetsregisteret/oppslag/enheter/928205266,grendelag,2026-04-28
MARØYA GRENDELAG,985036918,NÆRØYSUND,Trøndelag - Trööndelage,Storvollvegen 185,7900,RØRVIK,,brreg,https://data.brreg.no/enhetsregisteret/oppslag/enheter/985036918,grendelag,2026-04-28
MÅNESET GRENDELAG,886068522,NÆRØYSUND,Trøndelag - Trööndelage,"c/o Morten Østevik, Månesvegen 1632",7970,KOLVEREID,,brreg,https://data.brreg.no/enhetsregisteret/oppslag/enheter/886068522,grendelag,2026-04-28
NAUMDØLA UNGDOMSLAG,982575885,NÆRØYSUND,Trøndelag - Trööndelage,c/o Håkon Bach,7985,FOLDEREID,,brreg,https://data.brreg.no/enhetsregisteret/oppslag/enheter/982575885,ungdomslag,2026-04-28
OTTERSØY OG OMEGN GRENDELAG,999214797,NÆRØYSUND,Trøndelag - Trööndelage,Holandsvegen 26,7940,OTTERSØY,,brreg,https://data.brreg.no/enhetsregisteret/oppslag/enheter/999214797,grendelag,2026-04-28
SALSBRUKET I L,994500252,NÆRØYSUND,Trøndelag - Trööndelage,,7960,SALSBRUKET,,brreg,https://data.brreg.no/enhetsregisteret/oppslag/enheter/994500252,ungdomslag,2026-04-28
SKAGA GRENDELAG,925708798,NÆRØYSUND,Trøndelag - Trööndelage,"c/o Tone Aune Sandnes, Skagavegen 438",7970,KOLVEREID,,brreg,https://data.brreg.no/enhetsregisteret/oppslag/enheter/925708798,grendelag,2026-04-28
U.L YGGDRASIL,993895296,NÆRØYSUND,Trøndelag - Trööndelage,,7940,OTTERSØY,,brreg,https://data.brreg.no/enhetsregisteret/oppslag/enheter/993895296,ungdomslag,2026-04-28
U.L. FRAM,996703614,NÆRØYSUND,Trøndelag - Trööndelage,"v/ Fritz Halsen, Skaga",7970,KOLVEREID,,brreg,https://data.brreg.no/enhetsregisteret/oppslag/enheter/996703614,ungdomslag,2026-04-28
U.L. NORRØNA,993817171,NÆRØYSUND,Trøndelag - Trööndelage,v/Arild Ottesen,7940,OTTERSØY,,brreg,https://data.brreg.no/enhetsregisteret/oppslag/enheter/993817171,ungdomslag,2026-04-28
U.L. SAMHALD,995551519,NÆRØYSUND,Trøndelag - Trööndelage,"c/o Hallvard Arne Laugen, Brekkavegen 67",7985,FOLDEREID,,brreg,https://data.brreg.no/enhetsregisteret/oppslag/enheter/995551519,ungdomslag,2026-04-28
UL FALLARSTEIN,994178415,NÆRØYSUND,Trøndelag - Trööndelage,Nærøysteine,7950,ABELVÆR,,brreg,https://data.brreg.no/enhetsregisteret/oppslag/enheter/994178415,ungdomslag,2026-04-28
UNGDOMSLAGET FJELL OG FJORD,996640094,NÆRØYSUND,Trøndelag - Trööndelage,"Sangertun, Fjær, Ramfjordvegen 171",7970,KOLVEREID,,brreg,https://data.brreg.no/enhetsregisteret/oppslag/enheter/996640094,ungdomslag,2026-04-28
UNGDOMSLAGET HEIMDAL,984134681,NÆRØYSUND,Trøndelag - Trööndelage,Garstadveien 150,7924,AUSTAFJORD,,brreg,https://data.brreg.no/enhetsregisteret/oppslag/enheter/984134681,ungdomslag,2026-04-28
OPPDAL BYGDEKVINNELAG,812419242,OPPDAL,Trøndelag - Trööndelage,"c/o Gerd Røtvei, Røtvegen 40",7340,OPPDAL,https://bygdekvinnelaget.no,brreg,https://data.brreg.no/enhetsregisteret/oppslag/enheter/812419242,bygdelag,2026-04-28
AGDENES BYGDEKVINNELAG,875777092,ORKLAND,Trøndelag - Trööndelage,,7318,AGDENES,,brreg,https://data.brreg.no/enhetsregisteret/oppslag/enheter/875777092,bygdelag,2026-04-28
FORELDREFORENING ORKANGER UNGDOMSSKOLE,922772002,ORKLAND,Trøndelag - Trööndelage,"c/o Orkanger ungdomsskole, Postboks 115 Orkanger",7302,ORKANGER,,brreg,https://data.brreg.no/enhetsregisteret/oppslag/enheter/922772002,ungdomslag,2026-04-28
LENSVIK UNGDOMSKLUBB,925705535,ORKLAND,Trøndelag - Trööndelage,"c/o Erling Magne Sterten, Myran 90",7316,LENSVIK,,brreg,https://data.brreg.no/enhetsregisteret/oppslag/enheter/925705535,ungdomslag,2026-04-28
LØKKEN UNGDOMSKLUBB,928101398,ORKLAND,Trøndelag - Trööndelage,Bjørnliveien 314,7332,LØKKEN VERK,,brreg,https://data.brreg.no/enhetsregisteret/oppslag/enheter/928101398,ungdomslag,2026-04-28
ORKLAND BYGDEKVINNELAG,923780513,ORKLAND,Trøndelag - Trööndelage,"c/o Trine Snekvik Fagerli, Asbølljårvegen 145",7327,SVORKMO,,brreg,https://data.brreg.no/enhetsregisteret/oppslag/enheter/923780513,bygdelag,2026-04-28
SNILLFJORD GRENDELAG,831363312,ORKLAND,Trøndelag - Trööndelage,"c/o Nina Mjør, Fenesveien 226",7257,SNILLFJORD,,brreg,https://data.brreg.no/enhetsregisteret/oppslag/enheter/831363312,grendelag,2026-04-28
SNILLFJORD UNGDOMSLAG,971379340,ORKLAND,Trøndelag - Trööndelage,"c/o Kim Erlend Stolpnes, Mjønes 6",7257,SNILLFJORD,,brreg,https://data.brreg.no/enhetsregisteret/oppslag/enheter/971379340,ungdomslag,2026-04-28
SVORKBYGDA UNGDOMSLAG,996053490,ORKLAND,Trøndelag - Trööndelage,Hemnevegen 1035,7320,FANNREM,,brreg,https://data.brreg.no/enhetsregisteret/oppslag/enheter/996053490,ungdomslag,2026-04-28
U & IL GLIMT,979705786,ORKLAND,Trøndelag - Trööndelage,Langgilan 30,7310,GJØLME,https://uilglimt.no,brreg,https://data.brreg.no/enhetsregisteret/oppslag/enheter/979705786,ungdomslag,2026-04-28
UNGDOMSLAGET GLIMT,992102535,ORKLAND,Trøndelag - Trööndelage,Verrafjordsveien 64,7318,AGDENES,,brreg,https://data.brreg.no/enhetsregisteret/oppslag/enheter/992102535,ungdomslag,2026-04-28
OSEN UNGDOMSLAG,912645940,OSEN,Trøndelag - Trööndelage,Osen,7740,STEINSDALEN,,brreg,https://data.brreg.no/enhetsregisteret/oppslag/enheter/912645940,ungdomslag,2026-04-28
SÆTERVIK-UNGDOMS-IDRETTS OG GRENDALAG,993512079,OSEN,Trøndelag - Trööndelage,"""KONGO"", Ishusveien 31",7748,SETER,,brreg,https://data.brreg.no/enhetsregisteret/oppslag/enheter/993512079,"ungdomslag,bygdelag",2026-04-28
U - 20,915931936,OSEN,Trøndelag - Trööndelage,"c/o Svein Stjern, Steinslandsveien 2",7740,STEINSDALEN,,brreg,https://data.brreg.no/enhetsregisteret/oppslag/enheter/915931936,ungdomslag,2026-04-28
UNGDOMSKORET FAME,995415127,OSEN,Trøndelag - Trööndelage,Sandviksberget,7740,STEINSDALEN,,brreg,https://data.brreg.no/enhetsregisteret/oppslag/enheter/995415127,ungdomslag,2026-04-28
UNGDOMSLAGET HAVGLIMT,917229473,OSEN,Trøndelag - Trööndelage,Straumholveien 576,7740,STEINSDALEN,,brreg,https://data.brreg.no/enhetsregisteret/oppslag/enheter/917229473,ungdomslag,2026-04-28
VINGSAND OG OMEGN GRENDELAG,979229259,OSEN,Trøndelag - Trööndelage,Vingsandveien 477,7740,STEINSDALEN,,brreg,https://data.brreg.no/enhetsregisteret/oppslag/enheter/979229259,grendelag,2026-04-28
MÆLEN GRENDELAG,816715822,OVERHALLA,Trøndelag - Trööndelage,"c/o Joakim Lien Opdal, Melavegen 279",7860,SKAGE I NAMDALEN,,brreg,https://data.brreg.no/enhetsregisteret/oppslag/enheter/816715822,grendelag,2026-04-28
SKAGE BYGDEKVINNELAG,816910102,OVERHALLA,Trøndelag - Trööndelage,"c/o Toril Berg, Berg 140",7860,SKAGE I NAMDALEN,,brreg,https://data.brreg.no/enhetsregisteret/oppslag/enheter/816910102,bygdelag,2026-04-28
SØR-SKAGE GRENDEHUS,828681532,OVERHALLA,Trøndelag - Trööndelage,Øvergata 10,7860,SKAGE I NAMDALEN,,brreg,https://data.brreg.no/enhetsregisteret/oppslag/enheter/828681532,grendelag,2026-04-28
ØYSLETTA GRENDELAG,994618822,OVERHALLA,Trøndelag - Trööndelage,Stasjonsvegen 6A,7863,OVERHALLA,,brreg,https://data.brreg.no/enhetsregisteret/oppslag/enheter/994618822,grendelag,2026-04-28
FRAMTIDSVON UNGDOMSLAG,971381957,RENNEBU,Trøndelag - Trööndelage,Orkdalsveien 1059,7392,RENNEBU,,brreg,https://data.brreg.no/enhetsregisteret/oppslag/enheter/971381957,ungdomslag,2026-04-28
RENNEBU BYGDEKVINNELAG,915348017,RENNEBU,Trøndelag - Trööndelage,"v/Kristine Næss Nordli, Gunnesveien 113",7392,RENNEBU,,brreg,https://data.brreg.no/enhetsregisteret/oppslag/enheter/915348017,bygdelag,2026-04-28
AURSUND UNGDOMSLAG,985743215,RØROS,Trøndelag - Trööndelage,"v/Francis Konow, Aursundveien 1936",7372,GLÅMOS,,brreg,https://data.brreg.no/enhetsregisteret/oppslag/enheter/985743215,ungdomslag,2026-04-28
BREKKEN UNGDOMSLAG,884412722,RØROS,Trøndelag - Trööndelage,"c/o Karina Stenvold, Aursundveien 3014",7370,BREKKEBYGD,,brreg,https://data.brreg.no/enhetsregisteret/oppslag/enheter/884412722,ungdomslag,2026-04-28
BYGDEFOLKET.NO,926052500,RØROS,Trøndelag - Trööndelage,"c/o Guri Punde Moen, Tjønnmoen 22",7370,BREKKEBYGD,https://bygdefolket.no,brreg,https://data.brreg.no/enhetsregisteret/oppslag/enheter/926052500,bygdelag,2026-04-28
DJUPSJØLIA UNGDOMSLAG,995813173,RØROS,Trøndelag - Trööndelage,Djupsjølia,7374,RØROS,https://djupsjolia.no,brreg,https://data.brreg.no/enhetsregisteret/oppslag/enheter/995813173,ungdomslag,2026-04-28
FERAGEN BYGDALAG,995872366,RØROS,Trøndelag - Trööndelage,"v/Guri Nordsveen, Karlsgårdsveien 58",7375,RØROS,,brreg,https://data.brreg.no/enhetsregisteret/oppslag/enheter/995872366,bygdelag,2026-04-28
GLÅMOS BYGDALAG,994150154,RØROS,Trøndelag - Trööndelage,Glåmosveien 17,7372,GLÅMOS,https://www.glaamos.no,brreg,https://data.brreg.no/enhetsregisteret/oppslag/enheter/994150154,bygdelag,2026-04-28
HÅDALEN BYGDALAG,898540502,RØROS,Trøndelag - Trööndelage,"c/o Eli Riset, Kåsaveien 110",7375,RØROS,,brreg,https://data.brreg.no/enhetsregisteret/oppslag/enheter/898540502,bygdelag,2026-04-28
KOJAN UNGDOMSLAG,893964282,RØROS,Trøndelag - Trööndelage,Valsetveien 100,7375,RØROS,,brreg,https://data.brreg.no/enhetsregisteret/oppslag/enheter/893964282,ungdomslag,2026-04-28
ORVOS BYGDALAG,986699414,RØROS,Trøndelag - Trööndelage,Nyplassgata 19,7375,RØROS,,brreg,https://data.brreg.no/enhetsregisteret/oppslag/enheter/986699414,bygdelag,2026-04-28
HUDNINGSDALEN GRENDELAG,922384266,RØYRVIK,Trøndelag - Trööndelage,"c/o Oddbjørn Ansgar Carlsson, Landingveien 90",7898,LIMINGEN,,brreg,https://data.brreg.no/enhetsregisteret/oppslag/enheter/922384266,grendelag,2026-04-28
GRENDELAGET DALROSA,898321282,SELBU,Trøndelag - Trööndelage,"c/o Lisbeth Sørflakne, Drivvollvegen 9",7596,FLAKNAN,,brreg,https://data.brreg.no/enhetsregisteret/oppslag/enheter/898321282,grendelag,2026-04-28
SAMTIDA U L,971384417,SELBU,Trøndelag - Trööndelage,,7580,SELBU,,brreg,https://data.brreg.no/enhetsregisteret/oppslag/enheter/971384417,ungdomslag,2026-04-28
SELBU BYGDEKVINNELAG,915373372,SELBU,Trøndelag - Trööndelage,"c/o Gro Einrem Volseth, Vølsetvegen 75",7580,SELBU,,brreg,https://data.brreg.no/enhetsregisteret/oppslag/enheter/915373372,bygdelag,2026-04-28
SELBU UNGDOMSKLUBB,928310868,SELBU,Trøndelag - Trööndelage,"c/o Ole Dybro Kjeldsen, Skarodden 14",7580,SELBU,https://www.selbuungdomsklubb.no,brreg,https://data.brreg.no/enhetsregisteret/oppslag/enheter/928310868,ungdomslag,2026-04-28
UL FREMAD,918710027,SELBU,Trøndelag - Trööndelage,Selbuvegen 2162,7580,SELBU,,brreg,https://data.brreg.no/enhetsregisteret/oppslag/enheter/918710027,ungdomslag,2026-04-28
UL UNGBJØRKA,985589976,SELBU,Trøndelag - Trööndelage,Vikvarvvegen 579,7580,SELBU,,brreg,https://data.brreg.no/enhetsregisteret/oppslag/enheter/985589976,ungdomslag,2026-04-28
UNGDOMSLAGET FRAM,975736903,SELBU,Trøndelag - Trööndelage,Framheim,7584,SELBUSTRAND,,brreg,https://data.brreg.no/enhetsregisteret/oppslag/enheter/975736903,ungdomslag,2026-04-28
BUVIKÅSEN GRENDELAG,912502910,SKAUN,Trøndelag - Trööndelage,"v/Thomas Jensen, Buvikåsvegen 163",7350,BUVIKA,,brreg,https://data.brreg.no/enhetsregisteret/oppslag/enheter/912502910,grendelag,2026-04-28
BØRSA OG VIGGJA BYGDEKVINNELAG,996657116,SKAUN,Trøndelag - Trööndelage,"c/o Oddrun Husby, Høgsetvegen 391",7354,VIGGJA,,brreg,https://data.brreg.no/enhetsregisteret/oppslag/enheter/996657116,bygdelag,2026-04-28
SKAUN BARNE OG UNGDOMSKORPS,975736245,SKAUN,Trøndelag - Trööndelage,"c/o Bautaen Kulturhus, Rossmovegen 6",7353,BØRSA,,brreg,https://data.brreg.no/enhetsregisteret/oppslag/enheter/975736245,ungdomslag,2026-04-28
SKAUN BYGDEKVINNELAG,994100610,SKAUN,Trøndelag - Trööndelage,Aunbygdvegen 82,7357,SKAUN,,brreg,https://data.brreg.no/enhetsregisteret/oppslag/enheter/994100610,bygdelag,2026-04-28
GIFSTAD GRENDELAG,995446251,SNÅSA,Trøndelag - Trööndelage,"c/o Jan Halgeir Liberg, Jørstad, Gifstad",7760,SNÅSA,,brreg,https://data.brreg.no/enhetsregisteret/oppslag/enheter/995446251,grendelag,2026-04-28
SNÅSA BYGDEKVINNELAG,911569167,SNÅSA,Trøndelag - Trööndelage,"c/o Vigdis Hjulstad Belbo, Belbuvegen 49",7760,SNÅSA,https://www.bygdekvinnelaget.no/snasa,brreg,https://data.brreg.no/enhetsregisteret/oppslag/enheter/911569167,bygdelag,2026-04-28
SNÅSA UNGDOMSLAG,999227937,SNÅSA,Trøndelag - Trööndelage,Øverbygdvegen 861,7760,SNÅSA,,brreg,https://data.brreg.no/enhetsregisteret/oppslag/enheter/999227937,ungdomslag,2026-04-28
BAGABU UNGDOMSLAG,981135644,STEINKJER,Trøndelag - Trööndelage,Rølivegen 26,7711,STEINKJER,https://henningportalen.no/bagabu-ungdomslag/,brreg,https://data.brreg.no/enhetsregisteret/oppslag/enheter/981135644,ungdomslag,2026-04-28
BARNE OG UNGDOMSREVMATIKERGRUPPEN I NORD TRØNDELAG,893832912,STEINKJER,Trøndelag - Trööndelage,"c/o Lina Margrethe Molberg Larsen, Roarvegen 13",7716,STEINKJER,,brreg,https://data.brreg.no/enhetsregisteret/oppslag/enheter/893832912,ungdomslag,2026-04-28
BEITSTAD BARNE- OG UNGDOMSKOR,916647379,STEINKJER,Trøndelag - Trööndelage,"c/o Sara Fossland Brørs, Sjøstranda 11",7730,BEITSTAD,,brreg,https://data.brreg.no/enhetsregisteret/oppslag/enheter/916647379,ungdomslag,2026-04-28
BEITSTAD UNGDOMSKLUBB,819984492,STEINKJER,Trøndelag - Trööndelage,"c/o May Britt Ravlo, Namsosvegen 940",7730,BEITSTAD,,brreg,https://data.brreg.no/enhetsregisteret/oppslag/enheter/819984492,ungdomslag,2026-04-28
BONDEUNGDOMSLAGET I STEINKJER,997293789,STEINKJER,Trøndelag - Trööndelage,Skolegata 3,7713,STEINKJER,,brreg,https://data.brreg.no/enhetsregisteret/oppslag/enheter/997293789,ungdomslag,2026-04-28
EGGE U BEDRIFTSIDRETTSLAG,933621715,STEINKJER,Trøndelag - Trööndelage,Elvromvegen 4,7715,STEINKJER,,brreg,https://data.brreg.no/enhetsregisteret/oppslag/enheter/933621715,ungdomslag,2026-04-28
FOLLAVATNET GRENDEHUS,918019553,STEINKJER,Trøndelag - Trööndelage,Fjellgårdsvegen 643,7790,MALM,,brreg,https://data.brreg.no/enhetsregisteret/oppslag/enheter/918019553,grendelag,2026-04-28
FORENINGEN LYSHEIM GRENDEHUS,928878740,STEINKJER,Trøndelag - Trööndelage,Rognvegen 821,7710,SPARBU,,brreg,https://data.brreg.no/enhetsregisteret/oppslag/enheter/928878740,grendelag,2026-04-28
GOTVASSLIA GRENDEHUS,932702290,STEINKJER,Trøndelag - Trööndelage,Selavegen 1470,7796,FOLLAFOSS,,brreg,https://data.brreg.no/enhetsregisteret/oppslag/enheter/932702290,grendelag,2026-04-28
HEISTAD GRENDEHUS,999123252,STEINKJER,Trøndelag - Trööndelage,"c/o Terje Schei, Sandhaug",7710,SPARBU,,brreg,https://data.brreg.no/enhetsregisteret/oppslag/enheter/999123252,grendelag,2026-04-28
HENNING I L,941455255,STEINKJER,Trøndelag - Trööndelage,Rølivegen 25,7711,STEINKJER,https://www.henningportalen.no,brreg,https://data.brreg.no/enhetsregisteret/oppslag/enheter/941455255,ungdomslag,2026-04-28
INNTRØNDELAG UNGDOMSSAMLAG,971429992,STEINKJER,Trøndelag - Trööndelage,"c/o Linda Katrine Storli Brøndbo, Nordsihaugen 22",7715,STEINKJER,,brreg,https://data.brreg.no/enhetsregisteret/oppslag/enheter/971429992,ungdomslag,2026-04-28
JADARHEIM GRENDEHUS,915433529,STEINKJER,Trøndelag - Trööndelage,Namsosvegen 494,7730,BEITSTAD,,brreg,https://data.brreg.no/enhetsregisteret/oppslag/enheter/915433529,grendelag,2026-04-28
KVAM BYGDEKVINNELAG,922911533,STEINKJER,Trøndelag - Trööndelage,"c/o Karin Vesterdal, Kvamsvegen 1899",7732,STEINKJER,,brreg,https://data.brreg.no/enhetsregisteret/oppslag/enheter/922911533,bygdelag,2026-04-28
MENTAL HELSE UNGDOM STEINKJER,916099576,STEINKJER,Trøndelag - Trööndelage,Bomvegen 17H,7725,STEINKJER,https://www.mentalhelse.no,brreg,https://data.brreg.no/enhetsregisteret/oppslag/enheter/916099576,"ungdomslag,bygdelag",2026-04-28
MØTEPLASSEN UNGDOMSLAGET FRAMSYN,932604744,STEINKJER,Trøndelag - Trööndelage,"c/o Birgit Helene Frøseth, Rundvegen 27",7710,SPARBU,,brreg,https://data.brreg.no/enhetsregisteret/oppslag/enheter/932604744,ungdomslag,2026-04-28
OGNDAL BYGDEKVINNELAG,998859840,STEINKJER,Trøndelag - Trööndelage,Kjøråsvegen 17,7718,STEINKJER,https://www.bygdekvinnelaget.no/lokallag/ogndal-bygdekvinnelag,brreg,https://data.brreg.no/enhetsregisteret/oppslag/enheter/998859840,bygdelag,2026-04-28
SKAUNA UNGDOMSHUS,993642150,STEINKJER,Trøndelag - Trööndelage,Øvre Kvam,7732,STEINKJER,,brreg,https://data.brreg.no/enhetsregisteret/oppslag/enheter/993642150,ungdomslag,2026-04-28
SPARBU BYGDEKVINNELAG,915282229,STEINKJER,Trøndelag - Trööndelage,"c/o Nina S. Hermann, Lønnemsvegen 10",7710,SPARBU,,brreg,https://data.brreg.no/enhetsregisteret/oppslag/enheter/915282229,bygdelag,2026-04-28
SPROVA GRENDEHUS,924360402,STEINKJER,Trøndelag - Trööndelage,Namsosvegen 1614,7730,BEITSTAD,,brreg,https://data.brreg.no/enhetsregisteret/oppslag/enheter/924360402,grendelag,2026-04-28
STEINKJER BARNE- OG UNGDOMSKORPS,971242744,STEINKJER,Trøndelag - Trööndelage,"c/o Oksana Grek, Iduns veg 25",7725,STEINKJER,,brreg,https://data.brreg.no/enhetsregisteret/oppslag/enheter/971242744,ungdomslag,2026-04-28
STEINKJER REGIONALE UNGDOMSKORPS,915219578,STEINKJER,Trøndelag - Trööndelage,"C/o Steinkjer kommunale kulturskole, Bogavegen 10",7725,STEINKJER,,brreg,https://data.brreg.no/enhetsregisteret/oppslag/enheter/915219578,ungdomslag,2026-04-28
UNGDOMSLAGET OGNA,971528893,STEINKJER,Trøndelag - Trööndelage,"Gildevangen, Ogndalsvegen 901",7718,STEINKJER,https://www.facebook.com/Gildevangen-168331279882290/,brreg,https://data.brreg.no/enhetsregisteret/oppslag/enheter/971528893,ungdomslag,2026-04-28
VADA GRENDEHUS,927342995,STEINKJER,Trøndelag - Trööndelage,Follafossvegen 475,7790,MALM,,brreg,https://data.brreg.no/enhetsregisteret/oppslag/enheter/927342995,grendelag,2026-04-28
ØVRE OGNDAL UNGDOMSLAG,928252876,STEINKJER,Trøndelag - Trööndelage,Ogndalsvegen 2346,7718,STEINKJER,,brreg,https://data.brreg.no/enhetsregisteret/oppslag/enheter/928252876,ungdomslag,2026-04-28
AVINOR VÆRNES B I L,994686216,STJØRDAL,Trøndelag - Trööndelage,"Trondheim Lufthavn, Værnes",7502,STJØRDAL,,brreg,https://data.brreg.no/enhetsregisteret/oppslag/enheter/994686216,ungdomslag,2026-04-28
BYGDEN STJØRDAL SANITETSFORENING,993778532,STJØRDAL,Trøndelag - Trööndelage,"v/ Wigdis Geving, Kongshaugvegen 14",7513,STJØRDAL,,brreg,https://data.brreg.no/enhetsregisteret/oppslag/enheter/993778532,bygdelag,2026-04-28
ELVRAN UNGDOMSLAG,983805582,STJØRDAL,Trøndelag - Trööndelage,Skjeistunet,7519,ELVARLI,,brreg,https://data.brreg.no/enhetsregisteret/oppslag/enheter/983805582,ungdomslag,2026-04-28
HEGRA BYGDEKVINNELAG,987960477,STJØRDAL,Trøndelag - Trööndelage,"c/o Hilde Lingstad, Lauprabben 9",7520,HEGRA,,brreg,https://data.brreg.no/enhetsregisteret/oppslag/enheter/987960477,bygdelag,2026-04-28
LÅNKE BYGDEKVINNELAG,996380572,STJØRDAL,Trøndelag - Trööndelage,"c/o Grete Størseth Vollan, Skuruvegen 4",7517,HELL,,brreg,https://data.brreg.no/enhetsregisteret/oppslag/enheter/996380572,bygdelag,2026-04-28
LÅNKE UNGDOMSLAG,996946673,STJØRDAL,Trøndelag - Trööndelage,Trudvang,7517,HELL,https://trudvang-lanke.no,brreg,https://data.brreg.no/enhetsregisteret/oppslag/enheter/996946673,ungdomslag,2026-04-28
MENTAL HELSE UNGDOM STJØRDAL,991119337,STJØRDAL,Trøndelag - Trööndelage,"Mental Helse Ungdom Stjørdal, Kjøpmannsgata 6A",7500,STJØRDAL,https://www.mhu.no/lokallag/stjordal,brreg,https://data.brreg.no/enhetsregisteret/oppslag/enheter/991119337,"ungdomslag,bygdelag",2026-04-28
NORD-TRØNDELAG BYGDEKVINNELAG,977502810,STJØRDAL,Trøndelag - Trööndelage,Skjelstadmarkvegen 669,7520,HEGRA,https://www.bygdekvinnelaget.no/fylkeslag/nord-trondelag-bygdekvinnelag,brreg,https://data.brreg.no/enhetsregisteret/oppslag/enheter/977502810,bygdelag,2026-04-28
NORDENFJELDSKE GRENADER COMPAGNIE,984593260,STJØRDAL,Trøndelag - Trööndelage,"c/o Håvard Bjørgum, Flintvegen 23",7509,STJØRDAL,https://grenader.no,brreg,https://data.brreg.no/enhetsregisteret/oppslag/enheter/984593260,grendelag,2026-04-28
REMYRA I L,984067038,STJØRDAL,Trøndelag - Trööndelage,Hjelsengvegen 245,7509,STJØRDAL,https://www.remyra.no,brreg,https://data.brreg.no/enhetsregisteret/oppslag/enheter/984067038,ungdomslag,2026-04-28
RESIRKULERT UNGDOM - REGION MIDT,930459135,STJØRDAL,Trøndelag - Trööndelage,Skatvalsvegen 233,7510,SKATVAL,https://resirkulert-ungdom.no,brreg,https://data.brreg.no/enhetsregisteret/oppslag/enheter/930459135,"ungdomslag,bygdelag",2026-04-28
SKATVAL BYGDEKVINNELAG,812836552,STJØRDAL,Trøndelag - Trööndelage,"c/o Sigrid Alstad, Fløanvegen 463",7510,SKATVAL,,brreg,https://data.brreg.no/enhetsregisteret/oppslag/enheter/812836552,bygdelag,2026-04-28
SKJELSTADMARK BYGDEKVINNELAG,993501670,STJØRDAL,Trøndelag - Trööndelage,"c/o Sigrid Elin Klefsås, Borråsvegen 108",7520,HEGRA,,brreg,https://data.brreg.no/enhetsregisteret/oppslag/enheter/993501670,bygdelag,2026-04-28
SKJELSTADMARK UNGDOMSLAG,988434108,STJØRDAL,Trøndelag - Trööndelage,Skjelstadmark,7520,HEGRA,,brreg,https://data.brreg.no/enhetsregisteret/oppslag/enheter/988434108,ungdomslag,2026-04-28
STJØRDAL BYGDEKVINNELAG,897005352,STJØRDAL,Trøndelag - Trööndelage,"c/o Kristin Johansen, Meierivegen 10",7503,STJØRDAL,https://www.bygdekvinnelaget.no/lokallag/stjordal-bygdekvinnelag,brreg,https://data.brreg.no/enhetsregisteret/oppslag/enheter/897005352,bygdelag,2026-04-28
UNGDOMSLAGET TORD FOLESON,974340410,STJØRDAL,Trøndelag - Trööndelage,Bergly,7520,HEGRA,,brreg,https://data.brreg.no/enhetsregisteret/oppslag/enheter/974340410,ungdomslag,2026-04-28
VASSBYGDA GRENDEHUS,997413334,STJØRDAL,Trøndelag - Trööndelage,Vassbygdveien,7512,STJØRDAL,,brreg,https://data.brreg.no/enhetsregisteret/oppslag/enheter/997413334,grendelag,2026-04-28
BISPEHAUGEN UNGDOMSKORPS,975729141,TRONDHEIM,Trøndelag - Trööndelage,Postboks 9022 Rosenborg,7455,TRONDHEIM,https://www.bispehaugen.no,brreg,https://data.brreg.no/enhetsregisteret/oppslag/enheter/975729141,ungdomslag,2026-04-28
BRATSBERG BYGDEKVINNELAG,997868455,TRONDHEIM,Trøndelag - Trööndelage,"c/o Tove Bjørseth, Bratsbergvegen 658",7039,TRONDHEIM,,brreg,https://data.brreg.no/enhetsregisteret/oppslag/enheter/997868455,bygdelag,2026-04-28
BUL NIDAROS,971377976,TRONDHEIM,Trøndelag - Trööndelage,Dronningens gate 23,7012,TRONDHEIM,https://www.bulinidaros.no,brreg,https://data.brreg.no/enhetsregisteret/oppslag/enheter/971377976,ungdomslag,2026-04-28
BYNESET LEINSTRAND BYGDEKVINNELAG,815551532,TRONDHEIM,Trøndelag - Trööndelage,"co/ Gunhild Onsøyen Johansen, Onsøybakkan 54",7070,BOSBERG,,brreg,https://data.brreg.no/enhetsregisteret/oppslag/enheter/815551532,bygdelag,2026-04-28
FINNESTRANDA GRENDELAG,928325385,TRONDHEIM,Trøndelag - Trööndelage,"c/o Hanne Finnestrand, Konvallvegen 27",7050,TRONDHEIM,,brreg,https://data.brreg.no/enhetsregisteret/oppslag/enheter/928325385,grendelag,2026-04-28
FRIHET FOR ERITREISK UNGDOM FORENING,934492919,TRONDHEIM,Trøndelag - Trööndelage,Saupstadringen 41A,7078,SAUPSTAD,,brreg,https://data.brreg.no/enhetsregisteret/oppslag/enheter/934492919,"ungdomslag,bygdelag",2026-04-28
GJERLOVS VEG GRENDELAG,912037010,TRONDHEIM,Trøndelag - Trööndelage,"c/o Mats Refsnes, Gjerlovs veg 13",7092,TILLER,,brreg,https://data.brreg.no/enhetsregisteret/oppslag/enheter/912037010,grendelag,2026-04-28
GRENDELAG B8,919542454,TRONDHEIM,Trøndelag - Trööndelage,Markaplassen 133-177,7054,RANHEIM,,brreg,https://data.brreg.no/enhetsregisteret/oppslag/enheter/919542454,grendelag,2026-04-28
GRENDELAGET EYVIND LØKKENSVEG,995888483,TRONDHEIM,Trøndelag - Trööndelage,"v/Snorre Sæther, Eyvind Løkkens veg 76",7092,TILLER,,brreg,https://data.brreg.no/enhetsregisteret/oppslag/enheter/995888483,grendelag,2026-04-28
GRENDELAGET VIKÅSEN B9,812863282,TRONDHEIM,Trøndelag - Trööndelage,"c/o Henning Gran, Markaplassen 221A",7054,RANHEIM,,brreg,https://data.brreg.no/enhetsregisteret/oppslag/enheter/812863282,grendelag,2026-04-28
GRØNN UNGDOM TRØNDELAG,920120660,TRONDHEIM,Trøndelag - Trööndelage,"c/o Odin Løkken Øra, Sverdrups vei 45",7020,TRONDHEIM,https://www.facebook.com/GronnUngdomTrondelag/,brreg,https://data.brreg.no/enhetsregisteret/oppslag/enheter/920120660,"ungdomslag,bygdelag",2026-04-28
JACKS FUNK UNGDOMSSTORBAND,932795043,TRONDHEIM,Trøndelag - Trööndelage,"c/o Jack Enters, Fjordgata 46",7010,TRONDHEIM,,brreg,https://data.brreg.no/enhetsregisteret/oppslag/enheter/932795043,ungdomslag,2026-04-28
KOIEFLATA GRENDELAG,897443392,TRONDHEIM,Trøndelag - Trööndelage,"c/o Håvard Nigardsøy, Koieflata 58",7092,TILLER,,brreg,https://data.brreg.no/enhetsregisteret/oppslag/enheter/897443392,grendelag,2026-04-28
LEINSTRAND BYGDEKVINNELAG,923038817,TRONDHEIM,Trøndelag - Trööndelage,"Asgarden, Sørnypvegen 145",7083,LEINSTRAND,,brreg,https://data.brreg.no/enhetsregisteret/oppslag/enheter/923038817,bygdelag,2026-04-28
LIBERALISTISK UNGDOM SØR-TRØNDELAG,918617353,TRONDHEIM,Trøndelag - Trööndelage,"c/o Nikolai Ubostad, Munkegata 66E",7011,TRONDHEIM,https://libung.no,brreg,https://data.brreg.no/enhetsregisteret/oppslag/enheter/918617353,"ungdomslag,bygdelag",2026-04-28
MIDTRE SAGPLASSEN GRENDELAG,993204706,TRONDHEIM,Trøndelag - Trööndelage,Sagplassvegen 81,7054,RANHEIM,,brreg,https://data.brreg.no/enhetsregisteret/oppslag/enheter/993204706,grendelag,2026-04-28
NIDAROS VOICES UNGDOMSKOR,919480386,TRONDHEIM,Trøndelag - Trööndelage,"c/o Nina Skjemstad Pedersen, Strindfjordvegen 23B",7053,RANHEIM,,brreg,https://data.brreg.no/enhetsregisteret/oppslag/enheter/919480386,ungdomslag,2026-04-28
NIDARVOLL UNGDOMSKORPS,982755425,TRONDHEIM,Trøndelag - Trööndelage,Postboks 5313 Nardosletta,7430,TRONDHEIM,,brreg,https://data.brreg.no/enhetsregisteret/oppslag/enheter/982755425,ungdomslag,2026-04-28
NORGES HANDIKAPFORBUNDS UNGDOM MIDT,916028555,TRONDHEIM,Trøndelag - Trööndelage,Falkenborgvegen 9,7044,TRONDHEIM,,brreg,https://data.brreg.no/enhetsregisteret/oppslag/enheter/916028555,"ungdomslag,bygdelag",2026-04-28
OTHILIENBORG I L,975685373,TRONDHEIM,Trøndelag - Trööndelage,Postboks 1604 Nardo,7430,TRONDHEIM,https://www.othilienborgil.no,brreg,https://data.brreg.no/enhetsregisteret/oppslag/enheter/975685373,ungdomslag,2026-04-28
PSYKOLOGISTUDENTER UTEN GRENSER,915874568,TRONDHEIM,Trøndelag - Trööndelage,"Universitetssenteret Dragvoll, Psykologisk institutt, Loholt alle 85",7049,TRONDHEIM,,brreg,https://data.brreg.no/enhetsregisteret/oppslag/enheter/915874568,grendelag,2026-04-28
RANHEIM BARNE- OG UNGDOMSKOR,917105677,TRONDHEIM,Trøndelag - Trööndelage,"c/o Vibeke Emilsen Wetterwald, Væretrøa 49",7055,RANHEIM,,brreg,https://data.brreg.no/enhetsregisteret/oppslag/enheter/917105677,ungdomslag,2026-04-28
RANHEIM BYDELS MUSEUM,993801666,TRONDHEIM,Trøndelag - Trööndelage,Stasjonsvegen 2,7055,RANHEIM,,brreg,https://data.brreg.no/enhetsregisteret/oppslag/enheter/993801666,bygdelag,2026-04-28
SJETNE BARNE OG UNGDOMSKOR,990730865,TRONDHEIM,Trøndelag - Trööndelage,"c/o Monica Rabben, Ingeborg Ofstads veg 12",7091,TILLER,,brreg,https://data.brreg.no/enhetsregisteret/oppslag/enheter/990730865,ungdomslag,2026-04-28
SJETNE BARNE- OG UNGDOMSTEATER,931017853,TRONDHEIM,Trøndelag - Trööndelage,"c/o Rune Haugland, Carl Schjetnans veg 12",7081,SJETNEMARKA,,brreg,https://data.brreg.no/enhetsregisteret/oppslag/enheter/931017853,ungdomslag,2026-04-28
SKEIV UNGDOM TRØNDELAG,991937412,TRONDHEIM,Trøndelag - Trööndelage,Prinsens gate 46,7011,TRONDHEIM,https://www.skeivungdom.no/lokallag/trondelag/,brreg,https://data.brreg.no/enhetsregisteret/oppslag/enheter/991937412,"ungdomslag,bygdelag",2026-04-28
SPORTSKLUBBEN ULF-AN,982720826,TRONDHEIM,Trøndelag - Trööndelage,Tunvegen 21,7058,CHARLOTTENLUND,https://ulf-an.bokseklubb.no,brreg,https://data.brreg.no/enhetsregisteret/oppslag/enheter/982720826,ungdomslag,2026-04-28
STRINDA UNGDOMSKORPS,971377194,TRONDHEIM,Trøndelag - Trööndelage,Postboks 9003 Rosenborg,7455,TRONDHEIM,https://www.strinda.no,brreg,https://data.brreg.no/enhetsregisteret/oppslag/enheter/971377194,ungdomslag,2026-04-28
STUDENTER UTEN GRENSER TRONDHEIM,920539610,TRONDHEIM,Trøndelag - Trööndelage,"c/o Emily Nguyen, Lade alle 42F",7040,TRONDHEIM,https://www.studenterutengrenser.no,brreg,https://data.brreg.no/enhetsregisteret/oppslag/enheter/920539610,grendelag,2026-04-28
SØR-TRØNDELAG BYGDEKVINNELAG,975604829,TRONDHEIM,Trøndelag - Trööndelage,Kongens gate 30,7012,TRONDHEIM,https://www.bygdekvinnelaget.no,brreg,https://data.brreg.no/enhetsregisteret/oppslag/enheter/975604829,bygdelag,2026-04-28
SØR-TRØNDELAG UNGDOMSLAG,975565904,TRONDHEIM,Trøndelag - Trööndelage,Nyheimsvegen 36B,7058,CHARLOTTENLUND,,brreg,https://data.brreg.no/enhetsregisteret/oppslag/enheter/975565904,ungdomslag,2026-04-28
TRONDHEIM AKTIV UNGDOM,993276073,TRONDHEIM,Trøndelag - Trööndelage,"c/o Jon Kristian Grønli, Kolstadflata 7B",7098,SAUPSTAD,,brreg,https://data.brreg.no/enhetsregisteret/oppslag/enheter/993276073,"ungdomslag,bygdelag",2026-04-28
TRYGGERE UNGDOM TRØNDELAG,924540915,TRONDHEIM,Trøndelag - Trööndelage,Teglverkstunet 6A,7069,TRONDHEIM,,brreg,https://data.brreg.no/enhetsregisteret/oppslag/enheter/924540915,"ungdomslag,bygdelag",2026-04-28
TRØNDELAG AKTIV UNGDOM,994683349,TRONDHEIM,Trøndelag - Trööndelage,"c/o Jon Kristian Grønli, Kolstadflata 7B",7098,SAUPSTAD,,brreg,https://data.brreg.no/enhetsregisteret/oppslag/enheter/994683349,"ungdomslag,bygdelag",2026-04-28
TRØNDELAG SOSIALISTISK UNGDOM,984242344,TRONDHEIM,Trøndelag - Trööndelage,Fjordgata 52,7010,TRONDHEIM,,brreg,https://data.brreg.no/enhetsregisteret/oppslag/enheter/984242344,"ungdomslag,bygdelag",2026-04-28
TRØNDELAG UNGDOMSBRASSBAND,929205642,TRONDHEIM,Trøndelag - Trööndelage,"c/o Ola Thomas Atkinson, Breidablikveien 38",7021,TRONDHEIM,,brreg,https://data.brreg.no/enhetsregisteret/oppslag/enheter/929205642,ungdomslag,2026-04-28
UNGDOM TIL UNGDOM,923695516,TRONDHEIM,Trøndelag - Trööndelage,"c/o Jeanne Kalema, Sivert Thonstads vei 10F",7072,HEIMDAL,,brreg,https://data.brreg.no/enhetsregisteret/oppslag/enheter/923695516,"ungdomslag,bygdelag",2026-04-28
ØVRE SAGPLASSEN GRENDELAG,991558004,TRONDHEIM,Trøndelag - Trööndelage,Sagplassvegen 22,7054,RANHEIM,,brreg,https://data.brreg.no/enhetsregisteret/oppslag/enheter/991558004,grendelag,2026-04-28
U L FJELLBLINK,971384468,TYDAL,Trøndelag - Trööndelage,,7590,TYDAL,,brreg,https://data.brreg.no/enhetsregisteret/oppslag/enheter/971384468,ungdomslag,2026-04-28
UL VÅRFRYD,982391377,TYDAL,Trøndelag - Trööndelage,"v/Malin Græsli, Øvervegen 15",7590,TYDAL,,brreg,https://data.brreg.no/enhetsregisteret/oppslag/enheter/982391377,ungdomslag,2026-04-28
FOSSHEIM GRENDEHUSLAG,922698031,VERDAL,Trøndelag - Trööndelage,"c/o Steinar Aksnes, Leksdalsvegen 828",7656,VERDAL,,brreg,https://data.brreg.no/enhetsregisteret/oppslag/enheter/922698031,grendelag,2026-04-28
LEKSDØLEN UNGDOMS OG TEATERLAG,986103953,VERDAL,Trøndelag - Trööndelage,Leksdal,7656,VERDAL,,brreg,https://data.brreg.no/enhetsregisteret/oppslag/enheter/986103953,"ungdomslag,bygdelag",2026-04-28
ULVILLA BYGDELAG,975707970,VERDAL,Trøndelag - Trööndelage,Ulvillvegen 354,7660,VUKU,,brreg,https://data.brreg.no/enhetsregisteret/oppslag/enheter/975707970,bygdelag,2026-04-28
VERDAL BARNE- OG UNGDOMSKOR,932813769,VERDAL,Trøndelag - Trööndelage,Åkerhusvegen 39,7655,VERDAL,,brreg,https://data.brreg.no/enhetsregisteret/oppslag/enheter/932813769,ungdomslag,2026-04-28
ANSTEINSUNDET UNGDOMSLAG,993803561,ÅFJORD,Trøndelag - Trööndelage,"c/o Tellefsen, att: Kari Helmersen, Årneshaugen 13",7190,BESSAKER,,brreg,https://data.brreg.no/enhetsregisteret/oppslag/enheter/993803561,ungdomslag,2026-04-28
BLINDVÅG UNGDOMSLAG,990447845,ÅFJORD,Trøndelag - Trööndelage,"c/o Konny Herfjord, Stokksundveien 607",7177,REVSNES,,brreg,https://data.brreg.no/enhetsregisteret/oppslag/enheter/990447845,ungdomslag,2026-04-28
BREIDABLIKK GRENDELAG,995429764,ÅFJORD,Trøndelag - Trööndelage,"c/o Jens Ivar Grøtting, Kvalnesveien 7",7170,ÅFJORD,,brreg,https://data.brreg.no/enhetsregisteret/oppslag/enheter/995429764,grendelag,2026-04-28
LINESØY UNGDOMSLAG,919274522,ÅFJORD,Trøndelag - Trööndelage,Ryskardet 84,7176,LINESØYA,https://www.facebook.com/Linesøy-Ungdomslag-1325811410844206,brreg,https://data.brreg.no/enhetsregisteret/oppslag/enheter/919274522,ungdomslag,2026-04-28
MENTAL HELSE UNGDOM TRONDHEIM,995083809,ÅFJORD,Trøndelag - Trööndelage,Frønesvegen 2,7170,ÅFJORD,https://www.mentalhelseungdom.no/lokallag/lokallag-trondheim/,brreg,https://data.brreg.no/enhetsregisteret/oppslag/enheter/995083809,"ungdomslag,bygdelag",2026-04-28
ROAN GRENDELAG,993590029,ÅFJORD,Trøndelag - Trööndelage,"c/o Ingar Viken, Roan havn 4",7180,ROAN,,brreg,https://data.brreg.no/enhetsregisteret/oppslag/enheter/993590029,grendelag,2026-04-28
U/L FRAMSKRITT,976581725,ÅFJORD,Trøndelag - Trööndelage,,7180,ROAN,,brreg,https://data.brreg.no/enhetsregisteret/oppslag/enheter/976581725,ungdomslag,2026-04-28
UL FREMAD,885465102,ÅFJORD,Trøndelag - Trööndelage,,7194,BRANDSFJORD,,brreg,https://data.brreg.no/enhetsregisteret/oppslag/enheter/885465102,ungdomslag,2026-04-28
UNGDOMS- OG IDRETTSFORENINGEN BJØRGAN,884389232,ÅFJORD,Trøndelag - Trööndelage,"c/o Torhild Monkan, Doktorbakkan 1",7190,BESSAKER,https://www.bjoergan.com,brreg,https://data.brreg.no/enhetsregisteret/oppslag/enheter/884389232,"ungdomslag,bygdelag",2026-04-28
UNGDOMSLAGET VÅRLIV,988536113,ÅFJORD,Trøndelag - Trööndelage,"c/o Lars Petter Arnevik, Imsen, Skråfjordsveien 476",7170,ÅFJORD,,brreg,https://data.brreg.no/enhetsregisteret/oppslag/enheter/988536113,ungdomslag,2026-04-28
VENNSKAP OVER GRENSER - ÅFJORD,993861707,ÅFJORD,Trøndelag - Trööndelage,Bekkaveien 51,7170,ÅFJORD,,brreg,https://data.brreg.no/enhetsregisteret/oppslag/enheter/993861707,grendelag,2026-04-28
ASSERØY IL OG UL,995646048,ØRLAND,Trøndelag - Trööndelage,"c/o Trine Onsøien, Asserøyveien 57",7167,VALLERSUND,,brreg,https://data.brreg.no/enhetsregisteret/oppslag/enheter/995646048,ungdomslag,2026-04-28
BJUGN OG OMEGN BYGDALAG,929653904,ØRLAND,Trøndelag - Trööndelage,"c/o Tore Nilsen, Utsynet 5",7160,BJUGN,,brreg,https://data.brreg.no/enhetsregisteret/oppslag/enheter/929653904,bygdelag,2026-04-28
ERVIKA UNGDOMS- OG IDRETTSLAG,984292457,ØRLAND,Trøndelag - Trööndelage,Ervikveien 85,7160,BJUGN,https://www.haugleik.com,brreg,https://data.brreg.no/enhetsregisteret/oppslag/enheter/984292457,"ungdomslag,bygdelag",2026-04-28
JØRNÅSEN UNGDOMSLAG,998489415,ØRLAND,Trøndelag - Trööndelage,Brandvikveien 299,7165,OKSVOLL,,brreg,https://data.brreg.no/enhetsregisteret/oppslag/enheter/998489415,ungdomslag,2026-04-28
JØSSUND IDRETTS- & UNGDOMSLAG,987838981,ØRLAND,Trøndelag - Trööndelage,Jøssundveien 170,7167,VALLERSUND,,brreg,https://data.brreg.no/enhetsregisteret/oppslag/enheter/987838981,ungdomslag,2026-04-28
NES UNGDOMSLAG,994245120,ØRLAND,Trøndelag - Trööndelage,Hellemsveien 609,7165,OKSVOLL,,brreg,https://data.brreg.no/enhetsregisteret/oppslag/enheter/994245120,ungdomslag,2026-04-28
TEKSDAL BYGDELAG,820986652,ØRLAND,Trøndelag - Trööndelage,"c/o Skihytta, Nordskogveien 709",7168,LYSØYSUNDET,,brreg,https://data.brreg.no/enhetsregisteret/oppslag/enheter/820986652,bygdelag,2026-04-28
UNGDOMSLAGET NORDLYS,911620170,ØRLAND,Trøndelag - Trööndelage,Aundalsveien 23,7160,BJUGN,,brreg,https://data.brreg.no/enhetsregisteret/oppslag/enheter/911620170,ungdomslag,2026-04-28
UNGDOMSLAGET VARDEVAKT,811896772,ØRLAND,Trøndelag - Trööndelage,Lysøya,7168,LYSØYSUNDET,,brreg,https://data.brreg.no/enhetsregisteret/oppslag/enheter/811896772,ungdomslag,2026-04-28
VALSFJORD BYGDEKVINNELAG,971380446,ØRLAND,Trøndelag - Trööndelage,"c/o Bente Bø, Karendamman 7",7165,OKSVOLL,,brreg,https://data.brreg.no/enhetsregisteret/oppslag/enheter/971380446,bygdelag,2026-04-28
VALSFJORDEN UNGDOMSLAG,971380756,ØRLAND,Trøndelag - Trööndelage,Oksvollveien 155,7165,OKSVOLL,,brreg,https://data.brreg.no/enhetsregisteret/oppslag/enheter/971380756,ungdomslag,2026-04-28
VASØY GRENDELAG,921703279,ØRLAND,Trøndelag - Trööndelage,"c/o Thomas Foss, Vasøyveien 122",7167,VALLERSUND,,brreg,https://data.brreg.no/enhetsregisteret/oppslag/enheter/921703279,grendelag,2026-04-28
ØRLAND BARNE- OG UNGDOMSKORPS,977067308,ØRLAND,Trøndelag - Trööndelage,,7130,BREKSTAD,,brreg,https://data.brreg.no/enhetsregisteret/oppslag/enheter/977067308,ungdomslag,2026-04-28
ØRLAND UNGDOMSLAG,876331322,ØRLAND,Trøndelag - Trööndelage,"c/o John Leirvik, Karlsengveien 2",7140,OPPHAUG,,brreg,https://data.brreg.no/enhetsregisteret/oppslag/enheter/876331322,ungdomslag,2026-04-28
BÆRUM MUSIKK- OG DANSETEATER UNGDOM,997824164,FÆRDER,Vestfold,Blåskjellveien 10,3133,DUKEN,https://www.minimuda.com,brreg,https://data.brreg.no/enhetsregisteret/oppslag/enheter/997824164,"ungdomslag,bygdelag",2026-04-28
FÆRDER BARNE- OG UNGDOMSTEATER,931102915,FÆRDER,Vestfold,"c/o Christopher Thu, Teglverksveien 1B",3120,NØTTERØY,https://www.fbut.net,brreg,https://data.brreg.no/enhetsregisteret/oppslag/enheter/931102915,ungdomslag,2026-04-28
FÆRDER SJAKK BARN OG UNGDOM,932401487,FÆRDER,Vestfold,Goneveien 73B,3145,TJØME,,brreg,https://data.brreg.no/enhetsregisteret/oppslag/enheter/932401487,"ungdomslag,bygdelag",2026-04-28
KVIKK UNGDOM JARLSBERG,994864416,FÆRDER,Vestfold,Øvre Smidsrødvei 64B,3120,NØTTERØY,,brreg,https://data.brreg.no/enhetsregisteret/oppslag/enheter/994864416,"ungdomslag,bygdelag",2026-04-28
TORØD GRENDEHUS,927844125,FÆRDER,Vestfold,"c/o Bjørn Sem Flaatten, Movikåsen 11",3135,TORØD,,brreg,https://data.brreg.no/enhetsregisteret/oppslag/enheter/927844125,grendelag,2026-04-28
BRUNSTAD UNGDOMSKLUBB DRAMMEN,999535542,HOLMESTRAND,Vestfold,Bolstadgata 16,3070,SANDE I VESTFOLD,https://www.u18drammen.no,brreg,https://data.brreg.no/enhetsregisteret/oppslag/enheter/999535542,ungdomslag,2026-04-28
BYGDEHUSET FJELLHALL,912862461,HOLMESTRAND,Vestfold,Hvittingfossveien 337,3089,HOLMESTRAND,https://www.fjellhall.no,brreg,https://data.brreg.no/enhetsregisteret/oppslag/enheter/912862461,bygdelag,2026-04-28
HILLESTAD BYGDEKVINNELAG,994494201,HOLMESTRAND,Vestfold,"C/O May Synnøve Engen, Solberggrenda 4",3089,HOLMESTRAND,,brreg,https://data.brreg.no/enhetsregisteret/oppslag/enheter/994494201,bygdelag,2026-04-28
SANDE BYGDEKVINNELAG,992220813,HOLMESTRAND,Vestfold,Revåveien 45,3070,SANDE I VESTFOLD,https://www.bygdekvinnelaget.no,brreg,https://data.brreg.no/enhetsregisteret/oppslag/enheter/992220813,bygdelag,2026-04-28
VASSÅS OG HOF BYGDEKVINNELAG,997650050,HOLMESTRAND,Vestfold,"C/O Lene Pleym-Knutsen, Åkerholtbakkane 4",3090,HOF,,brreg,https://data.brreg.no/enhetsregisteret/oppslag/enheter/997650050,bygdelag,2026-04-28
VESTFOLD DIGITALE UNGDOM,991909559,HOLMESTRAND,Vestfold,Lindsetveien 5,3090,HOF,https://www.digitalungdom.no,brreg,https://data.brreg.no/enhetsregisteret/oppslag/enheter/991909559,"ungdomslag,bygdelag",2026-04-28
BORREBORG UNGDOMSLAG,993741221,HORTEN,Vestfold,Grøstadbakken 10,3185,SKOPPUM,,brreg,https://data.brreg.no/enhetsregisteret/oppslag/enheter/993741221,ungdomslag,2026-04-28
BRUNSTAD UNGDOMSKLUBB HORTEN,922075999,HORTEN,Vestfold,Solerødveien 80,3185,SKOPPUM,,brreg,https://data.brreg.no/enhetsregisteret/oppslag/enheter/922075999,ungdomslag,2026-04-28
FOLK UTEN GRENSER,828772562,HORTEN,Vestfold,"Marcela Banovic, Bregnestien 10B",3189,HORTEN,,brreg,https://data.brreg.no/enhetsregisteret/oppslag/enheter/828772562,grendelag,2026-04-28
MANSOOR UNGDOMSKLUBB,828421972,HORTEN,Vestfold,"c/o Asad Adan Jama, Strandpromenaden 5",3187,HORTEN,,brreg,https://data.brreg.no/enhetsregisteret/oppslag/enheter/828421972,ungdomslag,2026-04-28
MENTAL HELSE UNGDOM HORTEN,913907825,HORTEN,Vestfold,Fogdeveien 50B,3184,BORRE,,brreg,https://data.brreg.no/enhetsregisteret/oppslag/enheter/913907825,"ungdomslag,bygdelag",2026-04-28
NYKIRKE BYGDEKVINNELAG,990390169,HORTEN,Vestfold,Adalsveien 5E,3185,SKOPPUM,,brreg,https://data.brreg.no/enhetsregisteret/oppslag/enheter/990390169,bygdelag,2026-04-28
ANVIK BYGDELAG,994550586,LARVIK,Vestfold,"c/o Hilde Vedvik Vestmoen, Hummerbakken 22",3294,STAVERN,,brreg,https://data.brreg.no/enhetsregisteret/oppslag/enheter/994550586,bygdelag,2026-04-28
BRUNLANES UNGDOMSLAG,994593374,LARVIK,Vestfold,Foldvikveien 94,3294,STAVERN,,brreg,https://data.brreg.no/enhetsregisteret/oppslag/enheter/994593374,ungdomslag,2026-04-28
BYGDELOKALET,920222269,LARVIK,Vestfold,Farrisveien 1001,3282,KVELDE,,brreg,https://data.brreg.no/enhetsregisteret/oppslag/enheter/920222269,bygdelag,2026-04-28
GRANBORG GRENDEHUS,919718005,LARVIK,Vestfold,"c/o Lucy Marie Odberg, Lågendalsveien 2183",3282,KVELDE,,brreg,https://data.brreg.no/enhetsregisteret/oppslag/enheter/919718005,grendelag,2026-04-28
HALSEN UNGDOMSKORPS,975607178,LARVIK,Vestfold,Gloppeskogen 32,3260,LARVIK,,brreg,https://data.brreg.no/enhetsregisteret/oppslag/enheter/975607178,ungdomslag,2026-04-28
HEM UNGDOMSLAG,913366018,LARVIK,Vestfold,"c/o Trine Kråkemo Finnerud, Lindsholmveien 356",3275,SVARSTAD,,brreg,https://data.brreg.no/enhetsregisteret/oppslag/enheter/913366018,ungdomslag,2026-04-28
HOLTTUN GRENDEHUS,990555885,LARVIK,Vestfold,Eskedalveien 476,3220,SANDEFJORD,,brreg,https://data.brreg.no/enhetsregisteret/oppslag/enheter/990555885,grendelag,2026-04-28
HVARNES BYGDEKVINNELAG,934361938,LARVIK,Vestfold,"c/o Kari Røisgård Wierød, Hedrumveien 3223",3282,KVELDE,,brreg,https://data.brreg.no/enhetsregisteret/oppslag/enheter/934361938,bygdelag,2026-04-28
HVARNES UNGDOMSLAG,982336074,LARVIK,Vestfold,Hedrumveien 2770,3282,KVELDE,,brreg,https://data.brreg.no/enhetsregisteret/oppslag/enheter/982336074,ungdomslag,2026-04-28
KJOSE BYGDEKVINNELAG,917139091,LARVIK,Vestfold,"c/o Merete Omsland, Kjoseveien 885",3268,LARVIK,,brreg,https://data.brreg.no/enhetsregisteret/oppslag/enheter/917139091,bygdelag,2026-04-28
KVELDE BYGDEKVINNELAG,912848493,LARVIK,Vestfold,"co/ Unni Lindhjem, Furuåsveien 10",3282,KVELDE,,brreg,https://data.brreg.no/enhetsregisteret/oppslag/enheter/912848493,bygdelag,2026-04-28
KVELDE UNGDOMSLAG,983613640,LARVIK,Vestfold,Kveldeveien 239,3282,KVELDE,,brreg,https://data.brreg.no/enhetsregisteret/oppslag/enheter/983613640,ungdomslag,2026-04-28
LARDAL BYGDEKVINNELAG,919501251,LARVIK,Vestfold,"v/Gerd Helgeland, Kjærlighetsstien 8",3275,SVARSTAD,,brreg,https://data.brreg.no/enhetsregisteret/oppslag/enheter/919501251,bygdelag,2026-04-28
LARVIK BARNE- OG UNGDOMSTEATER,971319801,LARVIK,Vestfold,"Teaterhuset Munken, Storgata 55",3256,LARVIK,https://www.teaterhusetmunken.no,brreg,https://data.brreg.no/enhetsregisteret/oppslag/enheter/971319801,ungdomslag,2026-04-28
LARVIK UNGDOMS MUSIKKORPS,971318953,LARVIK,Vestfold,Kløvertunet 14,3268,LARVIK,https://www.lumk.no,brreg,https://data.brreg.no/enhetsregisteret/oppslag/enheter/971318953,"ungdomslag,bygdelag",2026-04-28
LARVIKS UNGDOMSAKTIVITET,914296714,LARVIK,Vestfold,Skolestredet 16,3264,LARVIK,,brreg,https://data.brreg.no/enhetsregisteret/oppslag/enheter/914296714,ungdomslag,2026-04-28
NEVLUNGHAVN GRENDE- OG KULTURHUS,999584306,LARVIK,Vestfold,Blombakken 6,3296,NEVLUNGHAVN,,brreg,https://data.brreg.no/enhetsregisteret/oppslag/enheter/999584306,grendelag,2026-04-28
STYRVOLL UNGDOMSLAG,971321695,LARVIK,Vestfold,Breidablikkveien 142,3277,STEINSHOLT,https://www.styrvollungdomslag.no,brreg,https://data.brreg.no/enhetsregisteret/oppslag/enheter/971321695,ungdomslag,2026-04-28
TJØLLING BYGDEKVINNELAG,818537182,LARVIK,Vestfold,"c/o Mette Hovland, Ranvikaveien 10",3280,TJODALYNG,,brreg,https://data.brreg.no/enhetsregisteret/oppslag/enheter/818537182,bygdelag,2026-04-28
TORSØY GRENDELAG,988737402,LARVIK,Vestfold,Eftangveien 242,3280,TJODALYNG,https://www.torsoy.com,brreg,https://data.brreg.no/enhetsregisteret/oppslag/enheter/988737402,grendelag,2026-04-28
ØSTRE HEDRUM BYGDEKVINNELAG,928272893,LARVIK,Vestfold,"c/o Lina Mørk, Åsrumveien 422",3220,SANDEFJORD,,brreg,https://data.brreg.no/enhetsregisteret/oppslag/enheter/928272893,bygdelag,2026-04-28
ANDEBU BYGDEKVINNELAG,988637238,SANDEFJORD,Vestfold,"c/o May Gunn  Horntvedt, Tolsrødveien 27",3158,ANDEBU,,brreg,https://data.brreg.no/enhetsregisteret/oppslag/enheter/988637238,bygdelag,2026-04-28
ANDEBU UNGDOMSLAG,971320842,SANDEFJORD,Vestfold,Vestre Andebu vei 360,3158,ANDEBU,https://www.aul.no,brreg,https://data.brreg.no/enhetsregisteret/oppslag/enheter/971320842,ungdomslag,2026-04-28
BJØNNTJØNN GRENDELAG,915729541,SANDEFJORD,Vestfold,"c/o Frank Pettersen, Huvikveien 13B",3222,SANDEFJORD,,brreg,https://data.brreg.no/enhetsregisteret/oppslag/enheter/915729541,grendelag,2026-04-28
BRUNSTAD UNGDOMSKLUBB SANDEFJORD,916297475,SANDEFJORD,Vestfold,"c/o Mariann Ødegård Vedvik, Odins vei 12",3216,SANDEFJORD,,brreg,https://data.brreg.no/enhetsregisteret/oppslag/enheter/916297475,ungdomslag,2026-04-28
BUGÅRDEN UNGDOMSSKOLES GRENSELØSE SCENE,915183050,SANDEFJORD,Vestfold,Sportsveien 31,3224,SANDEFJORD,,brreg,https://data.brreg.no/enhetsregisteret/oppslag/enheter/915183050,ungdomslag,2026-04-28
FORENINGEN FEVANG GRENDEHUS,981967917,SANDEFJORD,Vestfold,Lingelemveien 449,3239,SANDEFJORD,https://www.fevanggrendehus.no,brreg,https://data.brreg.no/enhetsregisteret/oppslag/enheter/981967917,grendelag,2026-04-28
GOKSTAD BYGGELAG,930310654,SANDEFJORD,Vestfold,"c/o Anette Krohn Henriksen, Dåpaløkka 19A",3231,SANDEFJORD,,brreg,https://data.brreg.no/enhetsregisteret/oppslag/enheter/930310654,bygdelag,2026-04-28
GRØNN UNGDOM VESTFOLD OG TELEMARK,999204562,SANDEFJORD,Vestfold,"c/o Alexander Torarinn Olafsson, Frydenlund 4",3238,SANDEFJORD,,brreg,https://data.brreg.no/enhetsregisteret/oppslag/enheter/999204562,"ungdomslag,bygdelag",2026-04-28
HØYJORD UNGDOMSLAG,971320850,SANDEFJORD,Vestfold,Høyjordsmoa 1A,3158,ANDEBU,https://www.hul.no,brreg,https://data.brreg.no/enhetsregisteret/oppslag/enheter/971320850,ungdomslag,2026-04-28
KARIÅSEN UNGDOMSKLUBB,985090483,SANDEFJORD,Vestfold,Husebygrenda 60,3219,SANDEFJORD,https://www.kariasenungdomsklubb.no,brreg,https://data.brreg.no/enhetsregisteret/oppslag/enheter/985090483,ungdomslag,2026-04-28
KODAL UNGDOMSLAG - KULTURHUSET VONHEIM,971320869,SANDEFJORD,Vestfold,Lefsrødveien 320,3243,KODAL,https://www.kodal.no,brreg,https://data.brreg.no/enhetsregisteret/oppslag/enheter/971320869,ungdomslag,2026-04-28
LØKE OG OMEGN GRENDELAG,979337434,SANDEFJORD,Vestfold,"c/o Kristian August Bettum, Horntvedtveien 93",3160,STOKKE,,brreg,https://data.brreg.no/enhetsregisteret/oppslag/enheter/979337434,grendelag,2026-04-28
SKEIV UNGDOM VESTFOLD,993184810,SANDEFJORD,Vestfold,Breiliveien 50,3217,SANDEFJORD,https://skeivungdom.no/lokallag/vestfold/,brreg,https://data.brreg.no/enhetsregisteret/oppslag/enheter/993184810,"ungdomslag,bygdelag",2026-04-28
SOMALISK UNGDOM FORENING I SANDEFJORD,916332785,SANDEFJORD,Vestfold,"c/o Abdulkadir Hassan Bannow, Sverres gate 16",3211,SANDEFJORD,,brreg,https://data.brreg.no/enhetsregisteret/oppslag/enheter/916332785,"ungdomslag,bygdelag",2026-04-28
STIFTELSEN BREIDABLIKK GRENDEHUS,979408331,SANDEFJORD,Vestfold,"c/o Per Arne Fiskevold, Høyåsveien 27",3216,SANDEFJORD,,brreg,https://data.brreg.no/enhetsregisteret/oppslag/enheter/979408331,grendelag,2026-04-28
STOKKE BYGDEKVINNELAG,917935238,SANDEFJORD,Vestfold,Feenveien 259,3160,STOKKE,https://bygdekvinnelaget.no,brreg,https://data.brreg.no/enhetsregisteret/oppslag/enheter/917935238,bygdelag,2026-04-28
TRYGGERE UNGDOM VESTFOLD OG TELEMARK,928447367,SANDEFJORD,Vestfold,"c/o Elias Sortåsløkken, Virikskogen 33",3212,SANDEFJORD,,brreg,https://data.brreg.no/enhetsregisteret/oppslag/enheter/928447367,"ungdomslag,bygdelag",2026-04-28
ULL&OMTANKE VESTFOLD,915236650,SANDEFJORD,Vestfold,"c/o Hege L Marstein, Båtstangveien 73B",3230,SANDEFJORD,,brreg,https://data.brreg.no/enhetsregisteret/oppslag/enheter/915236650,ungdomslag,2026-04-28
UNGDOMS VIBE,932751836,SANDEFJORD,Vestfold,"c/o Mohammed Asad Abu Rashid, Bøbakken 5A",3242,SANDEFJORD,,brreg,https://data.brreg.no/enhetsregisteret/oppslag/enheter/932751836,"ungdomslag,bygdelag",2026-04-28
VESTFOLD BYGDEKVINNELAG,975988023,SANDEFJORD,Vestfold,Gjennestadtunet 85,3160,STOKKE,,brreg,https://data.brreg.no/enhetsregisteret/oppslag/enheter/975988023,bygdelag,2026-04-28
BARN- OG UNGDOMSREVMATIKERGRUPPE VESTFOLD (BURG VESTFOLD),915632041,TØNSBERG,Vestfold,Stensarmen 3C,3112,TØNSBERG,https://www.burg.no/fylkesgrupper/vestfold,brreg,https://data.brreg.no/enhetsregisteret/oppslag/enheter/915632041,ungdomslag,2026-04-28
BRUNSTAD UNGDOMSKLUBB TØNSBERG,922069573,TØNSBERG,Vestfold,Melsomvikveien 596B,3173,VEAR,,brreg,https://data.brreg.no/enhetsregisteret/oppslag/enheter/922069573,ungdomslag,2026-04-28
FON UNGDOMSLAG,971320613,TØNSBERG,Vestfold,,3174,REVETAL,,brreg,https://data.brreg.no/enhetsregisteret/oppslag/enheter/971320613,ungdomslag,2026-04-28
FORENINGEN BYGDEHUSET SAGATUN,930542725,TØNSBERG,Vestfold,Vivestadlinna 528,3175,RAMNES,,brreg,https://data.brreg.no/enhetsregisteret/oppslag/enheter/930542725,bygdelag,2026-04-28
HUMANISTISK UNGDOM VESTFOLD LOKALLAG,923320733,TØNSBERG,Vestfold,Håkon Gamles gate 9,3111,TØNSBERG,,brreg,https://data.brreg.no/enhetsregisteret/oppslag/enheter/923320733,"ungdomslag,bygdelag",2026-04-28
IDRETTSUTDANNING FOR BARN OG UNGDOM,924745746,TØNSBERG,Vestfold,"c/o Petter Furuseth, Båtsmannsveien 49B",3150,TOLVSRØD,,brreg,https://data.brreg.no/enhetsregisteret/oppslag/enheter/924745746,"ungdomslag,bygdelag",2026-04-28
INPU (INDUSTRI- OG NÆRINGSPARTIET UNGDOM),926369067,TØNSBERG,Vestfold,"c/o David Elia Lidsheim Murphy, Ringshaugtunet 6",3150,TOLVSRØD,https://www.inpartiet.no,brreg,https://data.brreg.no/enhetsregisteret/oppslag/enheter/926369067,"ungdomslag,bygdelag",2026-04-28
RAMNES BYGDEKVINNELAG,920329977,TØNSBERG,Vestfold,Tveitenveien 12,3157,BARKÅKER,,brreg,https://data.brreg.no/enhetsregisteret/oppslag/enheter/920329977,bygdelag,2026-04-28
SLAGEN BYGDEKVINNELAG,997019962,TØNSBERG,Vestfold,"c/o Torill Holland, Studsrødveien 65",3153,TOLVSRØD,https://www.bygdekvinnelaget.no,brreg,https://data.brreg.no/enhetsregisteret/oppslag/enheter/997019962,bygdelag,2026-04-28
TØNSBERG UNGDOMSSJAKKLUBB,913121783,TØNSBERG,Vestfold,"c/o Tor Herman Andreassen, Ekelyveien 24",3152,TOLVSRØD,,brreg,https://data.brreg.no/enhetsregisteret/oppslag/enheter/913121783,ungdomslag,2026-04-28
UNDRUMSDAL BYGDEKVINNELAG,915468233,TØNSBERG,Vestfold,"c/o Jorunn Synnøve Kjærnes, Hengsrudveien 492",3176,UNDRUMSDAL,https://bygdekvinnelaget.no/lag/vestfold/undrumsdal,brreg,https://data.brreg.no/enhetsregisteret/oppslag/enheter/915468233,bygdelag,2026-04-28
VIVESTAD BYGDEKVINNELAG,913382935,TØNSBERG,Vestfold,Vivestadlinna 479,3175,RAMNES,,brreg,https://data.brreg.no/enhetsregisteret/oppslag/enheter/913382935,bygdelag,2026-04-28
VIVESTAD UNGDOMSLAG,985213720,TØNSBERG,Vestfold,Vivestad,3175,RAMNES,https://www.vivestad.no,brreg,https://data.brreg.no/enhetsregisteret/oppslag/enheter/985213720,ungdomslag,2026-04-28
VÅLE UNGDOMSLAG,971320400,TØNSBERG,Vestfold,,3178,VÅLE,,brreg,https://data.brreg.no/enhetsregisteret/oppslag/enheter/971320400,ungdomslag,2026-04-28
BYGDEBOKNEMDA FOR LINDÅS SOKN,990891834,ALVER,Vestland,Lindås Senter,5955,LINDÅS,,brreg,https://data.brreg.no/enhetsregisteret/oppslag/enheter/990891834,bygdelag,2026-04-28
BYGDELAGET 5915,994030426,ALVER,Vestland,"c/o Inger Helen Midtgård, Leknesvegen 213",5915,HJELMÅS,https://www.5915.no,brreg,https://data.brreg.no/enhetsregisteret/oppslag/enheter/994030426,bygdelag,2026-04-28
DALE BYGDELAG,993453129,ALVER,Vestland,Radøyvegen 945,5938,SÆBØVÅGEN,,brreg,https://data.brreg.no/enhetsregisteret/oppslag/enheter/993453129,bygdelag,2026-04-28
EKNES UNGDOMSLAG,994623133,ALVER,Vestland,"Eknes, Eidavegen 80",5993,OSTEREIDET,,brreg,https://data.brreg.no/enhetsregisteret/oppslag/enheter/994623133,ungdomslag,2026-04-28
FLATØY BYGDELAG,912667979,ALVER,Vestland,Flatøyvegen 70,5918,FREKHAUG,https://flatoybygdelag.org/,brreg,https://data.brreg.no/enhetsregisteret/oppslag/enheter/912667979,bygdelag,2026-04-28
HORDABØ UNGDOMSLAG,993914746,ALVER,Vestland,Gradnatun,5937,BØVÅGEN,,brreg,https://data.brreg.no/enhetsregisteret/oppslag/enheter/993914746,ungdomslag,2026-04-28
HUSEBØKRINSEN BYGDELAG,914405823,ALVER,Vestland,"Nordavinden, Skjelangervegen 812",5917,ROSSLAND,,brreg,https://data.brreg.no/enhetsregisteret/oppslag/enheter/914405823,bygdelag,2026-04-28
KLØVHEIM BYGDELAG,991538011,ALVER,Vestland,Svindalsvegen 1,5913,EIKANGERVÅG,,brreg,https://data.brreg.no/enhetsregisteret/oppslag/enheter/991538011,bygdelag,2026-04-28
KLØVHEIM F UNGDOMSLAG,874962732,ALVER,Vestland,,5913,EIKANGERVÅG,https://www.solskinnsbygda.info,brreg,https://data.brreg.no/enhetsregisteret/oppslag/enheter/874962732,ungdomslag,2026-04-28
LINDÅS BYGDELAG,912661431,ALVER,Vestland,Lindås,5955,LINDÅS,https://www.lindaasbygdelag.no,brreg,https://data.brreg.no/enhetsregisteret/oppslag/enheter/912661431,bygdelag,2026-04-28
LINDÅS UNGDOMSLAG,996364720,ALVER,Vestland,Fjellangersvingane 314,5955,LINDÅS,https://www.lul.no,brreg,https://data.brreg.no/enhetsregisteret/oppslag/enheter/996364720,ungdomslag,2026-04-28
MANGER UNGDOMSLAG,913189841,ALVER,Vestland,Mangersnesvegen 81,5936,MANGER,,brreg,https://data.brreg.no/enhetsregisteret/oppslag/enheter/913189841,ungdomslag,2026-04-28
MYKING BYGDELAG TRIVSELSGRENDA,988305669,ALVER,Vestland,Mykingvegen 1157,5957,MYKING,,brreg,https://data.brreg.no/enhetsregisteret/oppslag/enheter/988305669,bygdelag,2026-04-28
MYRTVEIT BYGDEHUS,993927813,ALVER,Vestland,Myrtveitvegen 38,5919,FREKHAUG,,brreg,https://data.brreg.no/enhetsregisteret/oppslag/enheter/993927813,bygdelag,2026-04-28
MYRTVEIT BYGDELAG,933394441,ALVER,Vestland,Myrtveitvegen 85,5919,FREKHAUG,,brreg,https://data.brreg.no/enhetsregisteret/oppslag/enheter/933394441,bygdelag,2026-04-28
OSTEREIDET BYGDELAG,911586452,ALVER,Vestland,"v/Sveinung Toft, Stranda 435",5993,OSTEREIDET,,brreg,https://data.brreg.no/enhetsregisteret/oppslag/enheter/911586452,bygdelag,2026-04-28
SEIM UNGDOMSLAG,915354211,ALVER,Vestland,,5912,SEIM,,brreg,https://data.brreg.no/enhetsregisteret/oppslag/enheter/915354211,ungdomslag,2026-04-28
SJOSIO BYGDALAG,989422146,ALVER,Vestland,"c/o Einar Johan Mehl, Sjosidevegen 144",5914,ISDALSTØ,,brreg,https://data.brreg.no/enhetsregisteret/oppslag/enheter/989422146,bygdelag,2026-04-28
STRANDA BYGDALAG,992805471,ALVER,Vestland,Stranda 720,5993,OSTEREIDET,,brreg,https://data.brreg.no/enhetsregisteret/oppslag/enheter/992805471,bygdelag,2026-04-28
SÆBØ UNGDOMSLAG,891938152,ALVER,Vestland,"Sæbø Ungdomshus, Sæbøvegen 311",5938,SÆBØVÅGEN,https://www.sulhuset.no,brreg,https://data.brreg.no/enhetsregisteret/oppslag/enheter/891938152,ungdomslag,2026-04-28
UL SAMBYGDINGEN,993894117,ALVER,Vestland,"c/o Trond Mathiassen Litleskare, Skarsvegen 262",5911,ALVERSUND,,brreg,https://data.brreg.no/enhetsregisteret/oppslag/enheter/993894117,ungdomslag,2026-04-28
UL SAMHALD ALVERSTRAUMEN,996493873,ALVER,Vestland,Remmo 82,5911,ALVERSUND,SjåULSamhaldpåfacebook,brreg,https://data.brreg.no/enhetsregisteret/oppslag/enheter/996493873,ungdomslag,2026-04-28
UNGDOMSLAGET FRAMSTEG,990585911,ALVER,Vestland,Skintveitvegen 7,5917,ROSSLAND,https://www.ulframsteg.no,brreg,https://data.brreg.no/enhetsregisteret/oppslag/enheter/990585911,ungdomslag,2026-04-28
UNGDOMSLAGET HEIMHUG,990538026,ALVER,Vestland,Hjelmås,5915,HJELMÅS,,brreg,https://data.brreg.no/enhetsregisteret/oppslag/enheter/990538026,ungdomslag,2026-04-28
UNGDOMSLAGET NYBROT,993856746,ALVER,Vestland,Vassbygdvegen 1241,5956,HUNDVIN,https://www.hundvin.no,brreg,https://data.brreg.no/enhetsregisteret/oppslag/enheter/993856746,ungdomslag,2026-04-28
UNGDOMSLAGET SOLGLYTT,999139876,ALVER,Vestland,Sagstadvegen 221,5919,FREKHAUG,,brreg,https://data.brreg.no/enhetsregisteret/oppslag/enheter/999139876,ungdomslag,2026-04-28
UNGDOMSLAGET VARDEN,993620734,ALVER,Vestland,Håtuftvegen 143,5919,FREKHAUG,,brreg,https://data.brreg.no/enhetsregisteret/oppslag/enheter/993620734,ungdomslag,2026-04-28
UNGDOMSLAGET VON,996494918,ALVER,Vestland,Melandsvegen 88,5919,FREKHAUG,https://ulvon.no,brreg,https://data.brreg.no/enhetsregisteret/oppslag/enheter/996494918,ungdomslag,2026-04-28
VETÅS BYGDELAG,912033406,ALVER,Vestland,"C/o Ketil Remme Moldekleiv, Vetåsvegen 161",5938,SÆBØVÅGEN,,brreg,https://data.brreg.no/enhetsregisteret/oppslag/enheter/912033406,bygdelag,2026-04-28
VIKANES / ROMARHEIM BYGDELAG,919786590,ALVER,Vestland,"c/o Helge Eidsheim, Romarheim 86",5994,VIKANES,,brreg,https://data.brreg.no/enhetsregisteret/oppslag/enheter/919786590,bygdelag,2026-04-28
VÅGENES BYGDELAG,922567468,ALVER,Vestland,"c/o Joakim Vågenes, Vågenesvegen 132",5936,MANGER,,brreg,https://data.brreg.no/enhetsregisteret/oppslag/enheter/922567468,bygdelag,2026-04-28
ASKVOLL UNGDOMSKLUBB,932948451,ASKVOLL,Vestland,Askvollvegen 389,6980,ASKVOLL,,brreg,https://data.brreg.no/enhetsregisteret/oppslag/enheter/932948451,ungdomslag,2026-04-28
BULANDET IDRETTSLAG,993805769,ASKVOLL,Vestland,,6987,BULANDET,https://idrett.speaker.no/Organisation.asp?id=25691,brreg,https://data.brreg.no/enhetsregisteret/oppslag/enheter/993805769,ungdomslag,2026-04-28
FORENINGA BULANDET KAPELL,989647792,ASKVOLL,Vestland,Kjempeneset 33,6987,BULANDET,,brreg,https://data.brreg.no/enhetsregisteret/oppslag/enheter/989647792,ungdomslag,2026-04-28
HELLE OG VÅRDAL BYGDELAG,920192726,ASKVOLL,Vestland,Holmedalsvegen 347,6982,HOLMEDAL,,brreg,https://data.brreg.no/enhetsregisteret/oppslag/enheter/920192726,bygdelag,2026-04-28
HOLMEDAL UNGDOMSLAG,996041719,ASKVOLL,Vestland,Holmedal,6982,HOLMEDAL,,brreg,https://data.brreg.no/enhetsregisteret/oppslag/enheter/996041719,ungdomslag,2026-04-28
RIVEDAL BYGDELAG,990233233,ASKVOLL,Vestland,Dalsfjordvegen 2509,6982,HOLMEDAL,,brreg,https://data.brreg.no/enhetsregisteret/oppslag/enheter/990233233,bygdelag,2026-04-28
VIDAR UNGDOMSLAG,911804743,ASKVOLL,Vestland,Landøy,6986,VÆRLANDET,,brreg,https://data.brreg.no/enhetsregisteret/oppslag/enheter/911804743,ungdomslag,2026-04-28
ASKØY BYGDELAG,922760691,ASKØY,Vestland,"c/o Anne Karin Gullbr Hilleren, Friluftsvegen 39",5310,HAUGLANDSHELLA,,brreg,https://data.brreg.no/enhetsregisteret/oppslag/enheter/922760691,bygdelag,2026-04-28
ASKØY UNGDOMS BRASS BAND,894552182,ASKØY,Vestland,Postboks 217,5323,KLEPPESTØ,https://asm-askøy.no,brreg,https://data.brreg.no/enhetsregisteret/oppslag/enheter/894552182,"ungdomslag,bygdelag",2026-04-28
BERLAND BYGDELAG,914090555,ASKØY,Vestland,"c/o André Berland, Berlandsvegen 274A",5314,KJERRGARDEN,,brreg,https://data.brreg.no/enhetsregisteret/oppslag/enheter/914090555,bygdelag,2026-04-28
DEFINISJON: UNGDOM,918616322,ASKØY,Vestland,Florvågvegen 79,5305,FLORVÅG,https://defiung.webnode.com/,brreg,https://data.brreg.no/enhetsregisteret/oppslag/enheter/918616322,"ungdomslag,bygdelag",2026-04-28
FORENINGEN BARN OG UNGDOM ASKØY,937335008,ASKØY,Vestland,"c/o Christoffer S. Følling, Sollivegen 1",5300,KLEPPESTØ,,brreg,https://data.brreg.no/enhetsregisteret/oppslag/enheter/937335008,"ungdomslag,bygdelag",2026-04-28
MENTAL HELSE UNGDOM ASKØY,930798584,ASKØY,Vestland,"c/o Frivilligsentralen, Klampavikvegen 1",5300,KLEPPESTØ,,brreg,https://data.brreg.no/enhetsregisteret/oppslag/enheter/930798584,"ungdomslag,bygdelag",2026-04-28
SKRÅMESTØ OG OMEGN BYGDELAG,918608869,ASKØY,Vestland,Skråmestø 25,5314,KJERRGARDEN,,brreg,https://data.brreg.no/enhetsregisteret/oppslag/enheter/918608869,bygdelag,2026-04-28
UNGDOMSLAGET VILJEN,997414101,ASKØY,Vestland,Ravnanger,5310,HAUGLANDSHELLA,,brreg,https://data.brreg.no/enhetsregisteret/oppslag/enheter/997414101,ungdomslag,2026-04-28
VESTLAND BYGGELAUG,930884324,ASKØY,Vestland,Kyrkjelemyra 42,5300,KLEPPESTØ,,brreg,https://data.brreg.no/enhetsregisteret/oppslag/enheter/930884324,bygdelag,2026-04-28
AURLAND UNGDOMSLAG,923885234,AURLAND,Vestland,"c/o Jarle Sandvik, Dalen 17",5745,AURLAND,,brreg,https://data.brreg.no/enhetsregisteret/oppslag/enheter/923885234,ungdomslag,2026-04-28
LJOM UNGDOMSLAG,991125264,AURLAND,Vestland,"c/o Siri Larsen Ramsøy, Skjerpivegen 31",5747,GUDVANGEN,,brreg,https://data.brreg.no/enhetsregisteret/oppslag/enheter/991125264,ungdomslag,2026-04-28
OPPHEIM OG HAUGE BYGDEKVINNELAG,993957070,AURLAND,Vestland,Hyllandsvegen 12,5747,GUDVANGEN,,brreg,https://data.brreg.no/enhetsregisteret/oppslag/enheter/993957070,bygdelag,2026-04-28
UNDREDAL UNGDOMSLAG,893992812,AURLAND,Vestland,Hjøllavegen 3,5746,UNDREDAL,https://www.facebook.com/undredalul,brreg,https://data.brreg.no/enhetsregisteret/oppslag/enheter/893992812,ungdomslag,2026-04-28
VASSBYGDI UNGDOMSLAG,915063446,AURLAND,Vestland,"c/o Cathrine Therese Sande Midje, Vassbygdi 19",5745,AURLAND,,brreg,https://data.brreg.no/enhetsregisteret/oppslag/enheter/915063446,ungdomslag,2026-04-28
AUSTEVOLL UNGDOMSBRASS,994497383,AUSTEVOLL,Vestland,Vinnes 166,5396,VESTRE VINNESVÅG,,brreg,https://data.brreg.no/enhetsregisteret/oppslag/enheter/994497383,ungdomslag,2026-04-28
DRØNA OG ROSTØY BYGDELAG,899183282,AUSTEVOLL,Vestland,"c/o Rune Hugøy, Rostøysundet 18",5394,KOLBEINSVIK,,brreg,https://data.brreg.no/enhetsregisteret/oppslag/enheter/899183282,bygdelag,2026-04-28
AUSTRHEIM FRILYNTE UNGDOMSLAG,911642387,AUSTRHEIM,Vestland,Austrheimsvegen 1001,5943,AUSTRHEIM,,brreg,https://data.brreg.no/enhetsregisteret/oppslag/enheter/911642387,ungdomslag,2026-04-28
AUSTRHEIM UNGDOMSKLUBB,999222285,AUSTRHEIM,Vestland,Sætremarka 2,5943,AUSTRHEIM,https://ungiaustrheim.blogspot.no,brreg,https://data.brreg.no/enhetsregisteret/oppslag/enheter/999222285,ungdomslag,2026-04-28
FONNES BYGDELAG,911743000,AUSTRHEIM,Vestland,Fonnes 40,5953,FONNES,,brreg,https://data.brreg.no/enhetsregisteret/oppslag/enheter/911743000,bygdelag,2026-04-28
HOPEGRENDI BYGDELAG,993914487,AUSTRHEIM,Vestland,"v/ Jørgen Herland, Hopegrendi Bygdelag",5953,FONNES,,brreg,https://data.brreg.no/enhetsregisteret/oppslag/enheter/993914487,bygdelag,2026-04-28
KVALVÅGEN GRENDELAG,995134012,AUSTRHEIM,Vestland,Kvalvågen,5943,AUSTRHEIM,,brreg,https://data.brreg.no/enhetsregisteret/oppslag/enheter/995134012,grendelag,2026-04-28
- P A L M E R A -,916627939,BERGEN,Vestland,Strandgaten 208,5004,BERGEN,https://palmera-i-bergen.no,brreg,https://data.brreg.no/enhetsregisteret/oppslag/enheter/916627939,ungdomslag,2026-04-28
ARNATVEIT BARNE OG UNGDOMSSENTER STIFTELSE,975954633,BERGEN,Vestland,Hølbekken 1,5262,ARNATVEIT,,brreg,https://data.brreg.no/enhetsregisteret/oppslag/enheter/975954633,ungdomslag,2026-04-28
BERGEN SOMALISK UNGDOMSKLUBB,919307315,BERGEN,Vestland,"c/o Abdullahi Hasan Husein, Fosswinckels gate 11",5007,BERGEN,,brreg,https://data.brreg.no/enhetsregisteret/oppslag/enheter/919307315,ungdomslag,2026-04-28
BERGEN UNGDOM MOT EU,929662202,BERGEN,Vestland,"c/o Kim René Hamre, Øvre Titlestad 14",5243,FANA,,brreg,https://data.brreg.no/enhetsregisteret/oppslag/enheter/929662202,"ungdomslag,bygdelag",2026-04-28
BERGEN UNGDOMS - OG BARNE ORGANISAJON (BUBO),913880889,BERGEN,Vestland,"c/o Silvija Jauniute, Munkebotn 5",5036,BERGEN,https://www.jaunimas.no,brreg,https://data.brreg.no/enhetsregisteret/oppslag/enheter/913880889,"ungdomslag,bygdelag",2026-04-28
BERGEN UNGDOMS BRASS-OG WIND ENSEMBLE,933613054,BERGEN,Vestland,Fabrikkgaten 5,5059,BERGEN,,brreg,https://data.brreg.no/enhetsregisteret/oppslag/enheter/933613054,"ungdomslag,bygdelag",2026-04-28
BERGEN UNGDOMSLAG ERVINGEN,976524675,BERGEN,Vestland,Kong Oscars gate 15,5017,BERGEN,https://www.bergen.ungdomslag.no,brreg,https://data.brreg.no/enhetsregisteret/oppslag/enheter/976524675,ungdomslag,2026-04-28
BERGEN UNGDOMSSTORBAND (BUS),992575964,BERGEN,Vestland,"c/o Knut Arne Børresen, Bergveien 51",5152,BØNES,https://www.facebook.com/bergenungdomsstorband,brreg,https://data.brreg.no/enhetsregisteret/oppslag/enheter/992575964,ungdomslag,2026-04-28
BERGENS SCHAKKLUBS UNGDOM,923013377,BERGEN,Vestland,Rosenbergsgaten 9,5015,BERGEN,,brreg,https://data.brreg.no/enhetsregisteret/oppslag/enheter/923013377,"ungdomslag,bygdelag",2026-04-28
BYGDEDANSLAGET I BJØRGVIN,992683368,BERGEN,Vestland,Kong Oscars gate 18,5017,BERGEN,,brreg,https://data.brreg.no/enhetsregisteret/oppslag/enheter/992683368,bygdelag,2026-04-28
EXIT UNGDOMSGRUPPE,927960788,BERGEN,Vestland,"c/o Sinisa Komatina, Rollandslia 145",5115,ULSET,https://exitnet.online,brreg,https://data.brreg.no/enhetsregisteret/oppslag/enheter/927960788,ungdomslag,2026-04-28
FAGFORBUNDET FANA BYDEL,987597895,BERGEN,Vestland,Wollert Konows plass 3,5224,NESTTUN,,brreg,https://data.brreg.no/enhetsregisteret/oppslag/enheter/987597895,bygdelag,2026-04-28
FANA BYGDENS VENNER,913099621,BERGEN,Vestland,Rødshella 8,5244,FANA,,brreg,https://data.brreg.no/enhetsregisteret/oppslag/enheter/913099621,bygdelag,2026-04-28
FANA SJAKKLUBB UNGDOM,997856600,BERGEN,Vestland,"c/o Trond Eikeland, Vestre Rå 74",5239,RÅDAL,,brreg,https://data.brreg.no/enhetsregisteret/oppslag/enheter/997856600,"ungdomslag,bygdelag",2026-04-28
FANA UNGDOMSLAG,938610282,BERGEN,Vestland,Krokeidevegen 20,5244,FANA,https://www.fanaungdomslag.no,brreg,https://data.brreg.no/enhetsregisteret/oppslag/enheter/938610282,ungdomslag,2026-04-28
FYLLINGSDALEN UNGDOMSLAG,883608712,BERGEN,Vestland,Hjalmar Brantings vei 14,5143,FYLLINGSDALEN,,brreg,https://data.brreg.no/enhetsregisteret/oppslag/enheter/883608712,ungdomslag,2026-04-28
GRØNN UNGDOM VESTLAND,997304209,BERGEN,Vestland,Olav Kyrres gate 45B,5014,BERGEN,https://www.gronnungdom.no/hordaland/,brreg,https://data.brreg.no/enhetsregisteret/oppslag/enheter/997304209,"ungdomslag,bygdelag",2026-04-28
HAUGE UNGDOMSLAG,987884258,BERGEN,Vestland,,5268,HAUKELAND,,brreg,https://data.brreg.no/enhetsregisteret/oppslag/enheter/987884258,ungdomslag,2026-04-28
HORDALAND UNGDOMSBRASSBAND,989988131,BERGEN,Vestland,"c/o Vidar Nordli, Strømgaten 32",5008,BERGEN,,brreg,https://data.brreg.no/enhetsregisteret/oppslag/enheter/989988131,ungdomslag,2026-04-28
HORDALAND UNGDOMSLAG,971438517,BERGEN,Vestland,Forvasshaugen 6,5132,NYBORG,https://www.hordaland.ungdomslag.no,brreg,https://data.brreg.no/enhetsregisteret/oppslag/enheter/971438517,ungdomslag,2026-04-28
HORDVIK SJAKKLUBB UNGDOM,813403862,BERGEN,Vestland,Midtre Prestavegen 18,5108,HORDVIK,,brreg,https://data.brreg.no/enhetsregisteret/oppslag/enheter/813403862,"ungdomslag,bygdelag",2026-04-28
KROSSØY GRENDELAG,998701090,BERGEN,Vestland,"c/o Anne Karin Korsøen, Nordgardsleitet 18A",5137,MJØLKERÅEN,,brreg,https://data.brreg.no/enhetsregisteret/oppslag/enheter/998701090,grendelag,2026-04-28
L-B RACING TEAM,925520608,BERGEN,Vestland,"c/o Bjørn Bratlie, Myrdalsvegen 23A",5130,NYBORG,,brreg,https://data.brreg.no/enhetsregisteret/oppslag/enheter/925520608,ungdomslag,2026-04-28
LANDSORGANISASJONEN FOR TVERRKIRKELIGE UNGDOMSARBEID,919984465,BERGEN,Vestland,Kanalveien 52C,5068,BERGEN,,brreg,https://data.brreg.no/enhetsregisteret/oppslag/enheter/919984465,ungdomslag,2026-04-28
LIBERALISTISK UNGDOM VESTLAND,817866042,BERGEN,Vestland,"c/o Joakim Raun Refsdahl, Ytre Morvik 31",5124,MORVIK,https://www.libung.no,brreg,https://data.brreg.no/enhetsregisteret/oppslag/enheter/817866042,"ungdomslag,bygdelag",2026-04-28
LILAND UNGDOMSLAG,983060226,BERGEN,Vestland,Lilandsvegen 70,5258,BLOMSTERDALEN,https://lilandungdomslag.no,brreg,https://data.brreg.no/enhetsregisteret/oppslag/enheter/983060226,ungdomslag,2026-04-28
LÆRLINGER UTEN GRENSER,919951176,BERGEN,Vestland,"c/o Knut Haukeland, Gerhard Grans vei 48",5094,BERGEN,,brreg,https://data.brreg.no/enhetsregisteret/oppslag/enheter/919951176,grendelag,2026-04-28
MENTAL HELSE UNGDOM BERGEN,991300376,BERGEN,Vestland,"c/o Margaret Aabrek Henriksen, Jonas Lies vei 55",5053,BERGEN,,brreg,https://data.brreg.no/enhetsregisteret/oppslag/enheter/991300376,"ungdomslag,bygdelag",2026-04-28
MENTAL HELSE UNGDOM SOTRA,899542592,BERGEN,Vestland,"c/o Liam Oddekalv, Sundts veg 170",5221,NESTTUN,https://www.mentalhelseungdom.no,brreg,https://data.brreg.no/enhetsregisteret/oppslag/enheter/899542592,"ungdomslag,bygdelag",2026-04-28
NORGES BLINDEFORBUNDS UNGDOM REGION VEST,994022318,BERGEN,Vestland,Rasmus Meyers allé 5,5015,BERGEN,https://www.nbfu.no,brreg,https://data.brreg.no/enhetsregisteret/oppslag/enheter/994022318,"ungdomslag,bygdelag",2026-04-28
NORGES HANDIKAPFORBUND UNGDOM VEST (NHFU VEST),989030078,BERGEN,Vestland,Kong Oscars gate 11,5017,BERGEN,,brreg,https://data.brreg.no/enhetsregisteret/oppslag/enheter/989030078,"ungdomslag,bygdelag",2026-04-28
NORSK - TAMILSK UNGDOMS MEDIEKLUBB NORWAY,926711083,BERGEN,Vestland,"c/o Jeninten Ethirveerasingam, Møllergården 2D",5146,FYLLINGSDALEN,,brreg,https://data.brreg.no/enhetsregisteret/oppslag/enheter/926711083,"ungdomslag,bygdelag",2026-04-28
OLSVIK UNGDOMSKLUBB,924462108,BERGEN,Vestland,"c/o Olsvik Grendahus, Olsvikåsen 89",5183,OLSVIK,,brreg,https://data.brreg.no/enhetsregisteret/oppslag/enheter/924462108,ungdomslag,2026-04-28
PARODI GRAND PRIX,988707465,BERGEN,Vestland,"c/o Arne Hagevik Hauge, Strandgaten 204",5004,BERGEN,,brreg,https://data.brreg.no/enhetsregisteret/oppslag/enheter/988707465,grendelag,2026-04-28
REGNBUEN BARNE OG UNGDOMSORKESTER,887427372,BERGEN,Vestland,Øvre Hopsnesvegen 6,5232,PARADIS,https://www.regnbuen.bergen.no,brreg,https://data.brreg.no/enhetsregisteret/oppslag/enheter/887427372,ungdomslag,2026-04-28
SKEIV UNGDOM VESTLAND,892170002,BERGEN,Vestland,Strandgaten 6,5013,BERGEN,https://skeivungdom.no/lokallag/hordaland,brreg,https://data.brreg.no/enhetsregisteret/oppslag/enheter/892170002,"ungdomslag,bygdelag",2026-04-28
SPRINGBRETT FOR UNGDOM,926813366,BERGEN,Vestland,Loddefjordlien 8,5171,LODDEFJORD,,brreg,https://data.brreg.no/enhetsregisteret/oppslag/enheter/926813366,"ungdomslag,bygdelag",2026-04-28
STUDENTER UTEN GRENSER BERGEN,920504876,BERGEN,Vestland,Jonas Lies vei 65,5021,BERGEN,,brreg,https://data.brreg.no/enhetsregisteret/oppslag/enheter/920504876,grendelag,2026-04-28
T I L HOVDING,983840922,BERGEN,Vestland,Leikvangvegen 31,5111,BREISTEIN,https://www.hovding.org,brreg,https://data.brreg.no/enhetsregisteret/oppslag/enheter/983840922,ungdomslag,2026-04-28
TV 2 B. I. L.,913709039,BERGEN,Vestland,Nøstegaten 72,5011,BERGEN,,brreg,https://data.brreg.no/enhetsregisteret/oppslag/enheter/913709039,ungdomslag,2026-04-28
TVEITERÅS UNGDOMSKOR,992162783,BERGEN,Vestland,"c/o Ida M. Gjul, Bjøllebotn 189",5226,NESTTUN,,brreg,https://data.brreg.no/enhetsregisteret/oppslag/enheter/992162783,ungdomslag,2026-04-28
U-LANDSFORENINGEN SVALENE,986192158,BERGEN,Vestland,Christies gate 16,5015,BERGEN,https://www.svalene.no,brreg,https://data.brreg.no/enhetsregisteret/oppslag/enheter/986192158,ungdomslag,2026-04-28
UNGDOMSLAGET SPIREN,988237876,BERGEN,Vestland,Håkonshellaveien 205,5174,MATHOPEN,,brreg,https://data.brreg.no/enhetsregisteret/oppslag/enheter/988237876,ungdomslag,2026-04-28
VESTLAND RAUD UNGDOM,929420047,BERGEN,Vestland,"c/o Rødt Bergen, Hans Tanks gate 17",5008,BERGEN,,brreg,https://data.brreg.no/enhetsregisteret/oppslag/enheter/929420047,"ungdomslag,bygdelag",2026-04-28
VESTLAND SOSIALISTISK UNGDOM,971350504,BERGEN,Vestland,St. Jakobs plass 9,5008,BERGEN,https://su.no/kontakter/vestland/,brreg,https://data.brreg.no/enhetsregisteret/oppslag/enheter/971350504,"ungdomslag,bygdelag",2026-04-28
VÅRT NYE NORGES UNGDOM,934451015,BERGEN,Vestland,,5148,FYLLINGSDALEN,https://nyenorge.org,brreg,https://data.brreg.no/enhetsregisteret/oppslag/enheter/934451015,"ungdomslag,bygdelag",2026-04-28
ÅL BYGDEKVINNELAG,994537148,BERGEN,Vestland,"c/o Tone Idunn Kjerland Anthun, Nordre Toppe 7",5136,MJØLKERÅEN,https://www.bygdekvinnelaget.no/bu-aal,brreg,https://data.brreg.no/enhetsregisteret/oppslag/enheter/994537148,bygdelag,2026-04-28
ÅSANE UNGDOMSLAG,971351209,BERGEN,Vestland,Forvasshaugen 6,5132,NYBORG,https://www.aasatun.no/,brreg,https://data.brreg.no/enhetsregisteret/oppslag/enheter/971351209,ungdomslag,2026-04-28
BALDERSHEIM BYGDALAG,991787267,BJØRNAFJORDEN,Vestland,"c/o Jan-Ove Rullestad leiar, Sundvorvegen 813",5647,BALDERSHEIM,https://facebook.com/baldersheimbygdalag,brreg,https://data.brreg.no/enhetsregisteret/oppslag/enheter/991787267,bygdelag,2026-04-28
EIKELANDSFJORDEN UNGDOMSLAG,914831989,BJØRNAFJORDEN,Vestland,"c/o Dag Tore Markhus, Stallabrotvegen 133",5640,EIKELANDSOSEN,https://eul.no,brreg,https://data.brreg.no/enhetsregisteret/oppslag/enheter/914831989,ungdomslag,2026-04-28
FUSA BYGDALAG,932241900,BJØRNAFJORDEN,Vestland,Gjerdevegen 50,5641,FUSA,,brreg,https://data.brreg.no/enhetsregisteret/oppslag/enheter/932241900,bygdelag,2026-04-28
LYSEFJORDEN UNGDOMSLAG,993876585,BJØRNAFJORDEN,Vestland,Edne 6,5215,LYSEKLOSTER,,brreg,https://data.brreg.no/enhetsregisteret/oppslag/enheter/993876585,ungdomslag,2026-04-28
OS UNGDOMSKLUBB,914364116,BJØRNAFJORDEN,Vestland,Nilsavegen 106,5209,OS,,brreg,https://data.brreg.no/enhetsregisteret/oppslag/enheter/914364116,ungdomslag,2026-04-28
OS UNGDOMSLAG,913002865,BJØRNAFJORDEN,Vestland,"c/o Svein-Inge Brimsholm Hovland, Skeismyra 58",5217,HAGAVIK,https://steindalsetra.no/,brreg,https://data.brreg.no/enhetsregisteret/oppslag/enheter/913002865,ungdomslag,2026-04-28
SÆVAREIDFJORDEN UNGDOMSLAG,893940332,BJØRNAFJORDEN,Vestland,"c/o Carl Christian Haugen, Sævareidvegen 627",5645,SÆVAREID,,brreg,https://data.brreg.no/enhetsregisteret/oppslag/enheter/893940332,ungdomslag,2026-04-28
SØFTELAND UNGDOMSLAG,917772185,BJØRNAFJORDEN,Vestland,Smoget 41,5212,SØFTELAND,,brreg,https://data.brreg.no/enhetsregisteret/oppslag/enheter/917772185,ungdomslag,2026-04-28
SØRE NESET UNGDOMSLAG,996048233,BJØRNAFJORDEN,Vestland,Håvarsvegen 55,5208,OS,,brreg,https://data.brreg.no/enhetsregisteret/oppslag/enheter/996048233,ungdomslag,2026-04-28
UNGDOM I AKTIVITET NORGE (UA),933011275,BJØRNAFJORDEN,Vestland,Bergstøvegen 17,5212,SØFTELAND,,brreg,https://data.brreg.no/enhetsregisteret/oppslag/enheter/933011275,"ungdomslag,bygdelag",2026-04-28
UNGDOMSLAGET HAVGLIMT,893991352,BJØRNAFJORDEN,Vestland,Lønnevågvegen 145,5218,NORDSTRØNO,,brreg,https://data.brreg.no/enhetsregisteret/oppslag/enheter/893991352,ungdomslag,2026-04-28
UNGDOMSLAGET VÅRVON,916934106,BJØRNAFJORDEN,Vestland,Røtingavegen 330,5216,LEPSØY,,brreg,https://data.brreg.no/enhetsregisteret/oppslag/enheter/916934106,ungdomslag,2026-04-28
BERLE GRENDELAG,985663971,BREMANGER,Vestland,"c/o Annelise Ødegård, Ødegårdsvegen 5",6727,BREMANGER,,brreg,https://data.brreg.no/enhetsregisteret/oppslag/enheter/985663971,grendelag,2026-04-28
BYGGJELAGET TRUDVANG,994156799,BREMANGER,Vestland,Sandvik,6723,SVELGEN,,brreg,https://data.brreg.no/enhetsregisteret/oppslag/enheter/994156799,bygdelag,2026-04-28
DAVIK UNGDOMSLAG,985160120,BREMANGER,Vestland,Davik,6730,DAVIK,,brreg,https://data.brreg.no/enhetsregisteret/oppslag/enheter/985160120,ungdomslag,2026-04-28
HAVDUR UNGDOMSLAG,911687143,BREMANGER,Vestland,"c/o Linda Førde Svarstad, Senneset 4",6727,BREMANGER,,brreg,https://data.brreg.no/enhetsregisteret/oppslag/enheter/911687143,ungdomslag,2026-04-28
HENNØYSTRANDA BYGDELAG,921450001,BREMANGER,Vestland,"c/o Grete Førde Hennøy, Sandevegen 38B",6723,SVELGEN,,brreg,https://data.brreg.no/enhetsregisteret/oppslag/enheter/921450001,bygdelag,2026-04-28
KALVÅG BYGDELAG,915438814,BREMANGER,Vestland,"c/o Ann Irene Myrheim, Amtskaivegen 21",6729,KALVÅG,https://www.facebook.com/Kalvaag,brreg,https://data.brreg.no/enhetsregisteret/oppslag/enheter/915438814,bygdelag,2026-04-28
UNGDOMSLAGET FRAMOVER,998643481,BREMANGER,Vestland,"c/o Kjersti Kjelkenes, Gulevegen 693",6723,SVELGEN,,brreg,https://data.brreg.no/enhetsregisteret/oppslag/enheter/998643481,ungdomslag,2026-04-28
ÅLFOTEN GRENDEUTVAL,998822521,BREMANGER,Vestland,,6737,ÅLFOTEN,,brreg,https://data.brreg.no/enhetsregisteret/oppslag/enheter/998822521,grendelag,2026-04-28
BØMLO BARNE OG UNGDOMSTEATER,911857383,BØMLO,Vestland,"Bømlo Kulturhus, Kulturhusvegen 20",5430,BREMNES,,brreg,https://data.brreg.no/enhetsregisteret/oppslag/enheter/911857383,ungdomslag,2026-04-28
ESPEVÆR BYGDALAG,993835293,BØMLO,Vestland,Svartesjøen 6,5444,ESPEVÆR,,brreg,https://data.brreg.no/enhetsregisteret/oppslag/enheter/993835293,bygdelag,2026-04-28
TREKLØVEREN GRENDA & UNGDOMSLAG,892571902,BØMLO,Vestland,"Lykling Grendahus, Gullvegen 23",5437,FINNÅS,https://Www.trekloveren.no,brreg,https://data.brreg.no/enhetsregisteret/oppslag/enheter/892571902,"ungdomslag,grendelag",2026-04-28
LIV I BYGDA,922606366,EIDFJORD,Vestland,Øvrehagen 25,5783,EIDFJORD,,brreg,https://data.brreg.no/enhetsregisteret/oppslag/enheter/922606366,bygdelag,2026-04-28
ETNE UNGDOMSKLUBB,921028792,ETNE,Vestland,"c/o Torbjørn Tveita Reiso, Einerhaugvegen 21",5590,ETNE,,brreg,https://data.brreg.no/enhetsregisteret/oppslag/enheter/921028792,ungdomslag,2026-04-28
SKÅNEVIK UNGDOMSKLUBB,931992643,ETNE,Vestland,Ligrendvegen 11,5593,SKÅNEVIK,,brreg,https://data.brreg.no/enhetsregisteret/oppslag/enheter/931992643,ungdomslag,2026-04-28
STORDALEN & SÆVAREID UNGDOMSLAG,913028473,ETNE,Vestland,Frette,5590,ETNE,,brreg,https://data.brreg.no/enhetsregisteret/oppslag/enheter/913028473,ungdomslag,2026-04-28
FEDJE BYGDELAG,999246478,FEDJE,Vestland,"C/o John Harald Karlsen, Mulevegen 62",5947,FEDJE,,brreg,https://data.brreg.no/enhetsregisteret/oppslag/enheter/999246478,bygdelag,2026-04-28
FITJAR BYGDEKVINNELAG,990702853,FITJAR,Vestland,"c/o Linn Helen G. Kløverød, Fitjarvegen 1449",5419,FITJAR,,brreg,https://data.brreg.no/enhetsregisteret/oppslag/enheter/990702853,bygdelag,2026-04-28
DALE UNGDOMSLAG,971364181,FJALER,Vestland,"Postboks 13, Hope Rekneskapskontor",6961,DALE I SUNNFJORD,,brreg,https://data.brreg.no/enhetsregisteret/oppslag/enheter/971364181,ungdomslag,2026-04-28
FLEKKE UNGDOMSLAG,996805808,FJALER,Vestland,"c/o Giske Norddal, Gamle postvegen 52",6968,FLEKKE,,brreg,https://data.brreg.no/enhetsregisteret/oppslag/enheter/996805808,ungdomslag,2026-04-28
GUDDAL UNGDOMSLAG,989471783,FJALER,Vestland,,6966,GUDDAL,,brreg,https://data.brreg.no/enhetsregisteret/oppslag/enheter/989471783,ungdomslag,2026-04-28
HELLEVIK GRENDELAG,915781489,FJALER,Vestland,"c/o Merete Myromslien, Lonevegen 190",6967,HELLEVIK I FJALER,,brreg,https://data.brreg.no/enhetsregisteret/oppslag/enheter/915781489,grendelag,2026-04-28
LONGEHOGEN GRENDELAG,995495198,FJALER,Vestland,Longehogen,6963,DALE I SUNNFJORD,,brreg,https://data.brreg.no/enhetsregisteret/oppslag/enheter/995495198,grendelag,2026-04-28
STRAUMSNES GRENDELAG,994946803,FJALER,Vestland,Åsnesvegen 81,6969,STRAUMSNES,,brreg,https://data.brreg.no/enhetsregisteret/oppslag/enheter/994946803,grendelag,2026-04-28
STRAUMSNES UNGDOMSLAG,921980590,FJALER,Vestland,Åsnesvegen 81,6969,STRAUMSNES,,brreg,https://data.brreg.no/enhetsregisteret/oppslag/enheter/921980590,ungdomslag,2026-04-28
UNGDOMSKORET,915963625,FJALER,Vestland,"Dalstunet, Dalsvegen 105A",6963,DALE I SUNNFJORD,https://www.fjaler.kyrkja.no,brreg,https://data.brreg.no/enhetsregisteret/oppslag/enheter/915963625,ungdomslag,2026-04-28
BREIM BYGDEKVINNELAG,994077678,GLOPPEN,Vestland,"c/o Kristin Daling Felde, Feldevegen 52",6826,BYRKJELO,,brreg,https://data.brreg.no/enhetsregisteret/oppslag/enheter/994077678,bygdelag,2026-04-28
BYRKJELO UNGDOMSLAG,985574251,GLOPPEN,Vestland,,6826,BYRKJELO,,brreg,https://data.brreg.no/enhetsregisteret/oppslag/enheter/985574251,ungdomslag,2026-04-28
GLOPPEN BYGDEKVINNELAG,913343697,GLOPPEN,Vestland,"c/o Margot Andenes, Mardalsvegen 28",6823,SANDANE,,brreg,https://data.brreg.no/enhetsregisteret/oppslag/enheter/913343697,bygdelag,2026-04-28
GRENDEHUSET GIMLE,930041823,GLOPPEN,Vestland,"c/o Ronny Bakkelid, Øyravegen 23",6823,SANDANE,,brreg,https://data.brreg.no/enhetsregisteret/oppslag/enheter/930041823,grendelag,2026-04-28
HYEN BYGDEKVINNELAG,918085580,GLOPPEN,Vestland,"c/o Sølvi Espeland Hope, Hope",6829,HYEN,,brreg,https://data.brreg.no/enhetsregisteret/oppslag/enheter/918085580,bygdelag,2026-04-28
HYEN UNGDOMSLAG,918598545,GLOPPEN,Vestland,"c/o Jakob Straume, Hyevegen 1973",6829,HYEN,,brreg,https://data.brreg.no/enhetsregisteret/oppslag/enheter/918598545,ungdomslag,2026-04-28
NESJANE BYGDEKVINNELAG,921988796,GLOPPEN,Vestland,"c/o Anne Marie Devik, Eikenes 9",6828,HESTENESØYRA,,brreg,https://data.brreg.no/enhetsregisteret/oppslag/enheter/921988796,bygdelag,2026-04-28
NORDSTRANDA BYGDESOGE 1880-1945,834475642,GLOPPEN,Vestland,"c/o Hugleik Almenning, Årdalsvegen 965",6827,BREIM,,brreg,https://data.brreg.no/enhetsregisteret/oppslag/enheter/834475642,bygdelag,2026-04-28
BREIDVIK OG BÅLEN BYGDELAG,975446395,GULEN,Vestland,"c/o Sveinung Brisvik, Dingevegen 309",5966,EIVINDVIK,,brreg,https://data.brreg.no/enhetsregisteret/oppslag/enheter/975446395,bygdelag,2026-04-28
BREKKE BYGDEKRINSLAG,922858535,GULEN,Vestland,Sognefjordvegen 1324,5961,BREKKE,,brreg,https://data.brreg.no/enhetsregisteret/oppslag/enheter/922858535,bygdelag,2026-04-28
BREKKE BYGDEKVINNELAG,911680432,GULEN,Vestland,"c/o Wenche Helene Haveland Ones, Yndesdalsvegen 2570",5961,BREKKE,,brreg,https://data.brreg.no/enhetsregisteret/oppslag/enheter/911680432,bygdelag,2026-04-28
BREKKE KRISTELEGE UNGDOMSLAG,922116628,GULEN,Vestland,"c/o Erna Kjelby, Engesetvegen 295",5961,BREKKE,,brreg,https://data.brreg.no/enhetsregisteret/oppslag/enheter/922116628,ungdomslag,2026-04-28
EIVINDVIK BYGDELAG,997489675,GULEN,Vestland,"c/o Sigvald Kidøy, Øvre Stølen 2",5966,EIVINDVIK,,brreg,https://data.brreg.no/enhetsregisteret/oppslag/enheter/997489675,bygdelag,2026-04-28
EIVINDVIK UNGDOMSLAG,976281640,GULEN,Vestland,,5966,EIVINDVIK,,brreg,https://data.brreg.no/enhetsregisteret/oppslag/enheter/976281640,ungdomslag,2026-04-28
MJØMNA BYGDELAG,987978341,GULEN,Vestland,Mjømna 199,5978,MJØMNA,,brreg,https://data.brreg.no/enhetsregisteret/oppslag/enheter/987978341,bygdelag,2026-04-28
OPPEDAL BYGDELAG,994074911,GULEN,Vestland,Sørsidevegen 186,5961,BREKKE,,brreg,https://data.brreg.no/enhetsregisteret/oppslag/enheter/994074911,bygdelag,2026-04-28
RUTLEDAL GRENDELAG,817200702,GULEN,Vestland,"c/o Vidar Høydal, Sognefjordvegen 2530",5961,BREKKE,,brreg,https://data.brreg.no/enhetsregisteret/oppslag/enheter/817200702,grendelag,2026-04-28
SANDØY GRENDELAG,914548543,GULEN,Vestland,Sandevegen 457,5977,ÅNNELAND,,brreg,https://data.brreg.no/enhetsregisteret/oppslag/enheter/914548543,grendelag,2026-04-28
UNGDOMSLAGET FRIDOM,822052312,GULEN,Vestland,"c/o Magny Eggum Berg, Gulafjordvegen 1477",5960,DALSØYRA,,brreg,https://data.brreg.no/enhetsregisteret/oppslag/enheter/822052312,ungdomslag,2026-04-28
UNGDOMSLAGET HAVGULA,993871508,GULEN,Vestland,Byrknesøy,5970,BYRKNESØY,https://havgula.no,brreg,https://data.brreg.no/enhetsregisteret/oppslag/enheter/993871508,ungdomslag,2026-04-28
LIFJORDEN BYGDELAG,913362195,HYLLESTAD,Vestland,Lifjordvegen 567,6957,HYLLESTAD,,brreg,https://data.brreg.no/enhetsregisteret/oppslag/enheter/913362195,bygdelag,2026-04-28
SKIFJORD GRENDELAG,991258205,HYLLESTAD,Vestland,Bjørnestad Skifjord,6958,SØRBØVÅG,,brreg,https://data.brreg.no/enhetsregisteret/oppslag/enheter/991258205,grendelag,2026-04-28
SKOR GRENDELAG,928427773,HYLLESTAD,Vestland,"c/o Bjørg Yndestad, Skorsvegen 680",6953,LEIRVIK I SOGN,,brreg,https://data.brreg.no/enhetsregisteret/oppslag/enheter/928427773,grendelag,2026-04-28
ÅFJORDDALEN BYGDEKVINNELAG,922178720,HYLLESTAD,Vestland,"c/o Solfrid Birkeland, Birkeland 134",6953,LEIRVIK I SOGN,,brreg,https://data.brreg.no/enhetsregisteret/oppslag/enheter/922178720,bygdelag,2026-04-28
ÅFJORDDALEN UNGDOMSLAG,986406050,HYLLESTAD,Vestland,Staurdalsvegen 14,6953,LEIRVIK I SOGN,,brreg,https://data.brreg.no/enhetsregisteret/oppslag/enheter/986406050,ungdomslag,2026-04-28
FUGLSETFJORDEN BYGDEKVINNELAG,923852352,HØYANGER,Vestland,"c/o Kari Agnethe Joranger Ynnesdal, Sørsidevegen 1610",5962,BJORDAL,,brreg,https://data.brreg.no/enhetsregisteret/oppslag/enheter/923852352,bygdelag,2026-04-28
HØYANGER UNGDOMSLAG,914800587,HØYANGER,Vestland,Storgata,6991,HØYANGER,,brreg,https://data.brreg.no/enhetsregisteret/oppslag/enheter/914800587,ungdomslag,2026-04-28
IKJEFJORD BYGDELAG,911845520,HØYANGER,Vestland,Ikjefjord 48,5962,BJORDAL,https://www.ikjefjord.no,brreg,https://data.brreg.no/enhetsregisteret/oppslag/enheter/911845520,bygdelag,2026-04-28
KYRKJEBØ SKULE OG UNGDOMSKORPS,983738613,HØYANGER,Vestland,"c/o Runar Matsui-Li, Austreimslia 12A",6995,KYRKJEBØ,,brreg,https://data.brreg.no/enhetsregisteret/oppslag/enheter/983738613,ungdomslag,2026-04-28
KYRKJEBØ UNGDOMSLAG,991600493,HØYANGER,Vestland,"c/o Sissel Tove Litzheim, Vassbrekka 10",6995,KYRKJEBØ,,brreg,https://data.brreg.no/enhetsregisteret/oppslag/enheter/991600493,ungdomslag,2026-04-28
LAVIKDAL UNGDOMSLAG,997435893,HØYANGER,Vestland,Lavikdal,6947,LAVIK,,brreg,https://data.brreg.no/enhetsregisteret/oppslag/enheter/997435893,ungdomslag,2026-04-28
ORTNEVIK GRENDELAG,992160853,HØYANGER,Vestland,Ortnevik 72,5962,BJORDAL,,brreg,https://data.brreg.no/enhetsregisteret/oppslag/enheter/992160853,grendelag,2026-04-28
TORVUND OG AVEN GRENDELAG,996745546,HØYANGER,Vestland,Torvund,6947,LAVIK,,brreg,https://data.brreg.no/enhetsregisteret/oppslag/enheter/996745546,grendelag,2026-04-28
ASKROVA BYGDELAG,989565699,KINN,Vestland,,6919,TANSØY,,brreg,https://data.brreg.no/enhetsregisteret/oppslag/enheter/989565699,bygdelag,2026-04-28
BRUNSTAD UNGDOMSKLUBB MÅLØY,919545569,KINN,Vestland,"c/o Espen Larsen, Gate 2 13",6700,MÅLØY,,brreg,https://data.brreg.no/enhetsregisteret/oppslag/enheter/919545569,ungdomslag,2026-04-28
BYGDELAGET HAVGLIMT,989575910,KINN,Vestland,,6915,ROGNALDSVÅG,https://havglimt.no,brreg,https://data.brreg.no/enhetsregisteret/oppslag/enheter/989575910,bygdelag,2026-04-28
EIKEFJORD BYGDEKVINNELAG,913847547,KINN,Vestland,"c/o Dagfrid Humlestøl, Humlestøylvegen 151",6940,EIKEFJORD,,brreg,https://data.brreg.no/enhetsregisteret/oppslag/enheter/913847547,bygdelag,2026-04-28
EIKEFJORD UNGDOMSLAG,993787671,KINN,Vestland,"v/Einy Helen Høyvik Akselsen, Sørgard 4",6940,EIKEFJORD,https://www.eikefjord.net,brreg,https://data.brreg.no/enhetsregisteret/oppslag/enheter/993787671,ungdomslag,2026-04-28
HEIMHUG UNGDOMSLAG,920451721,KINN,Vestland,"c/o Elise Midtbø, Torvmyra 8",6908,FLORØ,,brreg,https://data.brreg.no/enhetsregisteret/oppslag/enheter/920451721,ungdomslag,2026-04-28
HOLVIK BYGDELAG,917626235,KINN,Vestland,"c/o Tom Andre Hopland, Holvik",6700,MÅLØY,,brreg,https://data.brreg.no/enhetsregisteret/oppslag/enheter/917626235,bygdelag,2026-04-28
HUSEVÅG BYGDELAG,985194157,KINN,Vestland,Husevåg,6716,HUSEVÅG,,brreg,https://data.brreg.no/enhetsregisteret/oppslag/enheter/985194157,bygdelag,2026-04-28
HØYDALANE BYGDELAG,930807761,KINN,Vestland,"c/o Grete T. Apalseth, Ausevikvegen 675",6944,STAVANG,,brreg,https://data.brreg.no/enhetsregisteret/oppslag/enheter/930807761,bygdelag,2026-04-28
MENTAL HELSE UNGDOM NORD-VESTLAND,924047283,KINN,Vestland,"c/o Vebjørn Leite Olsen, Tuegata 5",6900,FLORØ,,brreg,https://data.brreg.no/enhetsregisteret/oppslag/enheter/924047283,"ungdomslag,bygdelag",2026-04-28
OSMUNDSVÅG GRENDELAG,993783900,KINN,Vestland,"c/o Odd-Petter Utvær, Ulvesundvegen 279",6718,DEKNEPOLLEN,,brreg,https://data.brreg.no/enhetsregisteret/oppslag/enheter/993783900,grendelag,2026-04-28
SKORPA BYGDELAG,997645677,KINN,Vestland,Sør-Skorpa,6918,SØR-SKORPA,,brreg,https://data.brreg.no/enhetsregisteret/oppslag/enheter/997645677,bygdelag,2026-04-28
STAVØY GRENDELAG,999282024,KINN,Vestland,Stavøy,6944,STAVANG,,brreg,https://data.brreg.no/enhetsregisteret/oppslag/enheter/999282024,grendelag,2026-04-28
UL DÆMRING,996071936,KINN,Vestland,Nordvågsøyvegen 180,6710,RAUDEBERG,,brreg,https://data.brreg.no/enhetsregisteret/oppslag/enheter/996071936,ungdomslag,2026-04-28
VÅGE OPPEDAL BYGDELAG,886247532,KINN,Vestland,Oppedalsvegen 262,6700,MÅLØY,,brreg,https://data.brreg.no/enhetsregisteret/oppslag/enheter/886247532,bygdelag,2026-04-28
INNSTRANDA UNGDOMSLAG,997498712,KVAM,Vestland,,5620,TØRVIKBYGD,,brreg,https://data.brreg.no/enhetsregisteret/oppslag/enheter/997498712,ungdomslag,2026-04-28
LIDARENDE SAMFUNNSHUS P/L,912421996,KVAM,Vestland,Vikøyvegen 431,5600,NORHEIMSUND,,brreg,https://data.brreg.no/enhetsregisteret/oppslag/enheter/912421996,ungdomslag,2026-04-28
MUNDHEIM UNGDOMSLAG,999310206,KVAM,Vestland,,5632,OMASTRAND,,brreg,https://data.brreg.no/enhetsregisteret/oppslag/enheter/999310206,ungdomslag,2026-04-28
NORHEIMSUND OG ØYSTESE UNGDOMSKOR,915339018,KVAM,Vestland,Ingebrigt Vik-vegen 22,5610,ØYSTESE,https://www.bedehusweb.no,brreg,https://data.brreg.no/enhetsregisteret/oppslag/enheter/915339018,ungdomslag,2026-04-28
OMA BYGDALAG,989441272,KVAM,Vestland,"c/o Sandra Gjerde, Omavegen 179",5632,OMASTRAND,,brreg,https://data.brreg.no/enhetsregisteret/oppslag/enheter/989441272,bygdelag,2026-04-28
ORIGO UNGDOMSKLUBB,926594850,KVAM,Vestland,Ingebrigt Vik-vegen 22,5610,ØYSTESE,,brreg,https://data.brreg.no/enhetsregisteret/oppslag/enheter/926594850,ungdomslag,2026-04-28
STRANDEBARM UNGDOMSLAG,990482462,KVAM,Vestland,Strandebarmsvegen,5630,STRANDEBARM,https://www.haugatun.no,brreg,https://data.brreg.no/enhetsregisteret/oppslag/enheter/990482462,ungdomslag,2026-04-28
TØRVIKBYGD UNGDOMSLAG,999248772,KVAM,Vestland,Tørvikbygdvegen 410,5620,TØRVIKBYGD,,brreg,https://data.brreg.no/enhetsregisteret/oppslag/enheter/999248772,ungdomslag,2026-04-28
VIKØY BYGDEKVINNELAG,929440129,KVAM,Vestland,"c/o Silje Ensby, Bruhaugvegen 4",5600,NORHEIMSUND,,brreg,https://data.brreg.no/enhetsregisteret/oppslag/enheter/929440129,bygdelag,2026-04-28
ØYSTESE BYGDEKVINNELAG,994855247,KVAM,Vestland,"c/o Hagny Ingebjørg Flatabø, Kjepsovegen 236",5614,ÅLVIK,,brreg,https://data.brreg.no/enhetsregisteret/oppslag/enheter/994855247,bygdelag,2026-04-28
BAUGSTRANDA BYGDALAG,993539678,KVINNHERAD,Vestland,Søllesvikvegen 10,5498,MATRE,,brreg,https://data.brreg.no/enhetsregisteret/oppslag/enheter/993539678,bygdelag,2026-04-28
FJELBERG BYGDALAG,994141775,KVINNHERAD,Vestland,Borgundøy,5459,FJELBERG,https://www.fjelberg.org,brreg,https://data.brreg.no/enhetsregisteret/oppslag/enheter/994141775,bygdelag,2026-04-28
HATLESTRAND BYGDELAG,998778239,KVINNHERAD,Vestland,"C/O Monica Flagtvedt, Krakanesvegen 7",5635,HATLESTRAND,,brreg,https://data.brreg.no/enhetsregisteret/oppslag/enheter/998778239,bygdelag,2026-04-28
HERØYSUND BYGDALAG,985292353,KVINNHERAD,Vestland,"Co/ Ida Marielle Sundland Grindheim, Idrettsvegen 9",5462,HERØYSUNDET,https://heroysund.no,brreg,https://data.brreg.no/enhetsregisteret/oppslag/enheter/985292353,bygdelag,2026-04-28
HUSNES UNGDOMSLAG,999185428,KVINNHERAD,Vestland,Grønstøl,5450,SUNDE I SUNNHORDLAND,,brreg,https://data.brreg.no/enhetsregisteret/oppslag/enheter/999185428,ungdomslag,2026-04-28
HØYLANDSBYGD BYGDALAG,987301333,KVINNHERAD,Vestland,"c/o Arne Bjørnevik, Postbrekko 10",5457,HØYLANDSBYGD,https://www.facebook.com/hoylandsbygd/,brreg,https://data.brreg.no/enhetsregisteret/oppslag/enheter/987301333,bygdelag,2026-04-28
LØFALLSTRAND BYGDALAG,987421819,KVINNHERAD,Vestland,Løfallstrand 283,5474,LØFALLSTRAND,,brreg,https://data.brreg.no/enhetsregisteret/oppslag/enheter/987421819,bygdelag,2026-04-28
MATRE BYGDALAG,993461059,KVINNHERAD,Vestland,,5498,MATRE,,brreg,https://data.brreg.no/enhetsregisteret/oppslag/enheter/993461059,bygdelag,2026-04-28
MENTAL HELSE UNGDOM KVINNHERAD,932526891,KVINNHERAD,Vestland,Lonavegen 3,5460,HUSNES,,brreg,https://data.brreg.no/enhetsregisteret/oppslag/enheter/932526891,"ungdomslag,bygdelag",2026-04-28
OMVIKDALEN BYGDEKVINNELAG,993480738,KVINNHERAD,Vestland,"c/o Helga Fossheim, Guddalsvegen 19",5472,SEIMSFOSS,,brreg,https://data.brreg.no/enhetsregisteret/oppslag/enheter/993480738,bygdelag,2026-04-28
OMVIKDALEN UNGDOMSLAG,985536910,KVINNHERAD,Vestland,Fetvegen 124,5464,DIMMELSVIK,https://www.ungdomslag.no/,brreg,https://data.brreg.no/enhetsregisteret/oppslag/enheter/985536910,ungdomslag,2026-04-28
ROSENDAL BYGDELAG,923551344,KVINNHERAD,Vestland,Postboks 118,5470,ROSENDAL,,brreg,https://data.brreg.no/enhetsregisteret/oppslag/enheter/923551344,bygdelag,2026-04-28
UNGDOMSLAGET HATLESTRENDINGEN,993955701,KVINNHERAD,Vestland,,5635,HATLESTRAND,,brreg,https://data.brreg.no/enhetsregisteret/oppslag/enheter/993955701,ungdomslag,2026-04-28
USKEDAL UNGDOMSLAG,986034153,KVINNHERAD,Vestland,Uskedalsvegen 571,5463,USKEDALEN,,brreg,https://data.brreg.no/enhetsregisteret/oppslag/enheter/986034153,ungdomslag,2026-04-28
UTÅKER BYGDALAG,991272399,KVINNHERAD,Vestland,Holmedalsvegen 130,5453,UTÅKER,,brreg,https://data.brreg.no/enhetsregisteret/oppslag/enheter/991272399,bygdelag,2026-04-28
VARALDSØY BYGDALAG,993769142,KVINNHERAD,Vestland,"c/o Sander Lokøy Haukenes, Kyrkjebygdvegen 98",5636,VARALDSØY,,brreg,https://data.brreg.no/enhetsregisteret/oppslag/enheter/993769142,bygdelag,2026-04-28
ÆNES OG MAURANGER BYGDALAG,993516953,KVINNHERAD,Vestland,"C/O Jon Godtskalk Bondhus, Bondhus 37",5476,MAURANGER,https://www.mauranger.no,brreg,https://data.brreg.no/enhetsregisteret/oppslag/enheter/993516953,bygdelag,2026-04-28
ØLVE BYGDALAG,994272136,KVINNHERAD,Vestland,"c/o Ølve Montessoriskule, Ølvesvegen 461",5637,ØLVE,,brreg,https://data.brreg.no/enhetsregisteret/oppslag/enheter/994272136,bygdelag,2026-04-28
ØLVE UNGDOMSLAG,993776505,KVINNHERAD,Vestland,"c/o Hilde Håvik, Storhaugvegen 19A",5637,ØLVE,,brreg,https://data.brreg.no/enhetsregisteret/oppslag/enheter/993776505,ungdomslag,2026-04-28
DANS UTEN GRENSER AS,991796290,LUSTER,Vestland,Hestnes 55,6869,HAFSLO,,brreg,https://data.brreg.no/enhetsregisteret/oppslag/enheter/991796290,grendelag,2026-04-28
FORTUN BYGDALAG,993408417,LUSTER,Vestland,Hestahagen 46,6877,FORTUN,,brreg,https://data.brreg.no/enhetsregisteret/oppslag/enheter/993408417,bygdelag,2026-04-28
GAUPNE BYGDALAG,914045681,LUSTER,Vestland,"c/o Stein Olav Njøs, Sandvikvegen 41",6868,GAUPNE,,brreg,https://data.brreg.no/enhetsregisteret/oppslag/enheter/914045681,bygdelag,2026-04-28
GAUPNE SKULE OG UNGDOMSKORPS,983989918,LUSTER,Vestland,"c/o Tove Mette Solhaug, Øyane 3A",6868,GAUPNE,,brreg,https://data.brreg.no/enhetsregisteret/oppslag/enheter/983989918,ungdomslag,2026-04-28
GAUPNE UNGDOMSLAG,975499057,LUSTER,Vestland,Øyagata 1,6868,GAUPNE,,brreg,https://data.brreg.no/enhetsregisteret/oppslag/enheter/975499057,ungdomslag,2026-04-28
GRANDANE VELFOREINING,936010814,LUSTER,Vestland,"c/o Torbjørn Tuften, Grandane 5",6868,GAUPNE,,brreg,https://data.brreg.no/enhetsregisteret/oppslag/enheter/936010814,grendelag,2026-04-28
HAFSLO BYGDELAG,985515719,LUSTER,Vestland,"c/o Nils Sverre Fardal, Nedstevegen 175",6869,HAFSLO,,brreg,https://data.brreg.no/enhetsregisteret/oppslag/enheter/985515719,bygdelag,2026-04-28
HAFSLO SKULE- OG UNGDOMSKORPS,920372538,LUSTER,Vestland,"c/o Idar Thoresen Kvam, Galden 3",6869,HAFSLO,,brreg,https://data.brreg.no/enhetsregisteret/oppslag/enheter/920372538,ungdomslag,2026-04-28
I L FANARÅK,886439342,LUSTER,Vestland,"c/o Elin Hauge, Lustravegen 4318",6876,SKJOLDEN,https://www.fanaraak.no/,brreg,https://data.brreg.no/enhetsregisteret/oppslag/enheter/886439342,ungdomslag,2026-04-28
INDRE HAFSLO BYGDE- OG UNGDOMSLAG,915259324,LUSTER,Vestland,Lambhaug 142,6873,MARIFJØRA,,brreg,https://data.brreg.no/enhetsregisteret/oppslag/enheter/915259324,"ungdomslag,bygdelag",2026-04-28
JOSTEDAL BYGDELAG,884581052,LUSTER,Vestland,Jostedalsvegen 2208,6871,JOSTEDAL,,brreg,https://data.brreg.no/enhetsregisteret/oppslag/enheter/884581052,bygdelag,2026-04-28
JOSTEDAL SKULE- OG UNGDOMSKORPS,975425878,LUSTER,Vestland,"c/o Bjørn Hails Gjelsten, Jostedalsvegen 1855",6871,JOSTEDAL,,brreg,https://data.brreg.no/enhetsregisteret/oppslag/enheter/975425878,ungdomslag,2026-04-28
JOSTEDAL UNGDOMSLAG,984075405,LUSTER,Vestland,"V/Morten Johan Hovland Vigdal, Haugåsen 3",6871,JOSTEDAL,,brreg,https://data.brreg.no/enhetsregisteret/oppslag/enheter/984075405,ungdomslag,2026-04-28
LUSTER BYGDALAG,915800904,LUSTER,Vestland,Solstrand 3,6872,LUSTER,,brreg,https://data.brreg.no/enhetsregisteret/oppslag/enheter/915800904,bygdelag,2026-04-28
LUSTER UNGDOMSLAG,979653735,LUSTER,Vestland,Markstein,6872,LUSTER,,brreg,https://data.brreg.no/enhetsregisteret/oppslag/enheter/979653735,ungdomslag,2026-04-28
LYNGMO UNGDOMSSENTER AS,893461892,LUSTER,Vestland,Lyngmo 21,6869,HAFSLO,https://www.lyngmoinfo.com,brreg,https://data.brreg.no/enhetsregisteret/oppslag/enheter/893461892,ungdomslag,2026-04-28
NES OG HØYHEIMSVIK BYGDELAG,991097864,LUSTER,Vestland,Høyheimsvegen 23,6875,HØYHEIMSVIK,https://www.nesoghoy.no,brreg,https://data.brreg.no/enhetsregisteret/oppslag/enheter/991097864,bygdelag,2026-04-28
ORNES GRENDELAG,922109230,LUSTER,Vestland,"c/o Rakel Optun Skagen, Ornes 86",6870,ORNES,,brreg,https://data.brreg.no/enhetsregisteret/oppslag/enheter/922109230,grendelag,2026-04-28
SKJOLDEN BYGDALAG,996026698,LUSTER,Vestland,Skjolden 1,6876,SKJOLDEN,,brreg,https://data.brreg.no/enhetsregisteret/oppslag/enheter/996026698,bygdelag,2026-04-28
SKJOLDEN UNGDOMSLAG,999103146,LUSTER,Vestland,c/o Agnar Bolstad,6876,SKJOLDEN,,brreg,https://data.brreg.no/enhetsregisteret/oppslag/enheter/999103146,ungdomslag,2026-04-28
SOLVORN BYGDALAG,998165156,LUSTER,Vestland,Løteigane 46,6879,SOLVORN,,brreg,https://data.brreg.no/enhetsregisteret/oppslag/enheter/998165156,bygdelag,2026-04-28
BORGUND BYGDEKVINNELAG,919275936,LÆRDAL,Vestland,"c/o Marianne Voldum, Vindhella 88",6888,BORGUND,,brreg,https://data.brreg.no/enhetsregisteret/oppslag/enheter/919275936,bygdelag,2026-04-28
ERDAL UNGDOMSLAG,985276641,LÆRDAL,Vestland,Erdalsvegen 63,6887,LÆRDAL,,brreg,https://data.brreg.no/enhetsregisteret/oppslag/enheter/985276641,ungdomslag,2026-04-28
FRILUND UNGDOMSHUS - LÆRDAL UNGDOMSLAG,922649758,LÆRDAL,Vestland,Øyramarki 7,6887,LÆRDAL,,brreg,https://data.brreg.no/enhetsregisteret/oppslag/enheter/922649758,ungdomslag,2026-04-28
LÆRDAL BYGDEKVINNELAG,919192100,LÆRDAL,Vestland,"c/o Astrid Grøndal Trulssen, Saltkjelen 38",6887,LÆRDAL,,brreg,https://data.brreg.no/enhetsregisteret/oppslag/enheter/919192100,bygdelag,2026-04-28
RIKHEIM OG LJØSNE UNGDOMSLAG,979686218,LÆRDAL,Vestland,"c/o Ljosheim, Lærdalsvegen 1387",6887,LÆRDAL,,brreg,https://data.brreg.no/enhetsregisteret/oppslag/enheter/979686218,ungdomslag,2026-04-28
TØNJUM UNGDOMSLAG,985515980,LÆRDAL,Vestland,Tønjum,6887,LÆRDAL,,brreg,https://data.brreg.no/enhetsregisteret/oppslag/enheter/985515980,ungdomslag,2026-04-28
FJON UNGDOMS- OG IDRETTSLAG,998811864,MASFJORDEN,Vestland,Austfjordvegen 2275,5981,MASFJORDNES,,brreg,https://data.brreg.no/enhetsregisteret/oppslag/enheter/998811864,"ungdomslag,bygdelag",2026-04-28
FOREININGA FJON FJELLKYRKJE OG UNGDOMSSENTER,912596176,MASFJORDEN,Vestland,Indre Haugsdal 75,5984,MATREDAL,https://www.fjonfjellkyrkje.no,brreg,https://data.brreg.no/enhetsregisteret/oppslag/enheter/912596176,ungdomslag,2026-04-28
SOLHEIM GRENDELAG,931058657,MASFJORDEN,Vestland,"c/o Kjartan Sandnes, Solheim 100",5983,HAUGSVÆR,,brreg,https://data.brreg.no/enhetsregisteret/oppslag/enheter/931058657,grendelag,2026-04-28
BYSHEIM UNGDOMSLAG,995542706,OSTERØY,Vestland,"c/o Asle pedersen, Fjellskål 2",5282,LONEVÅG,,brreg,https://data.brreg.no/enhetsregisteret/oppslag/enheter/995542706,ungdomslag,2026-04-28
FOTLANDSVÅG UNGDOMSLAG,917872058,OSTERØY,Vestland,Fotlandsvegen 1132,5283,FOTLANDSVÅG,,brreg,https://data.brreg.no/enhetsregisteret/oppslag/enheter/917872058,ungdomslag,2026-04-28
KNAUSANE UNGDOMSLAG,976920678,OSTERØY,Vestland,Olsnesvegen 35,5285,BRUVIK,https://knausatun.no,brreg,https://data.brreg.no/enhetsregisteret/oppslag/enheter/976920678,ungdomslag,2026-04-28
MJELDALEN UNGDOMSLAG,975682455,OSTERØY,Vestland,Hausvegen 44,5286,HAUS,https://www.mul.no/,brreg,https://data.brreg.no/enhetsregisteret/oppslag/enheter/975682455,ungdomslag,2026-04-28
MJØSDALEN UNGDOMSLAG,998087929,OSTERØY,Vestland,Mjøsdalen,5282,LONEVÅG,,brreg,https://data.brreg.no/enhetsregisteret/oppslag/enheter/998087929,ungdomslag,2026-04-28
MYKING OG KALLEKLEV BYGDELAG,912644561,OSTERØY,Vestland,Fotlandsvegen 656,5282,LONEVÅG,,brreg,https://data.brreg.no/enhetsregisteret/oppslag/enheter/912644561,bygdelag,2026-04-28
OSTERØY BYGDEKVINNELAG,998845270,OSTERØY,Vestland,,5286,HAUS,,brreg,https://data.brreg.no/enhetsregisteret/oppslag/enheter/998845270,bygdelag,2026-04-28
SOLBJØRG UNGDOMSLAG,991481826,OSTERØY,Vestland,Solbjørg 26,5282,LONEVÅG,,brreg,https://data.brreg.no/enhetsregisteret/oppslag/enheter/991481826,ungdomslag,2026-04-28
TYSSE BYGDALAG,995360578,OSTERØY,Vestland,Osvassvegen 47,5284,TYSSEBOTNEN,,brreg,https://data.brreg.no/enhetsregisteret/oppslag/enheter/995360578,bygdelag,2026-04-28
TYSSE GRENDERÅD,991392491,OSTERØY,Vestland,Osterøyvegen 3388,5284,TYSSEBOTNEN,,brreg,https://data.brreg.no/enhetsregisteret/oppslag/enheter/991392491,grendelag,2026-04-28
UL HEIMDAL,999172199,OSTERØY,Vestland,Grønnskaret,5282,LONEVÅG,,brreg,https://data.brreg.no/enhetsregisteret/oppslag/enheter/999172199,ungdomslag,2026-04-28
"UNGDOMSLAGET FRAM, OSTERØY",993888451,OSTERØY,Vestland,Hauge,5281,VALESTRANDSFOSSEN,,brreg,https://data.brreg.no/enhetsregisteret/oppslag/enheter/993888451,ungdomslag,2026-04-28
VALESTRAND UNGDOMSLAG,998665086,OSTERØY,Vestland,"Samlingshuset Kongshall, Hamrenesvegen 17",5281,VALESTRANDSFOSSEN,https://www.valestrand.no,brreg,https://data.brreg.no/enhetsregisteret/oppslag/enheter/998665086,ungdomslag,2026-04-28
FRØYLANDSDALEN UNGDOMSLAG,918111093,SAMNANGER,Vestland,Samnangervegen 530,5650,TYSSE,,brreg,https://data.brreg.no/enhetsregisteret/oppslag/enheter/918111093,ungdomslag,2026-04-28
NORDBYGDA UNGDOMSLAG,993940445,SAMNANGER,Vestland,Bygdavegen 2,5652,ÅRLAND,https://www.nordbygdaungdomslag.no/,brreg,https://data.brreg.no/enhetsregisteret/oppslag/enheter/993940445,ungdomslag,2026-04-28
TVEIT UNGDOMSLAG,996680479,SAMNANGER,Vestland,"v/Roy Vegar Hope, Tveit 21",5650,TYSSE,,brreg,https://data.brreg.no/enhetsregisteret/oppslag/enheter/996680479,ungdomslag,2026-04-28
URD UNGDOMSLAG,897727242,SAMNANGER,Vestland,Solbjørgvegen 920,5652,ÅRLAND,,brreg,https://data.brreg.no/enhetsregisteret/oppslag/enheter/897727242,ungdomslag,2026-04-28
BALESTRAND BYGDALAG,929128109,SOGNDAL,Vestland,"c/o Anny Helen Urtegård, Tue 8",6899,BALESTRAND,,brreg,https://data.brreg.no/enhetsregisteret/oppslag/enheter/929128109,bygdelag,2026-04-28
BALESTRAND UNGDOMSLAG,974910098,SOGNDAL,Vestland,Balestrand Bygdahus,6899,BALESTRAND,,brreg,https://data.brreg.no/enhetsregisteret/oppslag/enheter/974910098,ungdomslag,2026-04-28
FJORDANE GRENDELAG,992062053,SOGNDAL,Vestland,"c/o Renate Rendedal, Renndalen 3",6899,BALESTRAND,,brreg,https://data.brreg.no/enhetsregisteret/oppslag/enheter/992062053,grendelag,2026-04-28
FJÆRLAND UNGDOMSLAG,912101495,SOGNDAL,Vestland,Supphellevegen 370,6848,FJÆRLAND,,brreg,https://data.brreg.no/enhetsregisteret/oppslag/enheter/912101495,ungdomslag,2026-04-28
JURISTAR UTAN GRENSER,821027802,SOGNDAL,Vestland,"c/o Rigmor Reppen, Kyrkjebakken 1",6856,SOGNDAL,,brreg,https://data.brreg.no/enhetsregisteret/oppslag/enheter/821027802,grendelag,2026-04-28
JUSSTUDENTAR UTAN GRENSER,920934692,SOGNDAL,Vestland,"c/o Rigmor Reppen, Kyrkjebakken 1",6856,SOGNDAL,,brreg,https://data.brreg.no/enhetsregisteret/oppslag/enheter/920934692,grendelag,2026-04-28
KAUPANGER SKULE- OG UNGDOMSKORPS,984041209,SOGNDAL,Vestland,"c/o Bent Berglie, Holteigvegen 13",6854,KAUPANGER,,brreg,https://data.brreg.no/enhetsregisteret/oppslag/enheter/984041209,ungdomslag,2026-04-28
LEIKANGER UNGDOMSLAG,984047398,SOGNDAL,Vestland,Røysavegen 1,6863,LEIKANGER,,brreg,https://data.brreg.no/enhetsregisteret/oppslag/enheter/984047398,ungdomslag,2026-04-28
NORANE SKULE OG UNGDOMSKORPS,985270678,SOGNDAL,Vestland,,6858,FARDAL,,brreg,https://data.brreg.no/enhetsregisteret/oppslag/enheter/985270678,ungdomslag,2026-04-28
NORANE UNGDOMSLAG,984022085,SOGNDAL,Vestland,Norneshaugane 2,6859,SLINDA,,brreg,https://data.brreg.no/enhetsregisteret/oppslag/enheter/984022085,ungdomslag,2026-04-28
SOGNDAL BYGDEKVINNELAG,922609004,SOGNDAL,Vestland,"c/o Reidunn Hess Leirdal, Dalavegen 1665",6857,SOGNDAL,,brreg,https://data.brreg.no/enhetsregisteret/oppslag/enheter/922609004,bygdelag,2026-04-28
VETLEFJORDEN BYGDEKVINNELAG,922061386,SOGNDAL,Vestland,"C/o Margot Ryssdal, Ulvastad 22",6899,BALESTRAND,,brreg,https://data.brreg.no/enhetsregisteret/oppslag/enheter/922061386,bygdelag,2026-04-28
BYGDELAG VEST,915901255,SOLUND,Vestland,"c/o Sonja Hjønnevåg, Nordrevågen 37",6928,KOLGROV,,brreg,https://data.brreg.no/enhetsregisteret/oppslag/enheter/915901255,bygdelag,2026-04-28
BYGDELAGET JONSOKBLOMEN,997297628,SOLUND,Vestland,Hersvik,6929,HERSVIKBYGDA,,brreg,https://data.brreg.no/enhetsregisteret/oppslag/enheter/997297628,bygdelag,2026-04-28
SOLUND UNGDOMSLAG,993933805,SOLUND,Vestland,Håneset 5,6924,HARDBAKKE,,brreg,https://data.brreg.no/enhetsregisteret/oppslag/enheter/993933805,ungdomslag,2026-04-28
YTRE SOLUND BYGDEHUS,917114439,SOLUND,Vestland,Kolgrovvegen 132,6928,KOLGROV,,brreg,https://data.brreg.no/enhetsregisteret/oppslag/enheter/917114439,bygdelag,2026-04-28
ALSAKER GRENDELAG,916715854,STAD,Vestland,"v/ Petter Bakke, Alsaker",6770,NORDFJORDEID,,brreg,https://data.brreg.no/enhetsregisteret/oppslag/enheter/916715854,grendelag,2026-04-28
BARMØY BYGDELAG,994037358,STAD,Vestland,"c/o Hanne Marie Utvær, Barmavegen 88",6715,BARMEN,https://www.barmen.no,brreg,https://data.brreg.no/enhetsregisteret/oppslag/enheter/994037358,bygdelag,2026-04-28
EID BARNE- OG UNGDOMSKOR,812859382,STAD,Vestland,"c/o Ståle Sandal, Bruhola 14",6770,NORDFJORDEID,,brreg,https://data.brreg.no/enhetsregisteret/oppslag/enheter/812859382,ungdomslag,2026-04-28
FLATRAKET BYGDELAG,935202248,STAD,Vestland,"c/o Thomas Bigset, Øvregardsbakkane 57",6717,FLATRAKET,,brreg,https://data.brreg.no/enhetsregisteret/oppslag/enheter/935202248,bygdelag,2026-04-28
HAUGEN UNGDOMSLAG,911845075,STAD,Vestland,Haugen,6770,NORDFJORDEID,,brreg,https://data.brreg.no/enhetsregisteret/oppslag/enheter/911845075,ungdomslag,2026-04-28
HJELLE UNGDOMSLAG,986537538,STAD,Vestland,Jølavegen 32,6774,NORDFJORDEID,,brreg,https://data.brreg.no/enhetsregisteret/oppslag/enheter/986537538,ungdomslag,2026-04-28
KJØDE GRENDELAG,827488402,STAD,Vestland,Kjøde 92,6740,SELJE,https://www.facebook.com/profile.php?id=100080649668038,brreg,https://data.brreg.no/enhetsregisteret/oppslag/enheter/827488402,grendelag,2026-04-28
STADLANDET UNGDOMSLAG,993807745,STAD,Vestland,"c/o Margit Hamre Fløde, Fløde 21",6750,STADLANDET,https://www.stadlandet-ul.org/,brreg,https://data.brreg.no/enhetsregisteret/oppslag/enheter/993807745,ungdomslag,2026-04-28
STÅRHEIM BYGDEKVINNELAG,999512194,STAD,Vestland,"c/o Bente Hafsås Løken, Stårheimsdalen 130",6777,STÅRHEIM,,brreg,https://data.brreg.no/enhetsregisteret/oppslag/enheter/999512194,bygdelag,2026-04-28
STÅRHEIM BYGDELAG,982835666,STAD,Vestland,,6777,STÅRHEIM,,brreg,https://data.brreg.no/enhetsregisteret/oppslag/enheter/982835666,bygdelag,2026-04-28
YTRE STADT BYGDELAG,999152066,STAD,Vestland,Ervik,6750,STADLANDET,,brreg,https://data.brreg.no/enhetsregisteret/oppslag/enheter/999152066,bygdelag,2026-04-28
HUGLO BYGDEKVINNELAG,890735002,STORD,Vestland,Sørhuglo,5413,HUGLO,,brreg,https://data.brreg.no/enhetsregisteret/oppslag/enheter/890735002,bygdelag,2026-04-28
HUGLO UNGDOMSLAG,995110288,STORD,Vestland,Nordhuglo 281,5413,HUGLO,,brreg,https://data.brreg.no/enhetsregisteret/oppslag/enheter/995110288,ungdomslag,2026-04-28
SAGVÅG BYGDALAG,999627072,STORD,Vestland,"c/o Sagvåg Bygdalag, Sagvågsbrekko 7",5410,SAGVÅG,,brreg,https://data.brreg.no/enhetsregisteret/oppslag/enheter/999627072,bygdelag,2026-04-28
STORD BYGDEKVINNELAG,999163025,STORD,Vestland,Åsamyrvegen 17,5415,STORD,,brreg,https://data.brreg.no/enhetsregisteret/oppslag/enheter/999163025,bygdelag,2026-04-28
STORD SOSIALISTISK UNGDOM,918841032,STORD,Vestland,Kroktjødnevegen 60A,5412,STORD,,brreg,https://data.brreg.no/enhetsregisteret/oppslag/enheter/918841032,"ungdomslag,bygdelag",2026-04-28
UNGDOMSLAGET STORDABUEN,996533247,STORD,Vestland,Krokane 1,5414,STORD,https://www.samhald.com,brreg,https://data.brreg.no/enhetsregisteret/oppslag/enheter/996533247,ungdomslag,2026-04-28
BLAKSET BYGDELAG,911965992,STRYN,Vestland,V/ Sigbjørn Hagen,6795,BLAKSÆTER,,brreg,https://data.brreg.no/enhetsregisteret/oppslag/enheter/911965992,bygdelag,2026-04-28
FJELLI UNGDOMSLAG,896636812,STRYN,Vestland,Fjelli,6795,BLAKSÆTER,,brreg,https://data.brreg.no/enhetsregisteret/oppslag/enheter/896636812,ungdomslag,2026-04-28
GAMLE INNVIK ULLVAREFABRIKK STI,975706834,STRYN,Vestland,Skåden,6793,INNVIK,,brreg,https://data.brreg.no/enhetsregisteret/oppslag/enheter/975706834,ungdomslag,2026-04-28
INNVIK BYGDEKVINNELAG,922544425,STRYN,Vestland,Bjørkum,6793,INNVIK,,brreg,https://data.brreg.no/enhetsregisteret/oppslag/enheter/922544425,bygdelag,2026-04-28
LOEN- RAKE BYGDEKVINNELAG,911815796,STRYN,Vestland,,6789,LOEN,,brreg,https://data.brreg.no/enhetsregisteret/oppslag/enheter/911815796,bygdelag,2026-04-28
MARKANE UNGDOMSLAG,975711412,STRYN,Vestland,"c/o Vigdis Sætren, Panoramavegen 122",6783,STRYN,,brreg,https://data.brreg.no/enhetsregisteret/oppslag/enheter/975711412,ungdomslag,2026-04-28
OLDEN BYGDEKVINNELAG,911885409,STRYN,Vestland,"c/o Berit Melheim, Bergetunvegen 46",6788,OLDEN,,brreg,https://data.brreg.no/enhetsregisteret/oppslag/enheter/911885409,bygdelag,2026-04-28
OLDEN UNGDOMSLAG,995609592,STRYN,Vestland,"Att Erik Skarstein Sandnes, Avleivegen 54",6788,OLDEN,,brreg,https://data.brreg.no/enhetsregisteret/oppslag/enheter/995609592,ungdomslag,2026-04-28
OPPSTRYN BYGDEKVINNELAG,921701268,STRYN,Vestland,"c/o Gunn Sørum, Folven",6798,HJELLEDALEN,,brreg,https://data.brreg.no/enhetsregisteret/oppslag/enheter/921701268,bygdelag,2026-04-28
OPPSTRYN UNGDOMSLAG,916793987,STRYN,Vestland,"c/o Per Jakob Tunold, Rognehaugen 11",6783,STRYN,,brreg,https://data.brreg.no/enhetsregisteret/oppslag/enheter/916793987,ungdomslag,2026-04-28
RAND UNGDOMSLAG,911809664,STRYN,Vestland,"c/o Ruben-Olai Takle Tytingvåg, Tvinnereimsvegen 16",6796,HOPLAND,,brreg,https://data.brreg.no/enhetsregisteret/oppslag/enheter/911809664,ungdomslag,2026-04-28
STRYN BYGDEKVINNELAG,916762739,STRYN,Vestland,Co/Liv Lunde,6783,STRYN,,brreg,https://data.brreg.no/enhetsregisteret/oppslag/enheter/916762739,bygdelag,2026-04-28
STRYN UNGDOMSLAG,824006342,STRYN,Vestland,"c/o Bjørg Jorunn Vinsrygg Steen, Holevegen 16",6783,STRYN,,brreg,https://data.brreg.no/enhetsregisteret/oppslag/enheter/824006342,ungdomslag,2026-04-28
UTVIK UNGDOMSLAG,875566512,STRYN,Vestland,"c/o Veronika Bøe Holvik, Tistamvegen 170",6797,UTVIK,,brreg,https://data.brreg.no/enhetsregisteret/oppslag/enheter/875566512,ungdomslag,2026-04-28
BYGSTAD UNGDOMSLAG,993633291,SUNNFJORD,Vestland,Kvamsvegen 85,6977,BYGSTAD,,brreg,https://data.brreg.no/enhetsregisteret/oppslag/enheter/993633291,ungdomslag,2026-04-28
DANS UTAN GRENSER JØLSTER,922123810,SUNNFJORD,Vestland,"c/o Charlotte Østebø Nilsen, Stardalen 718",6843,SKEI I JØLSTER,,brreg,https://data.brreg.no/enhetsregisteret/oppslag/enheter/922123810,grendelag,2026-04-28
EIKÅS UNGDOMSLAG,994615971,SUNNFJORD,Vestland,Jølstravegen 379,6847,VASSENDEN,,brreg,https://data.brreg.no/enhetsregisteret/oppslag/enheter/994615971,ungdomslag,2026-04-28
FJORDEN BYGDELAG,916053738,SUNNFJORD,Vestland,Hestad,6977,BYGSTAD,,brreg,https://data.brreg.no/enhetsregisteret/oppslag/enheter/916053738,bygdelag,2026-04-28
FØRDE UNGDOMSLAG,971365048,SUNNFJORD,Vestland,Brendeholten 51,6814,FØRDE,,brreg,https://data.brreg.no/enhetsregisteret/oppslag/enheter/971365048,ungdomslag,2026-04-28
FØRDE UNGDOMSSKULE KLASSE B. KULL 2010,934364775,SUNNFJORD,Vestland,"c/o Janne Alette Fugle, Hundvebakke 9A",6809,FØRDE,,brreg,https://data.brreg.no/enhetsregisteret/oppslag/enheter/934364775,ungdomslag,2026-04-28
MIDTREDALEN BYGDEKVINNELAG,995834014,SUNNFJORD,Vestland,"v/Solbjørg Steiro Herstad, Herstadvegen 234",6817,NAUSTDAL,,brreg,https://data.brreg.no/enhetsregisteret/oppslag/enheter/995834014,bygdelag,2026-04-28
NAUSTDAL UNGDOMSLAG,914399335,SUNNFJORD,Vestland,"Fosshalla, Øyravegen 185",6817,NAUSTDAL,,brreg,https://data.brreg.no/enhetsregisteret/oppslag/enheter/914399335,ungdomslag,2026-04-28
REKSTA UNGDOMSLAG,817735142,SUNNFJORD,Vestland,"c/o Johnny Stigedal, Bingsa 1",6812,FØRDE,,brreg,https://data.brreg.no/enhetsregisteret/oppslag/enheter/817735142,ungdomslag,2026-04-28
SKEIV UNGDOM NORD-VESTLAND,920962629,SUNNFJORD,Vestland,"c/o Mathilde Helena Larsen Forsell, Grovene 12",6810,FØRDE,,brreg,https://data.brreg.no/enhetsregisteret/oppslag/enheter/920962629,"ungdomslag,bygdelag",2026-04-28
SKILBREI UNGDOMSSENTER AS,917815038,SUNNFJORD,Vestland,Skilbrei,6975,SKILBREI,,brreg,https://data.brreg.no/enhetsregisteret/oppslag/enheter/917815038,ungdomslag,2026-04-28
SOGN OG FJORDANE BYGDEKVINNELAG,976300718,SUNNFJORD,Vestland,Hafstadvegen 39,6800,FØRDE,https://www.bygdekvinnelaget.no/fylkeslag/sogn-og-fjordane-bygdekvinnelag,brreg,https://data.brreg.no/enhetsregisteret/oppslag/enheter/976300718,bygdelag,2026-04-28
SOGN OG FJORDANE UNGDOMSLAG,974805677,SUNNFJORD,Vestland,"c/o Hildegunn Risnes Gjelsvik, Eikåsmyrane 14",6847,VASSENDEN,https://www.soful.no,brreg,https://data.brreg.no/enhetsregisteret/oppslag/enheter/974805677,ungdomslag,2026-04-28
STARDALEN BYGDEKVINNELAG,930830690,SUNNFJORD,Vestland,"c/o Randi Flølo, Stardalen 1160",6843,SKEI I JØLSTER,,brreg,https://data.brreg.no/enhetsregisteret/oppslag/enheter/930830690,bygdelag,2026-04-28
SUNDE OG DVERGSDAL GRENDELAG,916113978,SUNNFJORD,Vestland,"Astrupvegen, Sunde",6843,SKEI I JØLSTER,,brreg,https://data.brreg.no/enhetsregisteret/oppslag/enheter/916113978,grendelag,2026-04-28
SUNNFJORD UNGDOMSKOR,926558188,SUNNFJORD,Vestland,Kyrkjevegen 23F,6809,FØRDE,,brreg,https://data.brreg.no/enhetsregisteret/oppslag/enheter/926558188,ungdomslag,2026-04-28
ULLALAND 4H,922717125,SUNNFJORD,Vestland,"c/o Norid Smådal, Naustedalen 649",6817,NAUSTDAL,,brreg,https://data.brreg.no/enhetsregisteret/oppslag/enheter/922717125,ungdomslag,2026-04-28
ULLTANG GRENDALAG,993756180,SUNNFJORD,Vestland,Ulltang,6815,FØRDE,,brreg,https://data.brreg.no/enhetsregisteret/oppslag/enheter/993756180,ungdomslag,2026-04-28
VIKSDALEN BYGDEKVINNELAG,922955069,SUNNFJORD,Vestland,"c/o Marianne Hoff, Gaularfjellsvegen 2252",6978,VIKSDALEN,,brreg,https://data.brreg.no/enhetsregisteret/oppslag/enheter/922955069,bygdelag,2026-04-28
VÅRVON UNGDOMSLAG,996807967,SUNNFJORD,Vestland,"c/o Johnny Solheimsnes, Jølstravegen 1092",6847,VASSENDEN,,brreg,https://data.brreg.no/enhetsregisteret/oppslag/enheter/996807967,ungdomslag,2026-04-28
ÅLHUS UNGDOMS-OG GRENDALAG,894007532,SUNNFJORD,Vestland,Ålhus,6847,VASSENDEN,,brreg,https://data.brreg.no/enhetsregisteret/oppslag/enheter/894007532,"ungdomslag,bygdelag",2026-04-28
ÅRDAL OG HELGHEIM BYGDEKVINNELAG,922042047,SUNNFJORD,Vestland,"c/o Jofrid Aardalsbakke Djupvik, Jølstravegen 2384",6843,SKEI I JØLSTER,,brreg,https://data.brreg.no/enhetsregisteret/oppslag/enheter/922042047,bygdelag,2026-04-28
ÅSE OG GRIMSET GRENDELAG,994943065,SUNNFJORD,Vestland,Åsedalsvegen 285,6817,NAUSTDAL,,brreg,https://data.brreg.no/enhetsregisteret/oppslag/enheter/994943065,grendelag,2026-04-28
AUKLANDSHAMN BYGDALAG,993839043,SVEIO,Vestland,,5551,AUKLANDSHAMN,https://www.auklandshamn.com,brreg,https://data.brreg.no/enhetsregisteret/oppslag/enheter/993839043,bygdelag,2026-04-28
BUA BYGDELAG,930179167,SVEIO,Vestland,"c/o Svein Olaf Bua, Buavegen 26",5550,SVEIO,,brreg,https://data.brreg.no/enhetsregisteret/oppslag/enheter/930179167,bygdelag,2026-04-28
BUA UNGDOMSLAG,893629432,SVEIO,Vestland,Gullvegen 1554,5550,SVEIO,,brreg,https://data.brreg.no/enhetsregisteret/oppslag/enheter/893629432,ungdomslag,2026-04-28
FØRDE BYGDALAG,882143392,SVEIO,Vestland,"c/o Tor Inge Flåten, Leirskarvegen 5",5555,FØRDE I HORDALAND,,brreg,https://data.brreg.no/enhetsregisteret/oppslag/enheter/882143392,bygdelag,2026-04-28
FØRDE UNGDOMSLAG,994240390,SVEIO,Vestland,"c/o /Linda Sæverhagen, Hjartåsvegen 35",5555,FØRDE I HORDALAND,,brreg,https://data.brreg.no/enhetsregisteret/oppslag/enheter/994240390,ungdomslag,2026-04-28
OA UNGDOMSLAG,913795121,SVEIO,Vestland,"v/ Mona Lervik, Hovdavegen 78",5555,FØRDE I HORDALAND,,brreg,https://data.brreg.no/enhetsregisteret/oppslag/enheter/913795121,ungdomslag,2026-04-28
SVEIO BYGDELAG,892591512,SVEIO,Vestland,,5550,SVEIO,,brreg,https://data.brreg.no/enhetsregisteret/oppslag/enheter/892591512,bygdelag,2026-04-28
VALESTRAND BYGDALAG,914391059,SVEIO,Vestland,"c/o Anne Lise Økland, Ulverakervegen 17",5554,VALEVÅG,,brreg,https://data.brreg.no/enhetsregisteret/oppslag/enheter/914391059,bygdelag,2026-04-28
VALESTRAND UNGDOMSLAG,911674580,SVEIO,Vestland,Tittelsnesvegen 735,5554,VALEVÅG,https://www.facebook.com/groups/107031202665912/,brreg,https://data.brreg.no/enhetsregisteret/oppslag/enheter/911674580,ungdomslag,2026-04-28
FLATRÅKER BYGDALAG,998169178,TYSNES,Vestland,"c/o Kjell Arild Lien, Eikene 25",5694,ONARHEIM,,brreg,https://data.brreg.no/enhetsregisteret/oppslag/enheter/998169178,bygdelag,2026-04-28
LUNDE BYGDALAG,914741343,TYSNES,Vestland,"c/o Øystein Flakke, Lynghaugane 43",5690,LUNDEGREND,,brreg,https://data.brreg.no/enhetsregisteret/oppslag/enheter/914741343,bygdelag,2026-04-28
LUNDE UNGDOMSLAG,920827713,TYSNES,Vestland,Vevatnevegen 50,5690,LUNDEGREND,,brreg,https://data.brreg.no/enhetsregisteret/oppslag/enheter/920827713,ungdomslag,2026-04-28
OPDAL UNGDOMSLAG,889859342,TYSNES,Vestland,,5685,UGGDAL,,brreg,https://data.brreg.no/enhetsregisteret/oppslag/enheter/889859342,ungdomslag,2026-04-28
REKSTEREN UNGDOMSLAG,913378989,TYSNES,Vestland,Bruntveit,5683,REKSTEREN,,brreg,https://data.brreg.no/enhetsregisteret/oppslag/enheter/913378989,ungdomslag,2026-04-28
SOLHEIMSDALEN GRENDELAG,913517792,TYSNES,Vestland,Solheimsdalen 197,5694,ONARHEIM,,brreg,https://data.brreg.no/enhetsregisteret/oppslag/enheter/913517792,grendelag,2026-04-28
TVEIT BYGDALAG,992507705,TYSNES,Vestland,,5693,ÅRBAKKA,,brreg,https://data.brreg.no/enhetsregisteret/oppslag/enheter/992507705,bygdelag,2026-04-28
TYSNES BYGDEKVINNELAG,912127702,TYSNES,Vestland,Øvre Gjerstad,5680,TYSNES,,brreg,https://data.brreg.no/enhetsregisteret/oppslag/enheter/912127702,bygdelag,2026-04-28
TYSNES UNGDOMSLAG,912483738,TYSNES,Vestland,Engjelsvegen 1,5680,TYSNES,,brreg,https://data.brreg.no/enhetsregisteret/oppslag/enheter/912483738,ungdomslag,2026-04-28
BAKKA OG BYGDA VELFORENING,928970353,ULLENSVANG,Vestland,"c/o Joakim Sørå, Eidesåsen 260",5750,ODDA,,brreg,https://data.brreg.no/enhetsregisteret/oppslag/enheter/928970353,bygdelag,2026-04-28
BRYSTKREFTFORENINGEN ULLENSVANG OG OMEGN,998186749,ULLENSVANG,Vestland,"c/o Gro Bakketun, Almenningsvegen 10",5750,ODDA,,brreg,https://data.brreg.no/enhetsregisteret/oppslag/enheter/998186749,ungdomslag,2026-04-28
BU OG RINGØY BYGDEKVINNELAG,920988202,ULLENSVANG,Vestland,"c/o Manuela Birgit Bjotveit, Kinsarvikvegen 1195",5780,KINSARVIK,,brreg,https://data.brreg.no/enhetsregisteret/oppslag/enheter/920988202,bygdelag,2026-04-28
BØRVE OG SEKSE BYGDEKVINNELAG,821529492,ULLENSVANG,Vestland,"c/o Ellen Christ Nydal Sekse, Ullensvangvegen 1786",5773,HOVLAND,,brreg,https://data.brreg.no/enhetsregisteret/oppslag/enheter/821529492,bygdelag,2026-04-28
EN HJELPENDE HÅND ODDA ULLENSVANG,932341867,ULLENSVANG,Vestland,Røldalsvegen 122,5750,ODDA,,brreg,https://data.brreg.no/enhetsregisteret/oppslag/enheter/932341867,ungdomslag,2026-04-28
ESPE BYGDEKVINNELAG,916774621,ULLENSVANG,Vestland,"Espe Grendahus, Espe",5773,HOVLAND,,brreg,https://data.brreg.no/enhetsregisteret/oppslag/enheter/916774621,bygdelag,2026-04-28
GRIMO BYGDEKVINNELAG,826614382,ULLENSVANG,Vestland,"c/o Solfrid Nordland, Årekolvegen 18",5777,GRIMO,,brreg,https://data.brreg.no/enhetsregisteret/oppslag/enheter/826614382,bygdelag,2026-04-28
HERAND BYGDELAG,880960202,ULLENSVANG,Vestland,"c/o Angunn Handegard Trå, Herandsvegen 507",5628,HERAND,,brreg,https://data.brreg.no/enhetsregisteret/oppslag/enheter/880960202,bygdelag,2026-04-28
INNVANDRERHJELPEN I ULLENSVANG,931545159,ULLENSVANG,Vestland,Røldalsvegen 35,5750,ODDA,,brreg,https://data.brreg.no/enhetsregisteret/oppslag/enheter/931545159,ungdomslag,2026-04-28
JONDAL BYGDALAG,998264669,ULLENSVANG,Vestland,"c/o Lill Brekke, Brekke 36",5627,JONDAL,,brreg,https://data.brreg.no/enhetsregisteret/oppslag/enheter/998264669,bygdelag,2026-04-28
JONDAL UNGDOMSLAG,993810665,ULLENSVANG,Vestland,"c/o Anne Karin Stormyr, Postboks 7",5629,JONDAL,https://www.jonsvoll.no,brreg,https://data.brreg.no/enhetsregisteret/oppslag/enheter/993810665,ungdomslag,2026-04-28
KINSARVIK BYGDEKVINNELAG,915390021,ULLENSVANG,Vestland,"c/o Inger Dyrnesli, Husevegen 46",5780,KINSARVIK,https://bygdekvinnelaget.no/lag/hordaland/kinsarvik,brreg,https://data.brreg.no/enhetsregisteret/oppslag/enheter/915390021,bygdelag,2026-04-28
KORSKULEN I ULLENSVANG,918279962,ULLENSVANG,Vestland,Kyrkjekontoret,5780,KINSARVIK,,brreg,https://data.brreg.no/enhetsregisteret/oppslag/enheter/918279962,ungdomslag,2026-04-28
KYSNESSTRAND UNGDOMSLAG,993929484,ULLENSVANG,Vestland,"Strandatun, Kysnesvegen 606",5626,KYSNESSTRAND,,brreg,https://data.brreg.no/enhetsregisteret/oppslag/enheter/993929484,ungdomslag,2026-04-28
LIONS CLUB ULLENSVANG,998386047,ULLENSVANG,Vestland,,5781,LOFTHUS,,brreg,https://data.brreg.no/enhetsregisteret/oppslag/enheter/998386047,ungdomslag,2026-04-28
LIVERBIRDS ULLENSVANG,926844768,ULLENSVANG,Vestland,"c/o Jarle Øvsthus, Eidesmoen 35",5750,ODDA,,brreg,https://data.brreg.no/enhetsregisteret/oppslag/enheter/926844768,ungdomslag,2026-04-28
NASJONALFORENINGEN ULLENSVANG DEMENSFORENING,929933788,ULLENSVANG,Vestland,Eidesbrotet 22,5750,ODDA,,brreg,https://data.brreg.no/enhetsregisteret/oppslag/enheter/929933788,ungdomslag,2026-04-28
NFU - ULLENSVANG OG KVAM LOKALLAG,894199202,ULLENSVANG,Vestland,Ragdevegen 38,5750,ODDA,,brreg,https://data.brreg.no/enhetsregisteret/oppslag/enheter/894199202,ungdomslag,2026-04-28
ODDA BYGDEKVINNELAG,918652280,ULLENSVANG,Vestland,"c/o Liv Solfrid Lono, Fjordavegen 988",5750,ODDA,,brreg,https://data.brreg.no/enhetsregisteret/oppslag/enheter/918652280,bygdelag,2026-04-28
ODDA UNGDOMSLAG,993754390,ULLENSVANG,Vestland,Skjelmhaugata 9,5750,ODDA,,brreg,https://data.brreg.no/enhetsregisteret/oppslag/enheter/993754390,ungdomslag,2026-04-28
ODDA/ULLENSVANG TURLAG,996801888,ULLENSVANG,Vestland,Kremarvegen 3,5750,ODDA,,brreg,https://data.brreg.no/enhetsregisteret/oppslag/enheter/996801888,ungdomslag,2026-04-28
PALESTINAKOMITEEN I NORGE - ULLENSVANG LOKALLAG,934570464,ULLENSVANG,Vestland,"c/o Erle Liliane Wesenlund, Hjøllotunet 7",5750,ODDA,,brreg,https://data.brreg.no/enhetsregisteret/oppslag/enheter/934570464,ungdomslag,2026-04-28
RØLDAL BYGDALAG,928189244,ULLENSVANG,Vestland,"c/o Tor Eivind Nybø, Odlandsvegen 38",5760,RØLDAL,,brreg,https://data.brreg.no/enhetsregisteret/oppslag/enheter/928189244,bygdelag,2026-04-28
RØLDAL UNGDOMSLAG,989332589,ULLENSVANG,Vestland,"c/o Sveinung Skavlid, Bergshagen 50",5760,RØLDAL,,brreg,https://data.brreg.no/enhetsregisteret/oppslag/enheter/989332589,ungdomslag,2026-04-28
SENIORUNIVERSITETET I ULLENSVANG,999275591,ULLENSVANG,Vestland,"c/o Amund Velure, Gamlevegen 148",5777,GRIMO,https://www.suodda.2gb.no,brreg,https://data.brreg.no/enhetsregisteret/oppslag/enheter/999275591,ungdomslag,2026-04-28
SKARE BYGDEKVINNELAG,999640478,ULLENSVANG,Vestland,"c/o Ingunn Løyning, Løyningsvegen 96",5763,SKARE,,brreg,https://data.brreg.no/enhetsregisteret/oppslag/enheter/999640478,bygdelag,2026-04-28
SKARE UNGDOMSLAG,993745928,ULLENSVANG,Vestland,Tjøreskarv 2,5763,SKARE,https://skareul.no,brreg,https://data.brreg.no/enhetsregisteret/oppslag/enheter/993745928,ungdomslag,2026-04-28
TORSNES UNGDOMSLAG,913354699,ULLENSVANG,Vestland,Torsnesvegen 162,5627,JONDAL,,brreg,https://data.brreg.no/enhetsregisteret/oppslag/enheter/913354699,ungdomslag,2026-04-28
ULLENSVANG AMATØRKULTURRÅD,920951244,ULLENSVANG,Vestland,"c/o Gunn Gravdal Elton, Reinena 14",5750,ODDA,,brreg,https://data.brreg.no/enhetsregisteret/oppslag/enheter/920951244,ungdomslag,2026-04-28
ULLENSVANG BONDE- OG SMÅBRUKARLAG,987547359,ULLENSVANG,Vestland,"c/o Sindre Johannes Taxt Måge, Fjordavegen 1305",5776,NÅ,,brreg,https://data.brreg.no/enhetsregisteret/oppslag/enheter/987547359,ungdomslag,2026-04-28
ULLENSVANG FOTOKLUBB,993947113,ULLENSVANG,Vestland,"c/o Odda Frivilligsentral, Opheimsgata 31",5750,ODDA,https://ullensvangfoto.no,brreg,https://data.brreg.no/enhetsregisteret/oppslag/enheter/993947113,ungdomslag,2026-04-28
ULLENSVANG HUNDEKLUBB,921580916,ULLENSVANG,Vestland,Opovegen 25,5750,ODDA,,brreg,https://data.brreg.no/enhetsregisteret/oppslag/enheter/921580916,ungdomslag,2026-04-28
ULLENSVANG JAKT OG FISKELAG,915198376,ULLENSVANG,Vestland,"c/o John Roger Jåstad, Legene 16",5781,LOFTHUS,,brreg,https://data.brreg.no/enhetsregisteret/oppslag/enheter/915198376,ungdomslag,2026-04-28
ULLENSVANG LAGSARKIV,916347944,ULLENSVANG,Vestland,"c/o Erlend Trones, Stryteberg 2",5781,LOFTHUS,,brreg,https://data.brreg.no/enhetsregisteret/oppslag/enheter/916347944,ungdomslag,2026-04-28
ULLENSVANG MÅLLAG,883259432,ULLENSVANG,Vestland,Seksevegen 84,5773,HOVLAND,,brreg,https://data.brreg.no/enhetsregisteret/oppslag/enheter/883259432,ungdomslag,2026-04-28
ULLENSVANG NÆRINGSRÅD,827029882,ULLENSVANG,Vestland,Smelteverket 57,5750,ODDA,,brreg,https://data.brreg.no/enhetsregisteret/oppslag/enheter/827029882,ungdomslag,2026-04-28
ULLENSVANG SKULEMUSIKKLAG,971523255,ULLENSVANG,Vestland,"c/o Kristin Lothe, Hellelandsvegen 196",5781,LOFTHUS,,brreg,https://data.brreg.no/enhetsregisteret/oppslag/enheter/971523255,ungdomslag,2026-04-28
ULLENSVANG SKYTTARLAG,987574321,ULLENSVANG,Vestland,"c/o Trond Tandberg, Broto 15",5780,KINSARVIK,,brreg,https://data.brreg.no/enhetsregisteret/oppslag/enheter/987574321,ungdomslag,2026-04-28
ULLENSVANG SV,925455350,ULLENSVANG,Vestland,"c/o Steinar Sæther, Røldalsvegen 123A",5750,ODDA,,brreg,https://data.brreg.no/enhetsregisteret/oppslag/enheter/925455350,ungdomslag,2026-04-28
ULLENSVANG UNGDOMSLAG,987594888,ULLENSVANG,Vestland,"c/o Gunn-Karin Vik, Klokkargarden 31",5781,LOFTHUS,,brreg,https://data.brreg.no/enhetsregisteret/oppslag/enheter/987594888,ungdomslag,2026-04-28
VIKEBYGD OG AGA BYGDEKVINNELAG,918720731,ULLENSVANG,Vestland,"c/o Åse-Marie Reisæter, Reisetevegen 122",5776,NÅ,,brreg,https://data.brreg.no/enhetsregisteret/oppslag/enheter/918720731,bygdelag,2026-04-28
VINES BYGDELAG,987740973,ULLENSVANG,Vestland,"c/o Janneke Johansen, Fjordavegen 4973",5778,UTNE,,brreg,https://data.brreg.no/enhetsregisteret/oppslag/enheter/987740973,bygdelag,2026-04-28
ULVIK BYGDEKVINNELAG,986642099,ULVIK,Vestland,"c/o Asa Gunnarsdottir, Hjeltnesvegen 109",5730,ULVIK,,brreg,https://data.brreg.no/enhetsregisteret/oppslag/enheter/986642099,bygdelag,2026-04-28
ULVIK UNGDOMSLAG,920977448,ULVIK,Vestland,"c/o Anne-Marie Øydvin, Øydvevegen 25",5730,ULVIK,,brreg,https://data.brreg.no/enhetsregisteret/oppslag/enheter/920977448,ungdomslag,2026-04-28
BERGSDALEN BYGDELAG,923640231,VAKSDAL,Vestland,Bergsdalsvegen 1076,5722,DALEKVAM,,brreg,https://data.brreg.no/enhetsregisteret/oppslag/enheter/923640231,bygdelag,2026-04-28
BERGSDALEN UNGDOMSLAG,999138640,VAKSDAL,Vestland,Bergsdalen,5722,DALEKVAM,,brreg,https://data.brreg.no/enhetsregisteret/oppslag/enheter/999138640,ungdomslag,2026-04-28
DALE UNGDOMSKLUBB,914939801,VAKSDAL,Vestland,Ragnar Doggergata 4,5722,DALEKVAM,,brreg,https://data.brreg.no/enhetsregisteret/oppslag/enheter/914939801,ungdomslag,2026-04-28
STAMNES BYGDALAG,982820979,VAKSDAL,Vestland,"C/O Erling Stamnes, Vikavegen 76",5727,STAMNES,,brreg,https://data.brreg.no/enhetsregisteret/oppslag/enheter/982820979,bygdelag,2026-04-28
STANGHELLE UNGDOMSKLUBB,993876313,VAKSDAL,Vestland,Konsul Jebsensgata 16,5722,DALEKVAM,,brreg,https://data.brreg.no/enhetsregisteret/oppslag/enheter/993876313,ungdomslag,2026-04-28
STRAUME UNGDOMSHUS,998366046,VAKSDAL,Vestland,Bolstadstraumen,5727,STAMNES,,brreg,https://data.brreg.no/enhetsregisteret/oppslag/enheter/998366046,ungdomslag,2026-04-28
VAKSDAL BARNE- OG UNGDOMSKORPS,993760277,VAKSDAL,Vestland,"v/ Terje Pedersen, Oterstadneset 14",5727,STAMNES,,brreg,https://data.brreg.no/enhetsregisteret/oppslag/enheter/993760277,ungdomslag,2026-04-28
VAKSDAL UNGDOMSKLUBB,812069772,VAKSDAL,Vestland,Jamne 35,5725,VAKSDAL,,brreg,https://data.brreg.no/enhetsregisteret/oppslag/enheter/812069772,ungdomslag,2026-04-28
FEIOS BYGDALAG,994295942,VIK,Vestland,Feios,6895,FEIOS,https://www.feios.net,brreg,https://data.brreg.no/enhetsregisteret/oppslag/enheter/994295942,bygdelag,2026-04-28
FEIOS UNGDOMSLAG,911942828,VIK,Vestland,"c/o Ole Johnny Feidje, Feiosvegen 488",6895,FEIOS,,brreg,https://data.brreg.no/enhetsregisteret/oppslag/enheter/911942828,ungdomslag,2026-04-28
FRAMFJORD UNGDOMSLAG,928136337,VIK,Vestland,"c/o Marit Irene Lunde, Fjordavegen 1868",6893,VIK I SOGN,https://www.facebook.com/Framfjord-ungdomslag-108129914997256,brreg,https://data.brreg.no/enhetsregisteret/oppslag/enheter/928136337,ungdomslag,2026-04-28
FRESVIK BYGDELAG,992421037,VIK,Vestland,"c/o Christian Nikita Valsvik, Åsavegen 78",6896,FRESVIK,,brreg,https://data.brreg.no/enhetsregisteret/oppslag/enheter/992421037,bygdelag,2026-04-28
FRESVIK UNGDOMSLAG,822136702,VIK,Vestland,Storevegen 27,6896,FRESVIK,,brreg,https://data.brreg.no/enhetsregisteret/oppslag/enheter/822136702,ungdomslag,2026-04-28
VANGSNES BYGDALAG,986462066,VIK,Vestland,,6894,VANGSNES,,brreg,https://data.brreg.no/enhetsregisteret/oppslag/enheter/986462066,bygdelag,2026-04-28
VIK BYGDEKVINNELAG,922653364,VIK,Vestland,Vangsvegen 20,6893,VIK I SOGN,https://www.bygdekvinnelaget.no,brreg,https://data.brreg.no/enhetsregisteret/oppslag/enheter/922653364,bygdelag,2026-04-28
VIK UNGDOMSLAG,974915928,VIK,Vestland,Sentrumsgata 72,6893,VIK I SOGN,,brreg,https://data.brreg.no/enhetsregisteret/oppslag/enheter/974915928,ungdomslag,2026-04-28
BJØRGUM BYGDEKVINNELAG,922129037,VOSS,Vestland,"c/o Liv Sekse, Istadvegen 69",5709,VOSS,,brreg,https://data.brreg.no/enhetsregisteret/oppslag/enheter/922129037,bygdelag,2026-04-28
BJØRGUM UNGDOMSLAG,994444255,VOSS,Vestland,Tymbrålen 21,5709,VOSS,,brreg,https://data.brreg.no/enhetsregisteret/oppslag/enheter/994444255,ungdomslag,2026-04-28
BOLSTADØYRI UNGDOMSLAG,893131612,VOSS,Vestland,Øyravegen 38,5723,BOLSTADØYRI,,brreg,https://data.brreg.no/enhetsregisteret/oppslag/enheter/893131612,ungdomslag,2026-04-28
BORDALEN UNGDOMSLAG,994059033,VOSS,Vestland,"Hovdatun, Bjørnshovden 6",5708,VOSS,,brreg,https://data.brreg.no/enhetsregisteret/oppslag/enheter/994059033,ungdomslag,2026-04-28
BULKEN UNGDOMSLAG,983607942,VOSS,Vestland,Vestbygdvegen 11,5708,VOSS,https://www.bulkenul.no,brreg,https://data.brreg.no/enhetsregisteret/oppslag/enheter/983607942,ungdomslag,2026-04-28
EGDETVEIT OG VINJE BYGDEKVINNELAG,915583369,VOSS,Vestland,Holbygdvegen 339,5713,VOSSESTRAND,,brreg,https://data.brreg.no/enhetsregisteret/oppslag/enheter/915583369,bygdelag,2026-04-28
EGDETVEIT UNGDOMSLAG,917805571,VOSS,Vestland,Holbygdvegen 397,5713,VOSSESTRAND,,brreg,https://data.brreg.no/enhetsregisteret/oppslag/enheter/917805571,ungdomslag,2026-04-28
FOLKEDAL UNGDOMSLAG FUL,913366026,VOSS,Vestland,"c/o Kristin Folkedal, Hardangervegen 3206",5736,GRANVIN,,brreg,https://data.brreg.no/enhetsregisteret/oppslag/enheter/913366026,ungdomslag,2026-04-28
GRANVIN UNGDOMSLAG,993607401,VOSS,Vestland,"c/o Trudvang ungdomshus, Hardangervegen 2507",5736,GRANVIN,https://granvinungdomslag.no/,brreg,https://data.brreg.no/enhetsregisteret/oppslag/enheter/993607401,ungdomslag,2026-04-28
HAUGE UNGDOMSLAG,893501002,VOSS,Vestland,Haugsvikvegen 23,5713,VOSSESTRAND,https://hauge.ungdomslag.org,brreg,https://data.brreg.no/enhetsregisteret/oppslag/enheter/893501002,ungdomslag,2026-04-28
HORDALAND BYGDEKVINNELAG,986343709,VOSS,Vestland,"c/o Liv Kolskår, Bjørgavegen 150",5709,VOSS,https://www.hordalandbygdekvinnelag.no,brreg,https://data.brreg.no/enhetsregisteret/oppslag/enheter/986343709,bygdelag,2026-04-28
KLØVE UNGDOMSLAG,817841902,VOSS,Vestland,Kytesvegen 482,5706,VOSS,,brreg,https://data.brreg.no/enhetsregisteret/oppslag/enheter/817841902,ungdomslag,2026-04-28
MYRKDALEN BYGDEKVINNELAG,915866158,VOSS,Vestland,"c/o Anne Marit Skjervheim, Skjervheimsvegen 39",5713,VOSSESTRAND,,brreg,https://data.brreg.no/enhetsregisteret/oppslag/enheter/915866158,bygdelag,2026-04-28
MYRKDALEN UNGDOMSLAG,816156262,VOSS,Vestland,Myrkdalsvegen 629,5713,VOSSESTRAND,,brreg,https://data.brreg.no/enhetsregisteret/oppslag/enheter/816156262,ungdomslag,2026-04-28
OPPHEIM UNGDOMSLAG,915524001,VOSS,Vestland,Bidnesvegen 1,5713,VOSSESTRAND,https://www.facebook.com/oppumlag,brreg,https://data.brreg.no/enhetsregisteret/oppslag/enheter/915524001,ungdomslag,2026-04-28
RAUNDALEN UNGDOMSLAG,931851977,VOSS,Vestland,Raundalsvegen 978,5706,VOSS,,brreg,https://data.brreg.no/enhetsregisteret/oppslag/enheter/931851977,ungdomslag,2026-04-28
UNGBJØRK UNGDOMSLAG,993849391,VOSS,Vestland,Teigdalsvegen 857,5707,EVANGER,https://www.ungbjork.com,brreg,https://data.brreg.no/enhetsregisteret/oppslag/enheter/993849391,ungdomslag,2026-04-28
VOSS BYGDEKVINNELAG,986166807,VOSS,Vestland,"c/o Sør-Vest Rekneskap, Selheim",5706,VOSS,https://bygdekvinnelaget.no,brreg,https://data.brreg.no/enhetsregisteret/oppslag/enheter/986166807,bygdelag,2026-04-28
VOSS UNGDOMSLAG,971357916,VOSS,Vestland,"c/o Beathe Dalatun, Fitjavegen 41",5710,SKULESTADMO,,brreg,https://data.brreg.no/enhetsregisteret/oppslag/enheter/971357916,ungdomslag,2026-04-28
FARNES UNGDOMSLAG,959435464,ÅRDAL,Vestland,Storevegen 37,6884,ØVRE ÅRDAL,,brreg,https://data.brreg.no/enhetsregisteret/oppslag/enheter/959435464,ungdomslag,2026-04-28
SEIMSDAL UNGDOMSLAG,994708759,ÅRDAL,Vestland,Haugahaugen 14,6885,ÅRDALSTANGEN,,brreg,https://data.brreg.no/enhetsregisteret/oppslag/enheter/994708759,ungdomslag,2026-04-28
VIKADALEN UNGDOMSLAG,912100847,ÅRDAL,Vestland,Hovlandsvegen 11,6885,ÅRDALSTANGEN,,brreg,https://data.brreg.no/enhetsregisteret/oppslag/enheter/912100847,ungdomslag,2026-04-28
ALGRØY BYGDALAG,998406765,ØYGARDEN,Vestland,Nordre Øyavegen 271,5357,FJELL,https://www.bygdalaget.no,brreg,https://data.brreg.no/enhetsregisteret/oppslag/enheter/998406765,bygdelag,2026-04-28
BRUNSTAD UNGDOMSKLUBB BERGEN,917686394,ØYGARDEN,Vestland,Austefjordsvegen 194,5379,STEINSLAND,,brreg,https://data.brreg.no/enhetsregisteret/oppslag/enheter/917686394,ungdomslag,2026-04-28
GLESNES UNGDOMS OG IDRETTSLAG,993760579,ØYGARDEN,Vestland,Glesnesvegen 415,5381,GLESVÆR,https://www.glesnesungdomslag.no,brreg,https://data.brreg.no/enhetsregisteret/oppslag/enheter/993760579,"ungdomslag,bygdelag",2026-04-28
MISJE BYGDALAG,899648102,ØYGARDEN,Vestland,"c/o Hege Misje, Nordre Storhaugen 7",5366,MISJE,,brreg,https://data.brreg.no/enhetsregisteret/oppslag/enheter/899648102,bygdelag,2026-04-28
SKOGSVÅG UNGDOMSLAG,993956767,ØYGARDEN,Vestland,"c/o Trine Audsdotter Gjelsvik, Sangoltsvegen 14",5382,SKOGSVÅG,,brreg,https://data.brreg.no/enhetsregisteret/oppslag/enheter/993956767,ungdomslag,2026-04-28
STRANDA UNGDOMSLAG,913645235,ØYGARDEN,Vestland,Ungdomshuset på Steinsland,5379,STEINSLAND,,brreg,https://data.brreg.no/enhetsregisteret/oppslag/enheter/913645235,ungdomslag,2026-04-28
STRANDATUNET BYGDALAG,918683194,ØYGARDEN,Vestland,"c/o Christel Brown, Nedre Bakka 6",5379,STEINSLAND,,brreg,https://data.brreg.no/enhetsregisteret/oppslag/enheter/918683194,bygdelag,2026-04-28
TOFTERØY BYGDALAG,985167699,ØYGARDEN,Vestland,"c/o Andreas Trellevik, Storsteinane 22A",5379,STEINSLAND,,brreg,https://data.brreg.no/enhetsregisteret/oppslag/enheter/985167699,bygdelag,2026-04-28
UNGDOMS- OG IDRETTSLAGET STØLEN,891525362,ØYGARDEN,Vestland,Nautnes,5336,TJELDSTØ,https://www.freewebs.com/ulstolen,brreg,https://data.brreg.no/enhetsregisteret/oppslag/enheter/891525362,"ungdomslag,bygdelag",2026-04-28
VIK GRENDELAG,998374855,ØYGARDEN,Vestland,Vik,5337,RONG,,brreg,https://data.brreg.no/enhetsregisteret/oppslag/enheter/998374855,grendelag,2026-04-28
AREMARK BYGDEKVINNELAG,996474925,AREMARK,Østfold,"c/o Nina Aasly, Aremarkveien 1767",1798,AREMARK,,brreg,https://data.brreg.no/enhetsregisteret/oppslag/enheter/996474925,bygdelag,2026-04-28
BARNE- OG UNGDOMSKORET TONEKLANG,886676212,FREDRIKSTAD,Østfold,"c/o Elin Jensen, Høddalen 16",1614,FREDRIKSTAD,https://www.facebook.com/Toneklang,brreg,https://data.brreg.no/enhetsregisteret/oppslag/enheter/886676212,ungdomslag,2026-04-28
BORGE BYGDEKVINNELAG,916506945,FREDRIKSTAD,Østfold,"c/o Mona Porsmyr, Haldenveien 94",1655,SELLEBAKK,,brreg,https://data.brreg.no/enhetsregisteret/oppslag/enheter/916506945,bygdelag,2026-04-28
BRUNSTAD UNGDOMSKLUBB ØSTFOLD,922118469,FREDRIKSTAD,Østfold,"c/o Sharon Greco, Blåveisveien 9A",1659,TORP,,brreg,https://data.brreg.no/enhetsregisteret/oppslag/enheter/922118469,ungdomslag,2026-04-28
EIDSIVA FYLKESLAG AV NOREGS UNGDOMSLAG,915489001,FREDRIKSTAD,Østfold,"c/o Hans Martin Stabbetorp, Rekustadveien 8",1665,ROLVSØY,,brreg,https://data.brreg.no/enhetsregisteret/oppslag/enheter/915489001,ungdomslag,2026-04-28
FREDRIKSTAD BARNE OG UNGDOMSTEATER,991939482,FREDRIKSTAD,Østfold,St.Croix gate 16,1607,FREDRIKSTAD,,brreg,https://data.brreg.no/enhetsregisteret/oppslag/enheter/991939482,ungdomslag,2026-04-28
FREDRIKSTAD SCHAKSELSKAP UNGDOM,922090769,FREDRIKSTAD,Østfold,"c/o Erling Strand, Langøyåsen 17",1679,KRÅKERØY,,brreg,https://data.brreg.no/enhetsregisteret/oppslag/enheter/922090769,"ungdomslag,bygdelag",2026-04-28
GLEMMEN BYGDEKVINNELAG,994074253,FREDRIKSTAD,Østfold,Veumveien 93,1613,FREDRIKSTAD,,brreg,https://data.brreg.no/enhetsregisteret/oppslag/enheter/994074253,bygdelag,2026-04-28
KRÅKERØY UNGDOMSKLUBB,917671567,FREDRIKSTAD,Østfold,"c/o Nathalie Larsen Kristiansen, Bergstien 3",1673,KRÅKERØY,,brreg,https://data.brreg.no/enhetsregisteret/oppslag/enheter/917671567,ungdomslag,2026-04-28
MENTAL HELSE UNGDOM FREDRIKSTAD,927970007,FREDRIKSTAD,Østfold,"c/o Jonas Benning Ziyar, Skjellveien 4",1619,FREDRIKSTAD,,brreg,https://data.brreg.no/enhetsregisteret/oppslag/enheter/927970007,"ungdomslag,bygdelag",2026-04-28
ONSØY BYGDEKVINNELAG,911728222,FREDRIKSTAD,Østfold,"C/o June G. Vallestrand, Vallestrandveien 8",1626,MANSTAD,,brreg,https://data.brreg.no/enhetsregisteret/oppslag/enheter/911728222,bygdelag,2026-04-28
REGIONALT UNGDOMSKOR SØR-AUST,821563712,FREDRIKSTAD,Østfold,Riisløkka 32A,1614,FREDRIKSTAD,,brreg,https://data.brreg.no/enhetsregisteret/oppslag/enheter/821563712,ungdomslag,2026-04-28
TORSNES BYGDEKVINNELAG,916276400,FREDRIKSTAD,Østfold,,1634,GAMLE FREDRIKSTAD,,brreg,https://data.brreg.no/enhetsregisteret/oppslag/enheter/916276400,bygdelag,2026-04-28
TRYGGERE UNGDOM NEDRE GLOMMA,930593265,FREDRIKSTAD,Østfold,"c/o Ingerid Martinsen, Lisleby allé 70A",1619,FREDRIKSTAD,,brreg,https://data.brreg.no/enhetsregisteret/oppslag/enheter/930593265,"ungdomslag,bygdelag",2026-04-28
UNGDOM MOT ALKOHOLISME,917509875,FREDRIKSTAD,Østfold,"c/o Rory Thomas Plunkett, Sletteveien 28",1617,FREDRIKSTAD,,brreg,https://data.brreg.no/enhetsregisteret/oppslag/enheter/917509875,"ungdomslag,bygdelag",2026-04-28
UNGDOMSKORET CANTO,912375005,FREDRIKSTAD,Østfold,"Rolvsøy menighet, Kirkeveien 50",1666,ROLVSØY,,brreg,https://data.brreg.no/enhetsregisteret/oppslag/enheter/912375005,ungdomslag,2026-04-28
VESTBYGDA BARNE -OG UNGDOMSKOR,916633823,FREDRIKSTAD,Østfold,"c/o Morten Gjerløw Larsen, Johnseveien 7",1628,ENGELSVIKEN,,brreg,https://data.brreg.no/enhetsregisteret/oppslag/enheter/916633823,ungdomslag,2026-04-28
VINDELEKA BARNE- OG UNGDOMSTEATER,891152272,FREDRIKSTAD,Østfold,"St. Croix huset, St.Croix gate 16",1607,FREDRIKSTAD,https://www.vindeleka.no,brreg,https://data.brreg.no/enhetsregisteret/oppslag/enheter/891152272,ungdomslag,2026-04-28
BERG BYGDEKVINNELAG,915205410,HALDEN,Østfold,Nordbyveien 252,1763,HALDEN,,brreg,https://data.brreg.no/enhetsregisteret/oppslag/enheter/915205410,bygdelag,2026-04-28
BYGDEBORG VELFORENING,929987454,HALDEN,Østfold,"c/o Annette Skredderstuen, Nordliveien 2",1793,TISTEDAL,,brreg,https://data.brreg.no/enhetsregisteret/oppslag/enheter/929987454,bygdelag,2026-04-28
BYGDEKORET,933426130,HALDEN,Østfold,"c/o Rachel Lørum, Bokerødveien 461",1796,KORNSJØ,,brreg,https://data.brreg.no/enhetsregisteret/oppslag/enheter/933426130,bygdelag,2026-04-28
HALDEN BARNE- OG UNGDOMSKOR,925559156,HALDEN,Østfold,"4. etg, Os allé 13",1777,HALDEN,,brreg,https://data.brreg.no/enhetsregisteret/oppslag/enheter/925559156,ungdomslag,2026-04-28
IDD OG ENNINGDALEN BYGDEKVINNELAG,871247072,HALDEN,Østfold,Folkeseth Øvre,1765,HALDEN,,brreg,https://data.brreg.no/enhetsregisteret/oppslag/enheter/871247072,bygdelag,2026-04-28
PRIDE PÅ GRENSEN,832225452,HALDEN,Østfold,B R A veien 37,1782,HALDEN,https://www.pridepagrensen.no,brreg,https://data.brreg.no/enhetsregisteret/oppslag/enheter/832225452,grendelag,2026-04-28
ROKKE BYGDELAG,988520462,HALDEN,Østfold,Rokkeveien 739,1763,HALDEN,https://www.rokketunet.no,brreg,https://data.brreg.no/enhetsregisteret/oppslag/enheter/988520462,bygdelag,2026-04-28
TORPEDAL BYGDELAG,919928050,HALDEN,Østfold,Håkenbyveien 431,1764,HALDEN,,brreg,https://data.brreg.no/enhetsregisteret/oppslag/enheter/919928050,bygdelag,2026-04-28
TORPEDAL OG ASAK BYGDEKVINNELAG,814443442,HALDEN,Østfold,"c/o Kirsten Saxvik Hatlem, Seljevikveien 9",1764,HALDEN,,brreg,https://data.brreg.no/enhetsregisteret/oppslag/enheter/814443442,bygdelag,2026-04-28
BARNE- OG UNGDOMSGRUPPA MYRVOLD FERIEHJEM,927473232,HVALER,Østfold,Lønsvikveien 51,1684,VESTERØY,,brreg,https://data.brreg.no/enhetsregisteret/oppslag/enheter/927473232,ungdomslag,2026-04-28
HVALER UNGDOMSLAG,979565240,HVALER,Østfold,Kjølholtveien 95,1680,SKJÆRHALDEN,https://rovehuset.com,brreg,https://data.brreg.no/enhetsregisteret/oppslag/enheter/979565240,ungdomslag,2026-04-28
KIRKEØY GRENDEHUS,918712089,HVALER,Østfold,"c/o  Christine Svanekil Elvestad, Botneveien 10",1680,SKJÆRHALDEN,,brreg,https://data.brreg.no/enhetsregisteret/oppslag/enheter/918712089,grendelag,2026-04-28
STORMMUSFJELLET GRENDELAG,916224338,HVALER,Østfold,"c/o Egil Brynjulf Rambøl, Stormmusbrinken 14",1684,VESTERØY,,brreg,https://data.brreg.no/enhetsregisteret/oppslag/enheter/916224338,grendelag,2026-04-28
ASKIM BYGDEKVINNELAG,988944122,INDRE ØSTFOLD,Østfold,"c/o Ingunn Gåseidnes Johnsen, Nygårdsveien 28",1814,ASKIM,https://www.bygdekvinnelaget.no,brreg,https://data.brreg.no/enhetsregisteret/oppslag/enheter/988944122,bygdelag,2026-04-28
BLANDA SMÅGODT BARNE- OG UNGDOMSTEATER,987658622,INDRE ØSTFOLD,Østfold,Henstad Alle 1,1830,ASKIM,,brreg,https://data.brreg.no/enhetsregisteret/oppslag/enheter/987658622,ungdomslag,2026-04-28
EIDSBERG BYGDEKOR,971252391,INDRE ØSTFOLD,Østfold,"c/o Ranveig Hansen, Korterudbakken 3",1850,MYSEN,,brreg,https://data.brreg.no/enhetsregisteret/oppslag/enheter/971252391,bygdelag,2026-04-28
FRØYS GRENDELAG,915772544,INDRE ØSTFOLD,Østfold,"c/o Vidosava Stepanov, Frøys vei 24",1811,ASKIM,,brreg,https://data.brreg.no/enhetsregisteret/oppslag/enheter/915772544,grendelag,2026-04-28
FURUBERGET GRENDEHUS,912069907,INDRE ØSTFOLD,Østfold,Mørkfossveien 74,1860,TRØGSTAD,,brreg,https://data.brreg.no/enhetsregisteret/oppslag/enheter/912069907,grendelag,2026-04-28
HEEN BYGDEKVINNELAG,821580102,INDRE ØSTFOLD,Østfold,"c/o Marianne Ørka Hansen, Rakkestadveien 1283",1880,EIDSBERG,,brreg,https://data.brreg.no/enhetsregisteret/oppslag/enheter/821580102,bygdelag,2026-04-28
HOBØL BARNE OG UNGDOMSTEATER,999056164,INDRE ØSTFOLD,Østfold,"c/o Grete Årbu, Furuveien 21",1825,TOMTER,,brreg,https://data.brreg.no/enhetsregisteret/oppslag/enheter/999056164,ungdomslag,2026-04-28
HÆRLAND BYGDEKVINNELAG,917285047,INDRE ØSTFOLD,Østfold,"c/o Inger P. Homstvedt, Homstvedtveien 12",1852,MYSEN,,brreg,https://data.brreg.no/enhetsregisteret/oppslag/enheter/917285047,bygdelag,2026-04-28
INDRE ØSTFOLD FREMSKRITTSPARTIETS UNGDOM,996373991,INDRE ØSTFOLD,Østfold,"c/o Jon Sebastian Havstein, Vårveien 7",1809,ASKIM,https://www.fpu.no,brreg,https://data.brreg.no/enhetsregisteret/oppslag/enheter/996373991,"ungdomslag,bygdelag",2026-04-28
KIRKEBY GRENDEHUS,999332137,INDRE ØSTFOLD,Østfold,Folkenborgveien 483,1880,EIDSBERG,https://www.kirkebygrendehus.no,brreg,https://data.brreg.no/enhetsregisteret/oppslag/enheter/999332137,grendelag,2026-04-28
KRAFTVERKETS BARNE OG UNGDOMSARBEID,929718240,INDRE ØSTFOLD,Østfold,"c/o Menigheten Kraftverket, Slituveien 467",1859,SLITU,,brreg,https://data.brreg.no/enhetsregisteret/oppslag/enheter/929718240,ungdomslag,2026-04-28
SKIPTVET BYGDEKVINNELAG,994915568,INDRE ØSTFOLD,Østfold,"c/o Beate Hovin, Trippestadlia 25D",1812,ASKIM,,brreg,https://data.brreg.no/enhetsregisteret/oppslag/enheter/994915568,bygdelag,2026-04-28
SPYDEBERG BYGDEKVINNELAG,818121202,INDRE ØSTFOLD,Østfold,"c/o Torunn Kallum Bendtsen, Ligotveien 82",1821,SPYDEBERG,https://www.bygdekvinnelaget.no,brreg,https://data.brreg.no/enhetsregisteret/oppslag/enheter/818121202,bygdelag,2026-04-28
TOMTER BYGDEKVINNELAG,915628214,INDRE ØSTFOLD,Østfold,"c/o Ellen Bisseberg Brødholt, Nordhusstykket 5",1825,TOMTER,,brreg,https://data.brreg.no/enhetsregisteret/oppslag/enheter/915628214,bygdelag,2026-04-28
TRØGSTAD BYGDEKVINNELAG,915787177,INDRE ØSTFOLD,Østfold,"c/o Ellen Løchen Børresen, Skramrudåsen 35",1860,TRØGSTAD,,brreg,https://data.brreg.no/enhetsregisteret/oppslag/enheter/915787177,bygdelag,2026-04-28
TRØGSTAD BYGDEMUSEUM STI,975478335,INDRE ØSTFOLD,Østfold,Kirkeveien 1,1860,TRØGSTAD,,brreg,https://data.brreg.no/enhetsregisteret/oppslag/enheter/975478335,bygdelag,2026-04-28
TRØMBORG BYGDEKVINNELAG,922157332,INDRE ØSTFOLD,Østfold,"c/o Anne Mustorp Bjerkehagen, Brattfossveien 62",1880,EIDSBERG,,brreg,https://data.brreg.no/enhetsregisteret/oppslag/enheter/922157332,bygdelag,2026-04-28
UNGDOMSSENTERET NLM SPYDEBERG,918064923,INDRE ØSTFOLD,Østfold,Griniveien 23,1820,SPYDEBERG,https://ungdomssenteret.no,brreg,https://data.brreg.no/enhetsregisteret/oppslag/enheter/918064923,ungdomslag,2026-04-28
YTRE HOBØL BYGDEKVINNELAG,919306580,INDRE ØSTFOLD,Østfold,"c/o Anne Eva Bjerke, Eventyrveien 34",1827,HOBØL,https://www.bygdekvinnelaget.no,brreg,https://data.brreg.no/enhetsregisteret/oppslag/enheter/919306580,bygdelag,2026-04-28
ØSTFOLD BYGDEKVINNELAG,984753888,INDRE ØSTFOLD,Østfold,Løkenveien 4,1811,ASKIM,,brreg,https://data.brreg.no/enhetsregisteret/oppslag/enheter/984753888,bygdelag,2026-04-28
ØSTRE LINJE UNGDOMSTEATER,995622009,INDRE ØSTFOLD,Østfold,"c/o Hanne Blekken, Mørkveien 146",1821,SPYDEBERG,,brreg,https://data.brreg.no/enhetsregisteret/oppslag/enheter/995622009,ungdomslag,2026-04-28
ØVRE HOBØL BYGDEKVINNELAG,918109846,INDRE ØSTFOLD,Østfold,"c/o Solveig Hoff Harbek, Jervefaret 5",1823,KNAPSTAD,,brreg,https://data.brreg.no/enhetsregisteret/oppslag/enheter/918109846,bygdelag,2026-04-28
MARKER BYGDEKVINNELAG,921685890,MARKER,Østfold,"c/o Ann-Cathrin Morteng, Sandtorpveien 191",1870,ØRJE,,brreg,https://data.brreg.no/enhetsregisteret/oppslag/enheter/921685890,bygdelag,2026-04-28
ØYMARK BYGDEKVINNELAG,918929533,MARKER,Østfold,"c/o Kristin Bjerke, Haldenveien 587",1870,ØRJE,,brreg,https://data.brreg.no/enhetsregisteret/oppslag/enheter/918929533,bygdelag,2026-04-28
ANJMAN FLAH UL-MUSLEMIN,971249544,MOSS,Østfold,Vogts gate 7,1532,MOSS,,brreg,https://data.brreg.no/enhetsregisteret/oppslag/enheter/971249544,ungdomslag,2026-04-28
BELLEVUE GRENDELAG,915896189,MOSS,Østfold,"c/o Hans-Einar Rustøy Hansen, Anna Hagmans gate 3C",1511,MOSS,,brreg,https://data.brreg.no/enhetsregisteret/oppslag/enheter/915896189,grendelag,2026-04-28
BRUNSTAD UNGDOMSKLUBB,913669479,MOSS,Østfold,Vålerveien 159,1599,MOSS,,brreg,https://data.brreg.no/enhetsregisteret/oppslag/enheter/913669479,ungdomslag,2026-04-28
JELØY KIRKES BARNE OG UNGDOMSKOR,995884429,MOSS,Østfold,"Jeløy kirke, Per Sivles vei 3A",1511,MOSS,,brreg,https://data.brreg.no/enhetsregisteret/oppslag/enheter/995884429,ungdomslag,2026-04-28
LIBERALISTISK UNGDOM ØSTFOLD,918444572,MOSS,Østfold,"C/O David Andreas Stien, Hans Nielsen Hauges vei 68B",1523,MOSS,https://libung.no,brreg,https://data.brreg.no/enhetsregisteret/oppslag/enheter/918444572,"ungdomslag,bygdelag",2026-04-28
MOSS KIRKES BARN OG UNGDOMSKOR,918688781,MOSS,Østfold,"c/o David Hammer, Ringveien 21",1524,MOSS,,brreg,https://data.brreg.no/enhetsregisteret/oppslag/enheter/918688781,ungdomslag,2026-04-28
MOSS SCHAKKLUBS UNGDOM,997715667,MOSS,Østfold,Rebækkas gate 27,1534,MOSS,,brreg,https://data.brreg.no/enhetsregisteret/oppslag/enheter/997715667,"ungdomslag,bygdelag",2026-04-28
REHMANI UNGDOM,933513335,MOSS,Østfold,Vogts gate 7,1532,MOSS,,brreg,https://data.brreg.no/enhetsregisteret/oppslag/enheter/933513335,"ungdomslag,bygdelag",2026-04-28
RYGGE KIRKES BARNE- OG UNGDOMSKOR,925172138,MOSS,Østfold,"Rygge kirkekontor, Carlbergveien 6B",1526,MOSS,,brreg,https://data.brreg.no/enhetsregisteret/oppslag/enheter/925172138,ungdomslag,2026-04-28
STIFTELSEN MOSS BARNE- OG UNGDOMSISHALL,926278673,MOSS,Østfold,Øreveien 39,1523,MOSS,,brreg,https://data.brreg.no/enhetsregisteret/oppslag/enheter/926278673,ungdomslag,2026-04-28
ULL & OMTANKE LARKOLLEN,915247857,MOSS,Østfold,"c/o Gunn Irene Rusten, Jegerstien 4A",1560,LARKOLLEN,,brreg,https://data.brreg.no/enhetsregisteret/oppslag/enheter/915247857,ungdomslag,2026-04-28
VANNSPORTFESTIVALENS BARNE - OG UNGDOMSUKE,931095250,MOSS,Østfold,Dronningens gate 19,1530,MOSS,,brreg,https://data.brreg.no/enhetsregisteret/oppslag/enheter/931095250,ungdomslag,2026-04-28
DEGERNES BYGDEKVINNELAG,919943572,RAKKESTAD,Østfold,"c/o Bjørg Helene Solhaug, Kilebuveien 114",1892,DEGERNES,,brreg,https://data.brreg.no/enhetsregisteret/oppslag/enheter/919943572,bygdelag,2026-04-28
LINNESTRAND GREND- OG BEDEHUS,822229042,RAKKESTAD,Østfold,"c/o Bernard Per Erik Kilde, Sandbekkveien 824",1892,DEGERNES,,brreg,https://data.brreg.no/enhetsregisteret/oppslag/enheter/822229042,grendelag,2026-04-28
RAKKERUNGENE BARNE- OG UNGDOMSTEATER,913382501,RAKKESTAD,Østfold,"c/o Knut Damm Lyngstad, Nøtteholveien 76",1894,RAKKESTAD,,brreg,https://data.brreg.no/enhetsregisteret/oppslag/enheter/913382501,ungdomslag,2026-04-28
RAKKESTAD OG DEGERNES BYGDEKVINNELAG,988679674,RAKKESTAD,Østfold,"c/o Borghild Grav Strekerud, Nøtteholveien 126",1894,RAKKESTAD,,brreg,https://data.brreg.no/enhetsregisteret/oppslag/enheter/988679674,bygdelag,2026-04-28
RÅDE BYGDEKVINNELAG,980032485,RÅDE,Østfold,Skråtorpveien 2C,1640,RÅDE,,brreg,https://data.brreg.no/enhetsregisteret/oppslag/enheter/980032485,bygdelag,2026-04-28
SALTNES GRENDELAG,971253924,RÅDE,Østfold,Saltnesveien 274,1642,SALTNES,https://www.saltnesgrendelag.no,brreg,https://data.brreg.no/enhetsregisteret/oppslag/enheter/971253924,grendelag,2026-04-28
SKOVBØLET GRENDELAG,924500867,RÅDE,Østfold,"c/o Jan Erik Krogstad, Skovbølet 13",1642,SALTNES,,brreg,https://data.brreg.no/enhetsregisteret/oppslag/enheter/924500867,grendelag,2026-04-28
ULL SPORTSSKYTTERE,884014832,RÅDE,Østfold,Lokes vei 7,1640,RÅDE,https://idrett.speaker.no/Organisation.asp?id=192980,brreg,https://data.brreg.no/enhetsregisteret/oppslag/enheter/884014832,ungdomslag,2026-04-28
UNGDOMSGRUPPA,929128567,RÅDE,Østfold,"c/o Martin Trond Olstad, Slangsvoldveien 103",1640,RÅDE,,brreg,https://data.brreg.no/enhetsregisteret/oppslag/enheter/929128567,ungdomslag,2026-04-28
BONDEUNGDOMSLAGET I SARPSBORG,979421370,SARPSBORG,Østfold,St. Marie gate 121,1707,SARPSBORG,https://www.bulsarpsborg.no,brreg,https://data.brreg.no/enhetsregisteret/oppslag/enheter/979421370,ungdomslag,2026-04-28
BYDELSMØDRE ØSTRE BYDEL SARPSBORG,935971705,SARPSBORG,Østfold,St. Marie gate 55,1706,SARPSBORG,,brreg,https://data.brreg.no/enhetsregisteret/oppslag/enheter/935971705,bygdelag,2026-04-28
FAU SANDBAKKEN BARNE- OG UNGDOMSSKOLE,996011801,SARPSBORG,Østfold,Skjebergveien 165,1743,KLAVESTADHAUGEN,,brreg,https://data.brreg.no/enhetsregisteret/oppslag/enheter/996011801,ungdomslag,2026-04-28
GREIE KÆLLER,931304100,SARPSBORG,Østfold,"c/o Per Georg Johansen, Skogholtet 15",1715,YVEN,,brreg,https://data.brreg.no/enhetsregisteret/oppslag/enheter/931304100,grendelag,2026-04-28
GUNNARSTORP GRENDEHUS,817109322,SARPSBORG,Østfold,Oldtidsveien 391,1747,SKJEBERG,,brreg,https://data.brreg.no/enhetsregisteret/oppslag/enheter/817109322,grendelag,2026-04-28
INGEDAL GRENDEHUS,996062562,SARPSBORG,Østfold,"co Lorentz Grimsøen, Grimsetveien 26",1747,SKJEBERG,,brreg,https://data.brreg.no/enhetsregisteret/oppslag/enheter/996062562,grendelag,2026-04-28
"INGEDAL, ULLERØY OG SKJEBERG KIRKES BARNEKOR",927475332,SARPSBORG,Østfold,Prestegårdsbakken 15,1746,SKJEBERG,,brreg,https://data.brreg.no/enhetsregisteret/oppslag/enheter/927475332,ungdomslag,2026-04-28
MELLEBY GRENDEHUS,925406287,SARPSBORG,Østfold,Mellebyveien 129,1719,GREÅKER,,brreg,https://data.brreg.no/enhetsregisteret/oppslag/enheter/925406287,grendelag,2026-04-28
NEDRE GLOMMA UNGDOMSKORPS,930131806,SARPSBORG,Østfold,"c/o Jon Arne Häll, Hesteskoen 10",1709,SARPSBORG,,brreg,https://data.brreg.no/enhetsregisteret/oppslag/enheter/930131806,ungdomslag,2026-04-28
PINSEMENIGHETEN SALEN ULLERØY,975476987,SARPSBORG,Østfold,Skavhaugen 61A,1747,SKJEBERG,,brreg,https://data.brreg.no/enhetsregisteret/oppslag/enheter/975476987,ungdomslag,2026-04-28
SARPSBORG UNGDOMSORKESTER,912069591,SARPSBORG,Østfold,Harebakkveien 18,1727,SARPSBORG,,brreg,https://data.brreg.no/enhetsregisteret/oppslag/enheter/912069591,ungdomslag,2026-04-28
SKJEBERG BYGDEKVINNELAG,916545983,SARPSBORG,Østfold,Oldtidsveien 13,1747,SKJEBERG,,brreg,https://data.brreg.no/enhetsregisteret/oppslag/enheter/916545983,bygdelag,2026-04-28
SKJEBERG UNGDOMSKOR,927501422,SARPSBORG,Østfold,Prestegårdsbakken 15,1746,SKJEBERG,,brreg,https://data.brreg.no/enhetsregisteret/oppslag/enheter/927501422,ungdomslag,2026-04-28
ULLERØY IDRETTSLAG,974218364,SARPSBORG,Østfold,"Skaumyra, Røaveien 295",1747,SKJEBERG,https://www.ulleroyil.no,brreg,https://data.brreg.no/enhetsregisteret/oppslag/enheter/974218364,ungdomslag,2026-04-28
ULLERØY NORMISJON,883535472,SARPSBORG,Østfold,Ullersøy,1747,SKJEBERG,,brreg,https://data.brreg.no/enhetsregisteret/oppslag/enheter/883535472,ungdomslag,2026-04-28
ULLERØY SANITETSFORENING,993640719,SARPSBORG,Østfold,"c/o Gro Øie Holmestrand Viken, Holmestrand 8",1747,SKJEBERG,,brreg,https://data.brreg.no/enhetsregisteret/oppslag/enheter/993640719,ungdomslag,2026-04-28
UNGDOM I MENINGSFYLT ARBEID,928913066,SARPSBORG,Østfold,"c/o John Anders Neergaard, Furuholmveien 301",1735,VARTEIG,,brreg,https://data.brreg.no/enhetsregisteret/oppslag/enheter/928913066,"ungdomslag,bygdelag",2026-04-28
VARTEIG BYGDEKVINNELAG,913570294,SARPSBORG,Østfold,Klemsdalveien 20,1730,ISE,,brreg,https://data.brreg.no/enhetsregisteret/oppslag/enheter/913570294,bygdelag,2026-04-28
VILLEKULLA BARNE- OG UNGDOMSTEATER,924321512,SARPSBORG,Østfold,"c/o Malin Therese S. Halvorsen, Skolegata 51",1724,SARPSBORG,https://www.villekullabarneteater.no,brreg,https://data.brreg.no/enhetsregisteret/oppslag/enheter/924321512,ungdomslag,2026-04-28
SVINNDAL BYGDEKVINNELAG,996835561,VÅLER,Østfold,Svinndalveien 64,1593,SVINNDAL,,brreg,https://data.brreg.no/enhetsregisteret/oppslag/enheter/996835561,bygdelag,2026-04-28
